Workbook

Sheet 總覽
B1: 商品半成品與調理設備應用盤點｜總覽目錄
B3: 盤點基本資訊（黃底請填寫） | E3: 本廠總體統計（自動計算）
B4: 盤點工廠 | E4: 生產總品項數 | F4: =SUM(MAX('18℃'!$AA$5:$AA$319),MAX('4℃飯'!$AA$5:$AA$319),MAX('4℃麵'!$AA$5:$AA$310),MAX('4℃其他'!$AA$5:$AA$322),MAX(冷凍品!$AA$5:$AA$322)) -> 100
B5: 盤點日期 | E5: 半成品總筆數 | F5: =COUNTA('18℃'!$E$5:$E$319)+COUNTA('4℃飯'!$E$5:$E$319)+COUNTA('4℃麵'!$E$5:$E$310)+COUNTA('4℃其他'!$E$5:$E$322)+COUNTA(冷凍品!$E$5:$E$322) -> 535
B6: 盤點負責人 | E6: 資料缺漏/矛盾筆數 | F6: =COUNTIF('18℃'!$V$5:$V$319,"⚠*")+COUNTIF('4℃飯'!$V$5:$V$319,"⚠*")+COUNTIF('4℃麵'!$V$5:$V$310,"⚠*")+COUNTIF('4℃其他'!$V$5:$V$322,"⚠*")+COUNTIF(冷凍品!$V$5:$V$322,"⚠*") -> 0
E7: 單一設備依賴筆數 | F7: =COUNTIF('18℃'!$V$5:$V$319,"▲ 單一設備依賴")+COUNTIF('4℃飯'!$V$5:$V$319,"▲ 單一設備依賴")+COUNTIF('4℃麵'!$V$5:$V$310,"▲ 單一設備依賴")+COUNTIF('4℃其他'!$V$5:$V$322,"▲ 單一設備依賴")+COUNTIF(冷凍品!$V$5:$V$322,"▲ 單一設備依賴") -> 292
E8: 免調理半成品筆數 | F8: =COUNTIF('18℃'!$V$5:$V$319,"○ 免調理")+COUNTIF('4℃飯'!$V$5:$V$319,"○ 免調理")+COUNTIF('4℃麵'!$V$5:$V$310,"○ 免調理")+COUNTIF('4℃其他'!$V$5:$V$322,"○ 免調理")+COUNTIF(冷凍品!$V$5:$V$322,"○ 免調理") -> 171
B10: 商品分類分布
B11: 分類 | C11: 品項數 | D11: 品項佔比 | E11: 半成品筆數 | F11: 半成品佔比
B12: 18℃ | C12: =MAX('18℃'!$AA$5:$AA$319) -> 38 | D12: =IF($F$4=0,0,C12/$F$4) -> 0.38 | E12: =COUNTA('18℃'!$E$5:$E$319) -> 165 | F12: =IF($F$5=0,0,E12/$F$5) -> 0.30841121
B13: 4℃飯 | C13: =MAX('4℃飯'!$AA$5:$AA$319) -> 40 | D13: =IF($F$4=0,0,C13/$F$4) -> 0.4 | E13: =COUNTA('4℃飯'!$E$5:$E$319) -> 254 | F13: =IF($F$5=0,0,E13/$F$5) -> 0.47476636
B14: 4℃麵 | C14: =MAX('4℃麵'!$AA$5:$AA$310) -> 14 | D14: =IF($F$4=0,0,C14/$F$4) -> 0.14 | E14: =COUNTA('4℃麵'!$E$5:$E$310) -> 74 | F14: =IF($F$5=0,0,E14/$F$5) -> 0.13831776
B15: 4℃其他 | C15: =MAX('4℃其他'!$AA$5:$AA$322) -> 8 | D15: =IF($F$4=0,0,C15/$F$4) -> 0.08 | E15: =COUNTA('4℃其他'!$E$5:$E$322) -> 42 | F15: =IF($F$5=0,0,E15/$F$5) -> 0.078504673
B16: 冷凍品 | C16: =MAX(冷凍品!$AA$5:$AA$322) -> 0 | D16: =IF($F$4=0,0,C16/$F$4) -> 0 | E16: =COUNTA(冷凍品!$E$5:$E$322) -> 0 | F16: =IF($F$5=0,0,E16/$F$5) -> 0
B17: 合計 | C17: =SUM(C12:C16) -> 100 | E17: =SUM(E12:E16) -> 535
B19: 商品目錄（自動列出各分頁不重複品項，勿手動修改）
B20: 18℃ | C20: 4℃飯 | D20: 4℃麵 | E20: 4℃其他 | F20: 冷凍品
B21: ="品項數："&MAX('18℃'!$AA$5:$AA$319) -> 品項數：38 | C21: ="品項數："&MAX('4℃飯'!$AA$5:$AA$319) -> 品項數：40 | D21: ="品項數："&MAX('4℃麵'!$AA$5:$AA$310) -> 品項數：14 | E21: ="品項數："&MAX('4℃其他'!$AA$5:$AA$322) -> 品項數：8 | F21: ="品項數："&MAX(冷凍品!$AA$5:$AA$322) -> 品項數：0
B22: =IF(1>MAX('18℃'!$AA$5:$AA$319),"",HYPERLINK("#'18℃'!D"&(MATCH(1,'18℃'!$AA$5:$AA$319,0)+4),INDEX('18℃'!$D$5:$D$319,MATCH(1,'18℃'!$AA$5:$AA$319,0)))) -> 柚檸海灣貝飯糰 | C22: =IF(1>MAX('4℃飯'!$AA$5:$AA$319),"",HYPERLINK("#'4℃飯'!D"&(MATCH(1,'4℃飯'!$AA$5:$AA$319,0)+4),INDEX('4℃飯'!$D$5:$D$319,MATCH(1,'4℃飯'!$AA$5:$AA$319,0)))) -> 日式鮭魚茶泡烤飯 | D22: =IF(1>MAX('4℃麵'!$AA$5:$AA$310),"",HYPERLINK("#'4℃麵'!D"&(MATCH(1,'4℃麵'!$AA$5:$AA$310,0)+4),INDEX('4℃麵'!$D$5:$D$310,MATCH(1,'4℃麵'!$AA$5:$AA$310,0)))) -> 和風涓絲冷麵 | E22: =IF(1>MAX('4℃其他'!$AA$5:$AA$322),"",HYPERLINK("#'4℃其他'!D"&(MATCH(1,'4℃其他'!$AA$5:$AA$322,0)+4),INDEX('4℃其他'!$D$5:$D$322,MATCH(1,'4℃其他'!$AA$5:$AA$322,0)))) -> 越式牛肉寬粉 | F22: =IF(1>MAX('冷凍品'!$AA$5:$AA$322),"",HYPERLINK("#'冷凍品'!D"&(MATCH(1,'冷凍品'!$AA$5:$AA$322,0)+4),INDEX('冷凍品'!$D$5:$D$322,MATCH(1,'冷凍品'!$AA$5:$AA$322,0))))
B23: =IF(2>MAX('18℃'!$AA$5:$AA$319),"",HYPERLINK("#'18℃'!D"&(MATCH(2,'18℃'!$AA$5:$AA$319,0)+4),INDEX('18℃'!$D$5:$D$319,MATCH(2,'18℃'!$AA$5:$AA$319,0)))) -> 筋子銀鮭飯糰 | C23: =IF(2>MAX('4℃飯'!$AA$5:$AA$319),"",HYPERLINK("#'4℃飯'!D"&(MATCH(2,'4℃飯'!$AA$5:$AA$319,0)+4),INDEX('4℃飯'!$D$5:$D$319,MATCH(2,'4℃飯'!$AA$5:$AA$319,0)))) -> 糖燻野郎三十天熟成牛飯(115年) | D23: =IF(2>MAX('4℃麵'!$AA$5:$AA$310),"",HYPERLINK("#'4℃麵'!D"&(MATCH(2,'4℃麵'!$AA$5:$AA$310,0)+4),INDEX('4℃麵'!$D$5:$D$310,MATCH(2,'4℃麵'!$AA$5:$AA$310,0)))) -> 嘉義崇文白醋涼麵 | E23: =IF(2>MAX('4℃其他'!$AA$5:$AA$322),"",HYPERLINK("#'4℃其他'!D"&(MATCH(2,'4℃其他'!$AA$5:$AA$322,0)+4),INDEX('4℃其他'!$D$5:$D$322,MATCH(2,'4℃其他'!$AA$5:$AA$322,0)))) -> 三合一味噌湯 | F23: =IF(2>MAX('冷凍品'!$AA$5:$AA$322),"",HYPERLINK("#'冷凍品'!D"&(MATCH(2,'冷凍品'!$AA$5:$AA$322,0)+4),INDEX('冷凍品'!$D$5:$D$322,MATCH(2,'冷凍品'!$AA$5:$AA$322,0))))
B24: =IF(3>MAX('18℃'!$AA$5:$AA$319),"",HYPERLINK("#'18℃'!D"&(MATCH(3,'18℃'!$AA$5:$AA$319,0)+4),INDEX('18℃'!$D$5:$D$319,MATCH(3,'18℃'!$AA$5:$AA$319,0)))) -> 鮭魚奶油醬油飯糰 | C24: =IF(3>MAX('4℃飯'!$AA$5:$AA$319),"",HYPERLINK("#'4℃飯'!D"&(MATCH(3,'4℃飯'!$AA$5:$AA$319,0)+4),INDEX('4℃飯'!$D$5:$D$319,MATCH(3,'4℃飯'!$AA$5:$AA$319,0)))) -> 健身G肉餐盒 | D24: =IF(3>MAX('4℃麵'!$AA$5:$AA$310),"",HYPERLINK("#'4℃麵'!D"&(MATCH(3,'4℃麵'!$AA$5:$AA$310,0)+4),INDEX('4℃麵'!$D$5:$D$310,MATCH(3,'4℃麵'!$AA$5:$AA$310,0)))) -> 大滿足香辣涼麵(115年) | E24: =IF(3>MAX('4℃其他'!$AA$5:$AA$322),"",HYPERLINK("#'4℃其他'!D"&(MATCH(3,'4℃其他'!$AA$5:$AA$322,0)+4),INDEX('4℃其他'!$D$5:$D$322,MATCH(3,'4℃其他'!$AA$5:$AA$322,0)))) -> 馬鈴薯玉米濃湯 | F24: =IF(3>MAX('冷凍品'!$AA$5:$AA$322),"",HYPERLINK("#'冷凍品'!D"&(MATCH(3,'冷凍品'!$AA$5:$AA$322,0)+4),INDEX('冷凍品'!$D$5:$D$322,MATCH(3,'冷凍品'!$AA$5:$AA$322,0))))
B25: =IF(4>MAX('18℃'!$AA$5:$AA$319),"",HYPERLINK("#'18℃'!D"&(MATCH(4,'18℃'!$AA$5:$AA$319,0)+4),INDEX('18℃'!$D$5:$D$319,MATCH(4,'18℃'!$AA$5:$AA$319,0)))) -> 黑胡椒洋蔥豬飯糰 | C25: =IF(4>MAX('4℃飯'!$AA$5:$AA$319),"",HYPERLINK("#'4℃飯'!D"&(MATCH(4,'4℃飯'!$AA$5:$AA$319,0)+4),INDEX('4℃飯'!$D$5:$D$319,MATCH(4,'4℃飯'!$AA$5:$AA$319,0)))) -> 地中海布格麥烤魚餐盒 | D25: =IF(4>MAX('4℃麵'!$AA$5:$AA$310),"",HYPERLINK("#'4℃麵'!D"&(MATCH(4,'4℃麵'!$AA$5:$AA$310,0)+4),INDEX('4℃麵'!$D$5:$D$310,MATCH(4,'4℃麵'!$AA$5:$AA$310,0)))) -> 大滿足香辣涼麵(區) | E25: =IF(4>MAX('4℃其他'!$AA$5:$AA$322),"",HYPERLINK("#'4℃其他'!D"&(MATCH(4,'4℃其他'!$AA$5:$AA$322,0)+4),INDEX('4℃其他'!$D$5:$D$322,MATCH(4,'4℃其他'!$AA$5:$AA$322,0)))) -> 蒸蛋湯 | F25: =IF(4>MAX('冷凍品'!$AA$5:$AA$322),"",HYPERLINK("#'冷凍品'!D"&(MATCH(4,'冷凍品'!$AA$5:$AA$322,0)+4),INDEX('冷凍品'!$D$5:$D$322,MATCH(4,'冷凍品'!$AA$5:$AA$322,0))))
B26: =IF(5>MAX('18℃'!$AA$5:$AA$319),"",HYPERLINK("#'18℃'!D"&(MATCH(5,'18℃'!$AA$5:$AA$319,0)+4),INDEX('18℃'!$D$5:$D$319,MATCH(5,'18℃'!$AA$5:$AA$319,0)))) -> 三杯醬爆菇菇飯糰 | C26: =IF(5>MAX('4℃飯'!$AA$5:$AA$319),"",HYPERLINK("#'4℃飯'!D"&(MATCH(5,'4℃飯'!$AA$5:$AA$319,0)+4),INDEX('4℃飯'!$D$5:$D$319,MATCH(5,'4℃飯'!$AA$5:$AA$319,0)))) -> 嫩烤香料雞胸排蔬滿盒 | D26: =IF(5>MAX('4℃麵'!$AA$5:$AA$310),"",HYPERLINK("#'4℃麵'!D"&(MATCH(5,'4℃麵'!$AA$5:$AA$310,0)+4),INDEX('4℃麵'!$D$5:$D$310,MATCH(5,'4℃麵'!$AA$5:$AA$310,0)))) -> 大滿足麻醬涼麵(115年) | E26: =IF(5>MAX('4℃其他'!$AA$5:$AA$322),"",HYPERLINK("#'4℃其他'!D"&(MATCH(5,'4℃其他'!$AA$5:$AA$322,0)+4),INDEX('4℃其他'!$D$5:$D$322,MATCH(5,'4℃其他'!$AA$5:$AA$322,0)))) -> 香蕉卡士達泡芙 | F26: =IF(5>MAX('冷凍品'!$AA$5:$AA$322),"",HYPERLINK("#'冷凍品'!D"&(MATCH(5,'冷凍品'!$AA$5:$AA$322,0)+4),INDEX('冷凍品'!$D$5:$D$322,MATCH(5,'冷凍品'!$AA$5:$AA$322,0))))
B27: =IF(6>MAX('18℃'!$AA$5:$AA$319),"",HYPERLINK("#'18℃'!D"&(MATCH(6,'18℃'!$AA$5:$AA$319,0)+4),INDEX('18℃'!$D$5:$D$319,MATCH(6,'18℃'!$AA$5:$AA$319,0)))) -> 大飯糰乾燒風味鮮蝦 | C27: =IF(6>MAX('4℃飯'!$AA$5:$AA$319),"",HYPERLINK("#'4℃飯'!D"&(MATCH(6,'4℃飯'!$AA$5:$AA$319,0)+4),INDEX('4℃飯'!$D$5:$D$319,MATCH(6,'4℃飯'!$AA$5:$AA$319,0)))) -> 懷舊滷雙拼便當 | D27: =IF(6>MAX('4℃麵'!$AA$5:$AA$310),"",HYPERLINK("#'4℃麵'!D"&(MATCH(6,'4℃麵'!$AA$5:$AA$310,0)+4),INDEX('4℃麵'!$D$5:$D$310,MATCH(6,'4℃麵'!$AA$5:$AA$310,0)))) -> 大滿足麻醬涼麵(區) | E27: =IF(6>MAX('4℃其他'!$AA$5:$AA$322),"",HYPERLINK("#'4℃其他'!D"&(MATCH(6,'4℃其他'!$AA$5:$AA$322,0)+4),INDEX('4℃其他'!$D$5:$D$322,MATCH(6,'4℃其他'!$AA$5:$AA$322,0)))) -> 和風豆乳鍋 | F27: =IF(6>MAX('冷凍品'!$AA$5:$AA$322),"",HYPERLINK("#'冷凍品'!D"&(MATCH(6,'冷凍品'!$AA$5:$AA$322,0)+4),INDEX('冷凍品'!$D$5:$D$322,MATCH(6,'冷凍品'!$AA$5:$AA$322,0))))
B28: =IF(7>MAX('18℃'!$AA$5:$AA$319),"",HYPERLINK("#'18℃'!D"&(MATCH(7,'18℃'!$AA$5:$AA$319,0)+4),INDEX('18℃'!$D$5:$D$319,MATCH(7,'18℃'!$AA$5:$AA$319,0)))) -> 大飯糰泡菜鮪魚 | C28: =IF(7>MAX('4℃飯'!$AA$5:$AA$319),"",HYPERLINK("#'4℃飯'!D"&(MATCH(7,'4℃飯'!$AA$5:$AA$319,0)+4),INDEX('4℃飯'!$D$5:$D$319,MATCH(7,'4℃飯'!$AA$5:$AA$319,0)))) -> 海陸雙拼肉肉餐盒 | D28: =IF(7>MAX('4℃麵'!$AA$5:$AA$310),"",HYPERLINK("#'4℃麵'!D"&(MATCH(7,'4℃麵'!$AA$5:$AA$310,0)+4),INDEX('4℃麵'!$D$5:$D$310,MATCH(7,'4℃麵'!$AA$5:$AA$310,0)))) -> 招牌雞絲胡麻涼麵 | E28: =IF(7>MAX('4℃其他'!$AA$5:$AA$322),"",HYPERLINK("#'4℃其他'!D"&(MATCH(7,'4℃其他'!$AA$5:$AA$322,0)+4),INDEX('4℃其他'!$D$5:$D$322,MATCH(7,'4℃其他'!$AA$5:$AA$322,0)))) -> 韓式部隊鍋 | F28: =IF(7>MAX('冷凍品'!$AA$5:$AA$322),"",HYPERLINK("#'冷凍品'!D"&(MATCH(7,'冷凍品'!$AA$5:$AA$322,0)+4),INDEX('冷凍品'!$D$5:$D$322,MATCH(7,'冷凍品'!$AA$5:$AA$322,0))))
B29: =IF(8>MAX('18℃'!$AA$5:$AA$319),"",HYPERLINK("#'18℃'!D"&(MATCH(8,'18℃'!$AA$5:$AA$319,0)+4),INDEX('18℃'!$D$5:$D$319,MATCH(8,'18℃'!$AA$5:$AA$319,0)))) -> 大飯糰韓式蒜烤豬五花 | C29: =IF(8>MAX('4℃飯'!$AA$5:$AA$319),"",HYPERLINK("#'4℃飯'!D"&(MATCH(8,'4℃飯'!$AA$5:$AA$319,0)+4),INDEX('4℃飯'!$D$5:$D$319,MATCH(8,'4℃飯'!$AA$5:$AA$319,0)))) -> 烤蛋白餐盒 | D29: =IF(8>MAX('4℃麵'!$AA$5:$AA$310),"",HYPERLINK("#'4℃麵'!D"&(MATCH(8,'4℃麵'!$AA$5:$AA$310,0)+4),INDEX('4℃麵'!$D$5:$D$310,MATCH(8,'4℃麵'!$AA$5:$AA$310,0)))) -> 日式胡麻雞絲冷麵 | E29: =IF(8>MAX('4℃其他'!$AA$5:$AA$322),"",HYPERLINK("#'4℃其他'!D"&(MATCH(8,'4℃其他'!$AA$5:$AA$322,0)+4),INDEX('4℃其他'!$D$5:$D$322,MATCH(8,'4℃其他'!$AA$5:$AA$322,0)))) -> 莓莓乳酪慕斯蛋糕 | F29: =IF(8>MAX('冷凍品'!$AA$5:$AA$322),"",HYPERLINK("#'冷凍品'!D"&(MATCH(8,'冷凍品'!$AA$5:$AA$322,0)+4),INDEX('冷凍品'!$D$5:$D$322,MATCH(8,'冷凍品'!$AA$5:$AA$322,0))))
B30: =IF(9>MAX('18℃'!$AA$5:$AA$319),"",HYPERLINK("#'18℃'!D"&(MATCH(9,'18℃'!$AA$5:$AA$319,0)+4),INDEX('18℃'!$D$5:$D$319,MATCH(9,'18℃'!$AA$5:$AA$319,0)))) -> 芝麻香鬆飯糰 | C30: =IF(9>MAX('4℃飯'!$AA$5:$AA$319),"",HYPERLINK("#'4℃飯'!D"&(MATCH(9,'4℃飯'!$AA$5:$AA$319,0)+4),INDEX('4℃飯'!$D$5:$D$319,MATCH(9,'4℃飯'!$AA$5:$AA$319,0)))) -> 蔬活腿排補力餐盒 | D30: =IF(9>MAX('4℃麵'!$AA$5:$AA$310),"",HYPERLINK("#'4℃麵'!D"&(MATCH(9,'4℃麵'!$AA$5:$AA$310,0)+4),INDEX('4℃麵'!$D$5:$D$310,MATCH(9,'4℃麵'!$AA$5:$AA$310,0)))) -> 日式蕎麥沾麵 | E30: =IF(9>MAX('4℃其他'!$AA$5:$AA$322),"",HYPERLINK("#'4℃其他'!D"&(MATCH(9,'4℃其他'!$AA$5:$AA$322,0)+4),INDEX('4℃其他'!$D$5:$D$322,MATCH(9,'4℃其他'!$AA$5:$AA$322,0)))) | F30: =IF(9>MAX('冷凍品'!$AA$5:$AA$322),"",HYPERLINK("#'冷凍品'!D"&(MATCH(9,'冷凍品'!$AA$5:$AA$322,0)+4),INDEX('冷凍品'!$D$5:$D$322,MATCH(9,'冷凍品'!$AA$5:$AA$322,0))))
B31: =IF(10>MAX('18℃'!$AA$5:$AA$319),"",HYPERLINK("#'18℃'!D"&(MATCH(10,'18℃'!$AA$5:$AA$319,0)+4),INDEX('18℃'!$D$5:$D$319,MATCH(10,'18℃'!$AA$5:$AA$319,0)))) -> 北海道秋鮭親子飯糰 | C31: =IF(10>MAX('4℃飯'!$AA$5:$AA$319),"",HYPERLINK("#'4℃飯'!D"&(MATCH(10,'4℃飯'!$AA$5:$AA$319,0)+4),INDEX('4℃飯'!$D$5:$D$319,MATCH(10,'4℃飯'!$AA$5:$AA$319,0)))) -> 香檸奶油魚排蔬滿盒 | D31: =IF(10>MAX('4℃麵'!$AA$5:$AA$310),"",HYPERLINK("#'4℃麵'!D"&(MATCH(10,'4℃麵'!$AA$5:$AA$310,0)+4),INDEX('4℃麵'!$D$5:$D$310,MATCH(10,'4℃麵'!$AA$5:$AA$310,0)))) -> 月見烏龍冷麵 | E31: =IF(10>MAX('4℃其他'!$AA$5:$AA$322),"",HYPERLINK("#'4℃其他'!D"&(MATCH(10,'4℃其他'!$AA$5:$AA$322,0)+4),INDEX('4℃其他'!$D$5:$D$322,MATCH(10,'4℃其他'!$AA$5:$AA$322,0)))) | F31: =IF(10>MAX('冷凍品'!$AA$5:$AA$322),"",HYPERLINK("#'冷凍品'!D"&(MATCH(10,'冷凍品'!$AA$5:$AA$322,0)+4),INDEX('冷凍品'!$D$5:$D$322,MATCH(10,'冷凍品'!$AA$5:$AA$322,0))))
B32: =IF(11>MAX('18℃'!$AA$5:$AA$319),"",HYPERLINK("#'18℃'!D"&(MATCH(11,'18℃'!$AA$5:$AA$319,0)+4),INDEX('18℃'!$D$5:$D$319,MATCH(11,'18℃'!$AA$5:$AA$319,0)))) -> 壹號醬炙烤牛飯糰 | C32: =IF(11>MAX('4℃飯'!$AA$5:$AA$319),"",HYPERLINK("#'4℃飯'!D"&(MATCH(11,'4℃飯'!$AA$5:$AA$319,0)+4),INDEX('4℃飯'!$D$5:$D$319,MATCH(11,'4℃飯'!$AA$5:$AA$319,0)))) -> 香腸腿排雙拼便當 | D32: =IF(11>MAX('4℃麵'!$AA$5:$AA$310),"",HYPERLINK("#'4℃麵'!D"&(MATCH(11,'4℃麵'!$AA$5:$AA$310,0)+4),INDEX('4℃麵'!$D$5:$D$310,MATCH(11,'4℃麵'!$AA$5:$AA$310,0)))) -> 韓式泡菜冷麵 | E32: =IF(11>MAX('4℃其他'!$AA$5:$AA$322),"",HYPERLINK("#'4℃其他'!D"&(MATCH(11,'4℃其他'!$AA$5:$AA$322,0)+4),INDEX('4℃其他'!$D$5:$D$322,MATCH(11,'4℃其他'!$AA$5:$AA$322,0)))) | F32: =IF(11>MAX('冷凍品'!$AA$5:$AA$322),"",HYPERLINK("#'冷凍品'!D"&(MATCH(11,'冷凍品'!$AA$5:$AA$322,0)+4),INDEX('冷凍品'!$D$5:$D$322,MATCH(11,'冷凍品'!$AA$5:$AA$322,0))))
B33: =IF(12>MAX('18℃'!$AA$5:$AA$319),"",HYPERLINK("#'18℃'!D"&(MATCH(12,'18℃'!$AA$5:$AA$319,0)+4),INDEX('18℃'!$D$5:$D$319,MATCH(12,'18℃'!$AA$5:$AA$319,0)))) -> 明太子龍蝦風味沙拉飯糰 | C33: =IF(12>MAX('4℃飯'!$AA$5:$AA$319),"",HYPERLINK("#'4℃飯'!D"&(MATCH(12,'4℃飯'!$AA$5:$AA$319,0)+4),INDEX('4℃飯'!$D$5:$D$319,MATCH(12,'4℃飯'!$AA$5:$AA$319,0)))) -> 哞哞培根奶香海陸焗飯 | D33: =IF(12>MAX('4℃麵'!$AA$5:$AA$310),"",HYPERLINK("#'4℃麵'!D"&(MATCH(12,'4℃麵'!$AA$5:$AA$310,0)+4),INDEX('4℃麵'!$D$5:$D$310,MATCH(12,'4℃麵'!$AA$5:$AA$310,0)))) -> 麻油菇菇拌麵 | E33: =IF(12>MAX('4℃其他'!$AA$5:$AA$322),"",HYPERLINK("#'4℃其他'!D"&(MATCH(12,'4℃其他'!$AA$5:$AA$322,0)+4),INDEX('4℃其他'!$D$5:$D$322,MATCH(12,'4℃其他'!$AA$5:$AA$322,0)))) | F33: =IF(12>MAX('冷凍品'!$AA$5:$AA$322),"",HYPERLINK("#'冷凍品'!D"&(MATCH(12,'冷凍品'!$AA$5:$AA$322,0)+4),INDEX('冷凍品'!$D$5:$D$322,MATCH(12,'冷凍品'!$AA$5:$AA$322,0))))
B34: =IF(13>MAX('18℃'!$AA$5:$AA$319),"",HYPERLINK("#'18℃'!D"&(MATCH(13,'18℃'!$AA$5:$AA$319,0)+4),INDEX('18℃'!$D$5:$D$319,MATCH(13,'18℃'!$AA$5:$AA$319,0)))) -> 熟成紅鮭飯糰 | C34: =IF(13>MAX('4℃飯'!$AA$5:$AA$319),"",HYPERLINK("#'4℃飯'!D"&(MATCH(13,'4℃飯'!$AA$5:$AA$319,0)+4),INDEX('4℃飯'!$D$5:$D$319,MATCH(13,'4℃飯'!$AA$5:$AA$319,0)))) -> 濃起司燻腸紅醬焗烤飯 | D34: =IF(13>MAX('4℃麵'!$AA$5:$AA$310),"",HYPERLINK("#'4℃麵'!D"&(MATCH(13,'4℃麵'!$AA$5:$AA$310,0)+4),INDEX('4℃麵'!$D$5:$D$310,MATCH(13,'4℃麵'!$AA$5:$AA$310,0)))) -> 松露雞白湯拉麵 | E34: =IF(13>MAX('4℃其他'!$AA$5:$AA$322),"",HYPERLINK("#'4℃其他'!D"&(MATCH(13,'4℃其他'!$AA$5:$AA$322,0)+4),INDEX('4℃其他'!$D$5:$D$322,MATCH(13,'4℃其他'!$AA$5:$AA$322,0)))) | F34: =IF(13>MAX('冷凍品'!$AA$5:$AA$322),"",HYPERLINK("#'冷凍品'!D"&(MATCH(13,'冷凍品'!$AA$5:$AA$322,0)+4),INDEX('冷凍品'!$D$5:$D$322,MATCH(13,'冷凍品'!$AA$5:$AA$322,0))))
B35: =IF(14>MAX('18℃'!$AA$5:$AA$319),"",HYPERLINK("#'18℃'!D"&(MATCH(14,'18℃'!$AA$5:$AA$319,0)+4),INDEX('18℃'!$D$5:$D$319,MATCH(14,'18℃'!$AA$5:$AA$319,0)))) -> 經典肉鬆飯糰 | C35: =IF(14>MAX('4℃飯'!$AA$5:$AA$319),"",HYPERLINK("#'4℃飯'!D"&(MATCH(14,'4℃飯'!$AA$5:$AA$319,0)+4),INDEX('4℃飯'!$D$5:$D$319,MATCH(14,'4℃飯'!$AA$5:$AA$319,0)))) -> 西班牙風味海鮮燉飯 | D35: =IF(14>MAX('4℃麵'!$AA$5:$AA$310),"",HYPERLINK("#'4℃麵'!D"&(MATCH(14,'4℃麵'!$AA$5:$AA$310,0)+4),INDEX('4℃麵'!$D$5:$D$310,MATCH(14,'4℃麵'!$AA$5:$AA$310,0)))) -> 東京豚骨風味拉麵 | E35: =IF(14>MAX('4℃其他'!$AA$5:$AA$322),"",HYPERLINK("#'4℃其他'!D"&(MATCH(14,'4℃其他'!$AA$5:$AA$322,0)+4),INDEX('4℃其他'!$D$5:$D$322,MATCH(14,'4℃其他'!$AA$5:$AA$322,0)))) | F35: =IF(14>MAX('冷凍品'!$AA$5:$AA$322),"",HYPERLINK("#'冷凍品'!D"&(MATCH(14,'冷凍品'!$AA$5:$AA$322,0)+4),INDEX('冷凍品'!$D$5:$D$322,MATCH(14,'冷凍品'!$AA$5:$AA$322,0))))
B36: =IF(15>MAX('18℃'!$AA$5:$AA$319),"",HYPERLINK("#'18℃'!D"&(MATCH(15,'18℃'!$AA$5:$AA$319,0)+4),INDEX('18℃'!$D$5:$D$319,MATCH(15,'18℃'!$AA$5:$AA$319,0)))) -> 蔬食鮪魚飯糰 | C36: =IF(15>MAX('4℃飯'!$AA$5:$AA$319),"",HYPERLINK("#'4℃飯'!D"&(MATCH(15,'4℃飯'!$AA$5:$AA$319,0)+4),INDEX('4℃飯'!$D$5:$D$319,MATCH(15,'4℃飯'!$AA$5:$AA$319,0)))) -> 里肌豬排可可咖哩歐姆蛋飯 | D36: =IF(15>MAX('4℃麵'!$AA$5:$AA$310),"",HYPERLINK("#'4℃麵'!D"&(MATCH(15,'4℃麵'!$AA$5:$AA$310,0)+4),INDEX('4℃麵'!$D$5:$D$310,MATCH(15,'4℃麵'!$AA$5:$AA$310,0)))) | E36: =IF(15>MAX('4℃其他'!$AA$5:$AA$322),"",HYPERLINK("#'4℃其他'!D"&(MATCH(15,'4℃其他'!$AA$5:$AA$322,0)+4),INDEX('4℃其他'!$D$5:$D$322,MATCH(15,'4℃其他'!$AA$5:$AA$322,0)))) | F36: =IF(15>MAX('冷凍品'!$AA$5:$AA$322),"",HYPERLINK("#'冷凍品'!D"&(MATCH(15,'冷凍品'!$AA$5:$AA$322,0)+4),INDEX('冷凍品'!$D$5:$D$322,MATCH(15,'冷凍品'!$AA$5:$AA$322,0))))
B37: =IF(16>MAX('18℃'!$AA$5:$AA$319),"",HYPERLINK("#'18℃'!D"&(MATCH(16,'18℃'!$AA$5:$AA$319,0)+4),INDEX('18℃'!$D$5:$D$319,MATCH(16,'18℃'!$AA$5:$AA$319,0)))) -> 贅沢鮭魚肚飯糰 | C37: =IF(16>MAX('4℃飯'!$AA$5:$AA$319),"",HYPERLINK("#'4℃飯'!D"&(MATCH(16,'4℃飯'!$AA$5:$AA$319,0)+4),INDEX('4℃飯'!$D$5:$D$319,MATCH(16,'4℃飯'!$AA$5:$AA$319,0)))) -> 香料烤魚青醬燉飯 | D37: =IF(16>MAX('4℃麵'!$AA$5:$AA$310),"",HYPERLINK("#'4℃麵'!D"&(MATCH(16,'4℃麵'!$AA$5:$AA$310,0)+4),INDEX('4℃麵'!$D$5:$D$310,MATCH(16,'4℃麵'!$AA$5:$AA$310,0)))) | E37: =IF(16>MAX('4℃其他'!$AA$5:$AA$322),"",HYPERLINK("#'4℃其他'!D"&(MATCH(16,'4℃其他'!$AA$5:$AA$322,0)+4),INDEX('4℃其他'!$D$5:$D$322,MATCH(16,'4℃其他'!$AA$5:$AA$322,0)))) | F37: =IF(16>MAX('冷凍品'!$AA$5:$AA$322),"",HYPERLINK("#'冷凍品'!D"&(MATCH(16,'冷凍品'!$AA$5:$AA$322,0)+4),INDEX('冷凍品'!$D$5:$D$322,MATCH(16,'冷凍品'!$AA$5:$AA$322,0))))
B38: =IF(17>MAX('18℃'!$AA$5:$AA$319),"",HYPERLINK("#'18℃'!D"&(MATCH(17,'18℃'!$AA$5:$AA$319,0)+4),INDEX('18℃'!$D$5:$D$319,MATCH(17,'18℃'!$AA$5:$AA$319,0)))) -> 雞肉飯飯糰 | C38: =IF(17>MAX('4℃飯'!$AA$5:$AA$319),"",HYPERLINK("#'4℃飯'!D"&(MATCH(17,'4℃飯'!$AA$5:$AA$319,0)+4),INDEX('4℃飯'!$D$5:$D$319,MATCH(17,'4℃飯'!$AA$5:$AA$319,0)))) -> 黃金雞排蘑菇白醬歐姆蛋飯 | D38: =IF(17>MAX('4℃麵'!$AA$5:$AA$310),"",HYPERLINK("#'4℃麵'!D"&(MATCH(17,'4℃麵'!$AA$5:$AA$310,0)+4),INDEX('4℃麵'!$D$5:$D$310,MATCH(17,'4℃麵'!$AA$5:$AA$310,0)))) | E38: =IF(17>MAX('4℃其他'!$AA$5:$AA$322),"",HYPERLINK("#'4℃其他'!D"&(MATCH(17,'4℃其他'!$AA$5:$AA$322,0)+4),INDEX('4℃其他'!$D$5:$D$322,MATCH(17,'4℃其他'!$AA$5:$AA$322,0)))) | F38: =IF(17>MAX('冷凍品'!$AA$5:$AA$322),"",HYPERLINK("#'冷凍品'!D"&(MATCH(17,'冷凍品'!$AA$5:$AA$322,0)+4),INDEX('冷凍品'!$D$5:$D$322,MATCH(17,'冷凍品'!$AA$5:$AA$322,0))))
B39: =IF(18>MAX('18℃'!$AA$5:$AA$319),"",HYPERLINK("#'18℃'!D"&(MATCH(18,'18℃'!$AA$5:$AA$319,0)+4),INDEX('18℃'!$D$5:$D$319,MATCH(18,'18℃'!$AA$5:$AA$319,0)))) -> 鮪魚飯糰 | C39: =IF(18>MAX('4℃飯'!$AA$5:$AA$319),"",HYPERLINK("#'4℃飯'!D"&(MATCH(18,'4℃飯'!$AA$5:$AA$319,0)+4),INDEX('4℃飯'!$D$5:$D$319,MATCH(18,'4℃飯'!$AA$5:$AA$319,0)))) -> 益活雞胸補力餐盒 | D39: =IF(18>MAX('4℃麵'!$AA$5:$AA$310),"",HYPERLINK("#'4℃麵'!D"&(MATCH(18,'4℃麵'!$AA$5:$AA$310,0)+4),INDEX('4℃麵'!$D$5:$D$310,MATCH(18,'4℃麵'!$AA$5:$AA$310,0)))) | E39: =IF(18>MAX('4℃其他'!$AA$5:$AA$322),"",HYPERLINK("#'4℃其他'!D"&(MATCH(18,'4℃其他'!$AA$5:$AA$322,0)+4),INDEX('4℃其他'!$D$5:$D$322,MATCH(18,'4℃其他'!$AA$5:$AA$322,0)))) | F39: =IF(18>MAX('冷凍品'!$AA$5:$AA$322),"",HYPERLINK("#'冷凍品'!D"&(MATCH(18,'冷凍品'!$AA$5:$AA$322,0)+4),INDEX('冷凍品'!$D$5:$D$322,MATCH(18,'冷凍品'!$AA$5:$AA$322,0))))
B40: =IF(19>MAX('18℃'!$AA$5:$AA$319),"",HYPERLINK("#'18℃'!D"&(MATCH(19,'18℃'!$AA$5:$AA$319,0)+4),INDEX('18℃'!$D$5:$D$319,MATCH(19,'18℃'!$AA$5:$AA$319,0)))) -> 鹽蔥燒肉飯糰 | C40: =IF(19>MAX('4℃飯'!$AA$5:$AA$319),"",HYPERLINK("#'4℃飯'!D"&(MATCH(19,'4℃飯'!$AA$5:$AA$319,0)+4),INDEX('4℃飯'!$D$5:$D$319,MATCH(19,'4℃飯'!$AA$5:$AA$319,0)))) -> 香烤鱈魚輕蔬餐盒 | D40: =IF(19>MAX('4℃麵'!$AA$5:$AA$310),"",HYPERLINK("#'4℃麵'!D"&(MATCH(19,'4℃麵'!$AA$5:$AA$310,0)+4),INDEX('4℃麵'!$D$5:$D$310,MATCH(19,'4℃麵'!$AA$5:$AA$310,0)))) | E40: =IF(19>MAX('4℃其他'!$AA$5:$AA$322),"",HYPERLINK("#'4℃其他'!D"&(MATCH(19,'4℃其他'!$AA$5:$AA$322,0)+4),INDEX('4℃其他'!$D$5:$D$322,MATCH(19,'4℃其他'!$AA$5:$AA$322,0)))) | F40: =IF(19>MAX('冷凍品'!$AA$5:$AA$322),"",HYPERLINK("#'冷凍品'!D"&(MATCH(19,'冷凍品'!$AA$5:$AA$322,0)+4),INDEX('冷凍品'!$D$5:$D$322,MATCH(19,'冷凍品'!$AA$5:$AA$322,0))))
B41: =IF(20>MAX('18℃'!$AA$5:$AA$319),"",HYPERLINK("#'18℃'!D"&(MATCH(20,'18℃'!$AA$5:$AA$319,0)+4),INDEX('18℃'!$D$5:$D$319,MATCH(20,'18℃'!$AA$5:$AA$319,0)))) -> 鮭魚毛豆炊飯飯糰 | C41: =IF(20>MAX('4℃飯'!$AA$5:$AA$319),"",HYPERLINK("#'4℃飯'!D"&(MATCH(20,'4℃飯'!$AA$5:$AA$319,0)+4),INDEX('4℃飯'!$D$5:$D$319,MATCH(20,'4℃飯'!$AA$5:$AA$319,0)))) -> 香濃明太子嫩雞飯卷 | D41: =IF(20>MAX('4℃麵'!$AA$5:$AA$310),"",HYPERLINK("#'4℃麵'!D"&(MATCH(20,'4℃麵'!$AA$5:$AA$310,0)+4),INDEX('4℃麵'!$D$5:$D$310,MATCH(20,'4℃麵'!$AA$5:$AA$310,0)))) | E41: =IF(20>MAX('4℃其他'!$AA$5:$AA$322),"",HYPERLINK("#'4℃其他'!D"&(MATCH(20,'4℃其他'!$AA$5:$AA$322,0)+4),INDEX('4℃其他'!$D$5:$D$322,MATCH(20,'4℃其他'!$AA$5:$AA$322,0)))) | F41: =IF(20>MAX('冷凍品'!$AA$5:$AA$322),"",HYPERLINK("#'冷凍品'!D"&(MATCH(20,'冷凍品'!$AA$5:$AA$322,0)+4),INDEX('冷凍品'!$D$5:$D$322,MATCH(20,'冷凍品'!$AA$5:$AA$322,0))))
B42: =IF(21>MAX('18℃'!$AA$5:$AA$319),"",HYPERLINK("#'18℃'!D"&(MATCH(21,'18℃'!$AA$5:$AA$319,0)+4),INDEX('18℃'!$D$5:$D$319,MATCH(21,'18℃'!$AA$5:$AA$319,0)))) -> 兩粒飯糰 (鮪魚.焦糖鮭魚) | C42: =IF(21>MAX('4℃飯'!$AA$5:$AA$319),"",HYPERLINK("#'4℃飯'!D"&(MATCH(21,'4℃飯'!$AA$5:$AA$319,0)+4),INDEX('4℃飯'!$D$5:$D$319,MATCH(21,'4℃飯'!$AA$5:$AA$319,0)))) -> 經典傳統飯糰 | D42: =IF(21>MAX('4℃麵'!$AA$5:$AA$310),"",HYPERLINK("#'4℃麵'!D"&(MATCH(21,'4℃麵'!$AA$5:$AA$310,0)+4),INDEX('4℃麵'!$D$5:$D$310,MATCH(21,'4℃麵'!$AA$5:$AA$310,0)))) | E42: =IF(21>MAX('4℃其他'!$AA$5:$AA$322),"",HYPERLINK("#'4℃其他'!D"&(MATCH(21,'4℃其他'!$AA$5:$AA$322,0)+4),INDEX('4℃其他'!$D$5:$D$322,MATCH(21,'4℃其他'!$AA$5:$AA$322,0)))) | F42: =IF(21>MAX('冷凍品'!$AA$5:$AA$322),"",HYPERLINK("#'冷凍品'!D"&(MATCH(21,'冷凍品'!$AA$5:$AA$322,0)+4),INDEX('冷凍品'!$D$5:$D$322,MATCH(21,'冷凍品'!$AA$5:$AA$322,0))))
B43: =IF(22>MAX('18℃'!$AA$5:$AA$319),"",HYPERLINK("#'18℃'!D"&(MATCH(22,'18℃'!$AA$5:$AA$319,0)+4),INDEX('18℃'!$D$5:$D$319,MATCH(22,'18℃'!$AA$5:$AA$319,0)))) -> 柚香雞胸五穀飯糰 | C43: =IF(22>MAX('4℃飯'!$AA$5:$AA$319),"",HYPERLINK("#'4℃飯'!D"&(MATCH(22,'4℃飯'!$AA$5:$AA$319,0)+4),INDEX('4℃飯'!$D$5:$D$319,MATCH(22,'4℃飯'!$AA$5:$AA$319,0)))) -> 里肌肉蛋紫米飯糰 | D43: =IF(22>MAX('4℃麵'!$AA$5:$AA$310),"",HYPERLINK("#'4℃麵'!D"&(MATCH(22,'4℃麵'!$AA$5:$AA$310,0)+4),INDEX('4℃麵'!$D$5:$D$310,MATCH(22,'4℃麵'!$AA$5:$AA$310,0)))) | E43: =IF(22>MAX('4℃其他'!$AA$5:$AA$322),"",HYPERLINK("#'4℃其他'!D"&(MATCH(22,'4℃其他'!$AA$5:$AA$322,0)+4),INDEX('4℃其他'!$D$5:$D$322,MATCH(22,'4℃其他'!$AA$5:$AA$322,0)))) | F43: =IF(22>MAX('冷凍品'!$AA$5:$AA$322),"",HYPERLINK("#'冷凍品'!D"&(MATCH(22,'冷凍品'!$AA$5:$AA$322,0)+4),INDEX('冷凍品'!$D$5:$D$322,MATCH(22,'冷凍品'!$AA$5:$AA$322,0))))
B44: =IF(23>MAX('18℃'!$AA$5:$AA$319),"",HYPERLINK("#'18℃'!D"&(MATCH(23,'18℃'!$AA$5:$AA$319,0)+4),INDEX('18℃'!$D$5:$D$319,MATCH(23,'18℃'!$AA$5:$AA$319,0)))) -> 溏心蛋五目飯糰 | C44: =IF(23>MAX('4℃飯'!$AA$5:$AA$319),"",HYPERLINK("#'4℃飯'!D"&(MATCH(23,'4℃飯'!$AA$5:$AA$319,0)+4),INDEX('4℃飯'!$D$5:$D$319,MATCH(23,'4℃飯'!$AA$5:$AA$319,0)))) -> 蔥花生鮪魚脆卷 | D44: =IF(23>MAX('4℃麵'!$AA$5:$AA$310),"",HYPERLINK("#'4℃麵'!D"&(MATCH(23,'4℃麵'!$AA$5:$AA$310,0)+4),INDEX('4℃麵'!$D$5:$D$310,MATCH(23,'4℃麵'!$AA$5:$AA$310,0)))) | E44: =IF(23>MAX('4℃其他'!$AA$5:$AA$322),"",HYPERLINK("#'4℃其他'!D"&(MATCH(23,'4℃其他'!$AA$5:$AA$322,0)+4),INDEX('4℃其他'!$D$5:$D$322,MATCH(23,'4℃其他'!$AA$5:$AA$322,0)))) | F44: =IF(23>MAX('冷凍品'!$AA$5:$AA$322),"",HYPERLINK("#'冷凍品'!D"&(MATCH(23,'冷凍品'!$AA$5:$AA$322,0)+4),INDEX('冷凍品'!$D$5:$D$322,MATCH(23,'冷凍品'!$AA$5:$AA$322,0))))
B45: =IF(24>MAX('18℃'!$AA$5:$AA$319),"",HYPERLINK("#'18℃'!D"&(MATCH(24,'18℃'!$AA$5:$AA$319,0)+4),INDEX('18℃'!$D$5:$D$319,MATCH(24,'18℃'!$AA$5:$AA$319,0)))) -> 經典人氣雙手卷 | C45: =IF(24>MAX('4℃飯'!$AA$5:$AA$319),"",HYPERLINK("#'4℃飯'!D"&(MATCH(24,'4℃飯'!$AA$5:$AA$319,0)+4),INDEX('4℃飯'!$D$5:$D$319,MATCH(24,'4℃飯'!$AA$5:$AA$319,0)))) -> 醬油生鮭脆卷 | D45: =IF(24>MAX('4℃麵'!$AA$5:$AA$310),"",HYPERLINK("#'4℃麵'!D"&(MATCH(24,'4℃麵'!$AA$5:$AA$310,0)+4),INDEX('4℃麵'!$D$5:$D$310,MATCH(24,'4℃麵'!$AA$5:$AA$310,0)))) | E45: =IF(24>MAX('4℃其他'!$AA$5:$AA$322),"",HYPERLINK("#'4℃其他'!D"&(MATCH(24,'4℃其他'!$AA$5:$AA$322,0)+4),INDEX('4℃其他'!$D$5:$D$322,MATCH(24,'4℃其他'!$AA$5:$AA$322,0)))) | F45: =IF(24>MAX('冷凍品'!$AA$5:$AA$322),"",HYPERLINK("#'冷凍品'!D"&(MATCH(24,'冷凍品'!$AA$5:$AA$322,0)+4),INDEX('冷凍品'!$D$5:$D$322,MATCH(24,'冷凍品'!$AA$5:$AA$322,0))))
B46: =IF(25>MAX('18℃'!$AA$5:$AA$319),"",HYPERLINK("#'18℃'!D"&(MATCH(25,'18℃'!$AA$5:$AA$319,0)+4),INDEX('18℃'!$D$5:$D$319,MATCH(25,'18℃'!$AA$5:$AA$319,0)))) -> 鮭鮪海饌雙手卷 | C46: =IF(25>MAX('4℃飯'!$AA$5:$AA$319),"",HYPERLINK("#'4℃飯'!D"&(MATCH(25,'4℃飯'!$AA$5:$AA$319,0)+4),INDEX('4℃飯'!$D$5:$D$319,MATCH(25,'4℃飯'!$AA$5:$AA$319,0)))) -> 生菜鮮蝦脆卷 | D46: =IF(25>MAX('4℃麵'!$AA$5:$AA$310),"",HYPERLINK("#'4℃麵'!D"&(MATCH(25,'4℃麵'!$AA$5:$AA$310,0)+4),INDEX('4℃麵'!$D$5:$D$310,MATCH(25,'4℃麵'!$AA$5:$AA$310,0)))) | E46: =IF(25>MAX('4℃其他'!$AA$5:$AA$322),"",HYPERLINK("#'4℃其他'!D"&(MATCH(25,'4℃其他'!$AA$5:$AA$322,0)+4),INDEX('4℃其他'!$D$5:$D$322,MATCH(25,'4℃其他'!$AA$5:$AA$322,0)))) | F46: =IF(25>MAX('冷凍品'!$AA$5:$AA$322),"",HYPERLINK("#'冷凍品'!D"&(MATCH(25,'冷凍品'!$AA$5:$AA$322,0)+4),INDEX('冷凍品'!$D$5:$D$322,MATCH(25,'冷凍品'!$AA$5:$AA$322,0))))
B47: =IF(26>MAX('18℃'!$AA$5:$AA$319),"",HYPERLINK("#'18℃'!D"&(MATCH(26,'18℃'!$AA$5:$AA$319,0)+4),INDEX('18℃'!$D$5:$D$319,MATCH(26,'18℃'!$AA$5:$AA$319,0)))) -> 長野稻荷壽司 | C47: =IF(26>MAX('4℃飯'!$AA$5:$AA$319),"",HYPERLINK("#'4℃飯'!D"&(MATCH(26,'4℃飯'!$AA$5:$AA$319,0)+4),INDEX('4℃飯'!$D$5:$D$319,MATCH(26,'4℃飯'!$AA$5:$AA$319,0)))) -> 起司棉被海陸白醬焗烤飯 | D47: =IF(26>MAX('4℃麵'!$AA$5:$AA$310),"",HYPERLINK("#'4℃麵'!D"&(MATCH(26,'4℃麵'!$AA$5:$AA$310,0)+4),INDEX('4℃麵'!$D$5:$D$310,MATCH(26,'4℃麵'!$AA$5:$AA$310,0)))) | E47: =IF(26>MAX('4℃其他'!$AA$5:$AA$322),"",HYPERLINK("#'4℃其他'!D"&(MATCH(26,'4℃其他'!$AA$5:$AA$322,0)+4),INDEX('4℃其他'!$D$5:$D$322,MATCH(26,'4℃其他'!$AA$5:$AA$322,0)))) | F47: =IF(26>MAX('冷凍品'!$AA$5:$AA$322),"",HYPERLINK("#'冷凍品'!D"&(MATCH(26,'冷凍品'!$AA$5:$AA$322,0)+4),INDEX('冷凍品'!$D$5:$D$322,MATCH(26,'冷凍品'!$AA$5:$AA$322,0))))
B48: =IF(27>MAX('18℃'!$AA$5:$AA$319),"",HYPERLINK("#'18℃'!D"&(MATCH(27,'18℃'!$AA$5:$AA$319,0)+4),INDEX('18℃'!$D$5:$D$319,MATCH(27,'18℃'!$AA$5:$AA$319,0)))) -> 青木瓜雞絲泰泰雙手卷 | C48: =IF(27>MAX('4℃飯'!$AA$5:$AA$319),"",HYPERLINK("#'4℃飯'!D"&(MATCH(27,'4℃飯'!$AA$5:$AA$319,0)+4),INDEX('4℃飯'!$D$5:$D$319,MATCH(27,'4℃飯'!$AA$5:$AA$319,0)))) -> 肉鬆火腿細卷 | D48: =IF(27>MAX('4℃麵'!$AA$5:$AA$310),"",HYPERLINK("#'4℃麵'!D"&(MATCH(27,'4℃麵'!$AA$5:$AA$310,0)+4),INDEX('4℃麵'!$D$5:$D$310,MATCH(27,'4℃麵'!$AA$5:$AA$310,0)))) | E48: =IF(27>MAX('4℃其他'!$AA$5:$AA$322),"",HYPERLINK("#'4℃其他'!D"&(MATCH(27,'4℃其他'!$AA$5:$AA$322,0)+4),INDEX('4℃其他'!$D$5:$D$322,MATCH(27,'4℃其他'!$AA$5:$AA$322,0)))) | F48: =IF(27>MAX('冷凍品'!$AA$5:$AA$322),"",HYPERLINK("#'冷凍品'!D"&(MATCH(27,'冷凍品'!$AA$5:$AA$322,0)+4),INDEX('冷凍品'!$D$5:$D$322,MATCH(27,'冷凍品'!$AA$5:$AA$322,0))))
B49: =IF(28>MAX('18℃'!$AA$5:$AA$319),"",HYPERLINK("#'18℃'!D"&(MATCH(28,'18℃'!$AA$5:$AA$319,0)+4),INDEX('18℃'!$D$5:$D$319,MATCH(28,'18℃'!$AA$5:$AA$319,0)))) -> 鹽蔥生鮭飯糰 | C49: =IF(28>MAX('4℃飯'!$AA$5:$AA$319),"",HYPERLINK("#'4℃飯'!D"&(MATCH(28,'4℃飯'!$AA$5:$AA$319,0)+4),INDEX('4℃飯'!$D$5:$D$319,MATCH(28,'4℃飯'!$AA$5:$AA$319,0)))) -> 鮪魚昆布細卷 | D49: =IF(28>MAX('4℃麵'!$AA$5:$AA$310),"",HYPERLINK("#'4℃麵'!D"&(MATCH(28,'4℃麵'!$AA$5:$AA$310,0)+4),INDEX('4℃麵'!$D$5:$D$310,MATCH(28,'4℃麵'!$AA$5:$AA$310,0)))) | E49: =IF(28>MAX('4℃其他'!$AA$5:$AA$322),"",HYPERLINK("#'4℃其他'!D"&(MATCH(28,'4℃其他'!$AA$5:$AA$322,0)+4),INDEX('4℃其他'!$D$5:$D$322,MATCH(28,'4℃其他'!$AA$5:$AA$322,0)))) | F49: =IF(28>MAX('冷凍品'!$AA$5:$AA$322),"",HYPERLINK("#'冷凍品'!D"&(MATCH(28,'冷凍品'!$AA$5:$AA$322,0)+4),INDEX('冷凍品'!$D$5:$D$322,MATCH(28,'冷凍品'!$AA$5:$AA$322,0))))
B50: =IF(29>MAX('18℃'!$AA$5:$AA$319),"",HYPERLINK("#'18℃'!D"&(MATCH(29,'18℃'!$AA$5:$AA$319,0)+4),INDEX('18℃'!$D$5:$D$319,MATCH(29,'18℃'!$AA$5:$AA$319,0)))) -> 醬燒炙烤牛飯糰 | C50: =IF(29>MAX('4℃飯'!$AA$5:$AA$319),"",HYPERLINK("#'4℃飯'!D"&(MATCH(29,'4℃飯'!$AA$5:$AA$319,0)+4),INDEX('4℃飯'!$D$5:$D$319,MATCH(29,'4℃飯'!$AA$5:$AA$319,0)))) -> 海陸雙拼壽司 | D50: =IF(29>MAX('4℃麵'!$AA$5:$AA$310),"",HYPERLINK("#'4℃麵'!D"&(MATCH(29,'4℃麵'!$AA$5:$AA$310,0)+4),INDEX('4℃麵'!$D$5:$D$310,MATCH(29,'4℃麵'!$AA$5:$AA$310,0)))) | E50: =IF(29>MAX('4℃其他'!$AA$5:$AA$322),"",HYPERLINK("#'4℃其他'!D"&(MATCH(29,'4℃其他'!$AA$5:$AA$322,0)+4),INDEX('4℃其他'!$D$5:$D$322,MATCH(29,'4℃其他'!$AA$5:$AA$322,0)))) | F50: =IF(29>MAX('冷凍品'!$AA$5:$AA$322),"",HYPERLINK("#'冷凍品'!D"&(MATCH(29,'冷凍品'!$AA$5:$AA$322,0)+4),INDEX('冷凍品'!$D$5:$D$322,MATCH(29,'冷凍品'!$AA$5:$AA$322,0))))
B51: =IF(30>MAX('18℃'!$AA$5:$AA$319),"",HYPERLINK("#'18℃'!D"&(MATCH(30,'18℃'!$AA$5:$AA$319,0)+4),INDEX('18℃'!$D$5:$D$319,MATCH(30,'18℃'!$AA$5:$AA$319,0)))) -> 宮崎柚子明太子干貝飯糰 | C51: =IF(30>MAX('4℃飯'!$AA$5:$AA$319),"",HYPERLINK("#'4℃飯'!D"&(MATCH(30,'4℃飯'!$AA$5:$AA$319,0)+4),INDEX('4℃飯'!$D$5:$D$319,MATCH(30,'4℃飯'!$AA$5:$AA$319,0)))) -> 麻油雞飯糰 | D51: =IF(30>MAX('4℃麵'!$AA$5:$AA$310),"",HYPERLINK("#'4℃麵'!D"&(MATCH(30,'4℃麵'!$AA$5:$AA$310,0)+4),INDEX('4℃麵'!$D$5:$D$310,MATCH(30,'4℃麵'!$AA$5:$AA$310,0)))) | E51: =IF(30>MAX('4℃其他'!$AA$5:$AA$322),"",HYPERLINK("#'4℃其他'!D"&(MATCH(30,'4℃其他'!$AA$5:$AA$322,0)+4),INDEX('4℃其他'!$D$5:$D$322,MATCH(30,'4℃其他'!$AA$5:$AA$322,0)))) | F51: =IF(30>MAX('冷凍品'!$AA$5:$AA$322),"",HYPERLINK("#'冷凍品'!D"&(MATCH(30,'冷凍品'!$AA$5:$AA$322,0)+4),INDEX('冷凍品'!$D$5:$D$322,MATCH(30,'冷凍品'!$AA$5:$AA$322,0))))
B52: =IF(31>MAX('18℃'!$AA$5:$AA$319),"",HYPERLINK("#'18℃'!D"&(MATCH(31,'18℃'!$AA$5:$AA$319,0)+4),INDEX('18℃'!$D$5:$D$319,MATCH(31,'18℃'!$AA$5:$AA$319,0)))) -> 蒲燒鰻魚飯糰 | C52: =IF(31>MAX('4℃飯'!$AA$5:$AA$319),"",HYPERLINK("#'4℃飯'!D"&(MATCH(31,'4℃飯'!$AA$5:$AA$319,0)+4),INDEX('4℃飯'!$D$5:$D$319,MATCH(31,'4℃飯'!$AA$5:$AA$319,0)))) -> 金門高粱香腸飯糰 | D52: =IF(31>MAX('4℃麵'!$AA$5:$AA$310),"",HYPERLINK("#'4℃麵'!D"&(MATCH(31,'4℃麵'!$AA$5:$AA$310,0)+4),INDEX('4℃麵'!$D$5:$D$310,MATCH(31,'4℃麵'!$AA$5:$AA$310,0)))) | E52: =IF(31>MAX('4℃其他'!$AA$5:$AA$322),"",HYPERLINK("#'4℃其他'!D"&(MATCH(31,'4℃其他'!$AA$5:$AA$322,0)+4),INDEX('4℃其他'!$D$5:$D$322,MATCH(31,'4℃其他'!$AA$5:$AA$322,0)))) | F52: =IF(31>MAX('冷凍品'!$AA$5:$AA$322),"",HYPERLINK("#'冷凍品'!D"&(MATCH(31,'冷凍品'!$AA$5:$AA$322,0)+4),INDEX('冷凍品'!$D$5:$D$322,MATCH(31,'冷凍品'!$AA$5:$AA$322,0))))
B53: =IF(32>MAX('18℃'!$AA$5:$AA$319),"",HYPERLINK("#'18℃'!D"&(MATCH(32,'18℃'!$AA$5:$AA$319,0)+4),INDEX('18℃'!$D$5:$D$319,MATCH(32,'18℃'!$AA$5:$AA$319,0)))) -> 生鱈魚子鮭魚飯糰 | C53: =IF(32>MAX('4℃飯'!$AA$5:$AA$319),"",HYPERLINK("#'4℃飯'!D"&(MATCH(32,'4℃飯'!$AA$5:$AA$319,0)+4),INDEX('4℃飯'!$D$5:$D$319,MATCH(32,'4℃飯'!$AA$5:$AA$319,0)))) -> 厚香料優格咖哩烤雞飯卷 | D53: =IF(32>MAX('4℃麵'!$AA$5:$AA$310),"",HYPERLINK("#'4℃麵'!D"&(MATCH(32,'4℃麵'!$AA$5:$AA$310,0)+4),INDEX('4℃麵'!$D$5:$D$310,MATCH(32,'4℃麵'!$AA$5:$AA$310,0)))) | E53: =IF(32>MAX('4℃其他'!$AA$5:$AA$322),"",HYPERLINK("#'4℃其他'!D"&(MATCH(32,'4℃其他'!$AA$5:$AA$322,0)+4),INDEX('4℃其他'!$D$5:$D$322,MATCH(32,'4℃其他'!$AA$5:$AA$322,0)))) | F53: =IF(32>MAX('冷凍品'!$AA$5:$AA$322),"",HYPERLINK("#'冷凍品'!D"&(MATCH(32,'冷凍品'!$AA$5:$AA$322,0)+4),INDEX('冷凍品'!$D$5:$D$322,MATCH(32,'冷凍品'!$AA$5:$AA$322,0))))
B54: =IF(33>MAX('18℃'!$AA$5:$AA$319),"",HYPERLINK("#'18℃'!D"&(MATCH(33,'18℃'!$AA$5:$AA$319,0)+4),INDEX('18℃'!$D$5:$D$319,MATCH(33,'18℃'!$AA$5:$AA$319,0)))) -> 卵黃牛挽肉飯糰 | C54: =IF(33>MAX('4℃飯'!$AA$5:$AA$319),"",HYPERLINK("#'4℃飯'!D"&(MATCH(33,'4℃飯'!$AA$5:$AA$319,0)+4),INDEX('4℃飯'!$D$5:$D$319,MATCH(33,'4℃飯'!$AA$5:$AA$319,0)))) -> 韓式辣炒豬肉飯卷 | D54: =IF(33>MAX('4℃麵'!$AA$5:$AA$310),"",HYPERLINK("#'4℃麵'!D"&(MATCH(33,'4℃麵'!$AA$5:$AA$310,0)+4),INDEX('4℃麵'!$D$5:$D$310,MATCH(33,'4℃麵'!$AA$5:$AA$310,0)))) | E54: =IF(33>MAX('4℃其他'!$AA$5:$AA$322),"",HYPERLINK("#'4℃其他'!D"&(MATCH(33,'4℃其他'!$AA$5:$AA$322,0)+4),INDEX('4℃其他'!$D$5:$D$322,MATCH(33,'4℃其他'!$AA$5:$AA$322,0)))) | F54: =IF(33>MAX('冷凍品'!$AA$5:$AA$322),"",HYPERLINK("#'冷凍品'!D"&(MATCH(33,'冷凍品'!$AA$5:$AA$322,0)+4),INDEX('冷凍品'!$D$5:$D$322,MATCH(33,'冷凍品'!$AA$5:$AA$322,0))))
B55: =IF(34>MAX('18℃'!$AA$5:$AA$319),"",HYPERLINK("#'18℃'!D"&(MATCH(34,'18℃'!$AA$5:$AA$319,0)+4),INDEX('18℃'!$D$5:$D$319,MATCH(34,'18℃'!$AA$5:$AA$319,0)))) -> 熊本麥味噌雞肉飯糰 | C55: =IF(34>MAX('4℃飯'!$AA$5:$AA$319),"",HYPERLINK("#'4℃飯'!D"&(MATCH(34,'4℃飯'!$AA$5:$AA$319,0)+4),INDEX('4℃飯'!$D$5:$D$319,MATCH(34,'4℃飯'!$AA$5:$AA$319,0)))) -> 小黃瓜壽司卷 | D55: =IF(34>MAX('4℃麵'!$AA$5:$AA$310),"",HYPERLINK("#'4℃麵'!D"&(MATCH(34,'4℃麵'!$AA$5:$AA$310,0)+4),INDEX('4℃麵'!$D$5:$D$310,MATCH(34,'4℃麵'!$AA$5:$AA$310,0)))) | E55: =IF(34>MAX('4℃其他'!$AA$5:$AA$322),"",HYPERLINK("#'4℃其他'!D"&(MATCH(34,'4℃其他'!$AA$5:$AA$322,0)+4),INDEX('4℃其他'!$D$5:$D$322,MATCH(34,'4℃其他'!$AA$5:$AA$322,0)))) | F55: =IF(34>MAX('冷凍品'!$AA$5:$AA$322),"",HYPERLINK("#'冷凍品'!D"&(MATCH(34,'冷凍品'!$AA$5:$AA$322,0)+4),INDEX('冷凍品'!$D$5:$D$322,MATCH(34,'冷凍品'!$AA$5:$AA$322,0))))
B56: =IF(35>MAX('18℃'!$AA$5:$AA$319),"",HYPERLINK("#'18℃'!D"&(MATCH(35,'18℃'!$AA$5:$AA$319,0)+4),INDEX('18℃'!$D$5:$D$319,MATCH(35,'18℃'!$AA$5:$AA$319,0)))) -> 照燒青甘魚飯糰 | C56: =IF(35>MAX('4℃飯'!$AA$5:$AA$319),"",HYPERLINK("#'4℃飯'!D"&(MATCH(35,'4℃飯'!$AA$5:$AA$319,0)+4),INDEX('4℃飯'!$D$5:$D$319,MATCH(35,'4℃飯'!$AA$5:$AA$319,0)))) -> 黑胡椒鐵板雞腿排飯 | D56: =IF(35>MAX('4℃麵'!$AA$5:$AA$310),"",HYPERLINK("#'4℃麵'!D"&(MATCH(35,'4℃麵'!$AA$5:$AA$310,0)+4),INDEX('4℃麵'!$D$5:$D$310,MATCH(35,'4℃麵'!$AA$5:$AA$310,0)))) | E56: =IF(35>MAX('4℃其他'!$AA$5:$AA$322),"",HYPERLINK("#'4℃其他'!D"&(MATCH(35,'4℃其他'!$AA$5:$AA$322,0)+4),INDEX('4℃其他'!$D$5:$D$322,MATCH(35,'4℃其他'!$AA$5:$AA$322,0)))) | F56: =IF(35>MAX('冷凍品'!$AA$5:$AA$322),"",HYPERLINK("#'冷凍品'!D"&(MATCH(35,'冷凍品'!$AA$5:$AA$322,0)+4),INDEX('冷凍品'!$D$5:$D$322,MATCH(35,'冷凍品'!$AA$5:$AA$322,0))))
B57: =IF(36>MAX('18℃'!$AA$5:$AA$319),"",HYPERLINK("#'18℃'!D"&(MATCH(36,'18℃'!$AA$5:$AA$319,0)+4),INDEX('18℃'!$D$5:$D$319,MATCH(36,'18℃'!$AA$5:$AA$319,0)))) -> 明太子鮭魚卵飯糰 | C57: =IF(36>MAX('4℃飯'!$AA$5:$AA$319),"",HYPERLINK("#'4℃飯'!D"&(MATCH(36,'4℃飯'!$AA$5:$AA$319,0)+4),INDEX('4℃飯'!$D$5:$D$319,MATCH(36,'4℃飯'!$AA$5:$AA$319,0)))) -> 蔥鹽雞腿排飯 | D57: =IF(36>MAX('4℃麵'!$AA$5:$AA$310),"",HYPERLINK("#'4℃麵'!D"&(MATCH(36,'4℃麵'!$AA$5:$AA$310,0)+4),INDEX('4℃麵'!$D$5:$D$310,MATCH(36,'4℃麵'!$AA$5:$AA$310,0)))) | E57: =IF(36>MAX('4℃其他'!$AA$5:$AA$322),"",HYPERLINK("#'4℃其他'!D"&(MATCH(36,'4℃其他'!$AA$5:$AA$322,0)+4),INDEX('4℃其他'!$D$5:$D$322,MATCH(36,'4℃其他'!$AA$5:$AA$322,0)))) | F57: =IF(36>MAX('冷凍品'!$AA$5:$AA$322),"",HYPERLINK("#'冷凍品'!D"&(MATCH(36,'冷凍品'!$AA$5:$AA$322,0)+4),INDEX('冷凍品'!$D$5:$D$322,MATCH(36,'冷凍品'!$AA$5:$AA$322,0))))
B58: =IF(37>MAX('18℃'!$AA$5:$AA$319),"",HYPERLINK("#'18℃'!D"&(MATCH(37,'18℃'!$AA$5:$AA$319,0)+4),INDEX('18℃'!$D$5:$D$319,MATCH(37,'18℃'!$AA$5:$AA$319,0)))) -> 博多明太子乳酪飯糰 | C58: =IF(37>MAX('4℃飯'!$AA$5:$AA$319),"",HYPERLINK("#'4℃飯'!D"&(MATCH(37,'4℃飯'!$AA$5:$AA$319,0)+4),INDEX('4℃飯'!$D$5:$D$319,MATCH(37,'4℃飯'!$AA$5:$AA$319,0)))) -> 菠菜牛肉蛋拌飯 | D58: =IF(37>MAX('4℃麵'!$AA$5:$AA$310),"",HYPERLINK("#'4℃麵'!D"&(MATCH(37,'4℃麵'!$AA$5:$AA$310,0)+4),INDEX('4℃麵'!$D$5:$D$310,MATCH(37,'4℃麵'!$AA$5:$AA$310,0)))) | E58: =IF(37>MAX('4℃其他'!$AA$5:$AA$322),"",HYPERLINK("#'4℃其他'!D"&(MATCH(37,'4℃其他'!$AA$5:$AA$322,0)+4),INDEX('4℃其他'!$D$5:$D$322,MATCH(37,'4℃其他'!$AA$5:$AA$322,0)))) | F58: =IF(37>MAX('冷凍品'!$AA$5:$AA$322),"",HYPERLINK("#'冷凍品'!D"&(MATCH(37,'冷凍品'!$AA$5:$AA$322,0)+4),INDEX('冷凍品'!$D$5:$D$322,MATCH(37,'冷凍品'!$AA$5:$AA$322,0))))
B59: =IF(38>MAX('18℃'!$AA$5:$AA$319),"",HYPERLINK("#'18℃'!D"&(MATCH(38,'18℃'!$AA$5:$AA$319,0)+4),INDEX('18℃'!$D$5:$D$319,MATCH(38,'18℃'!$AA$5:$AA$319,0)))) -> 椒鹽檸檬鯖魚飯糰 | C59: =IF(38>MAX('4℃飯'!$AA$5:$AA$319),"",HYPERLINK("#'4℃飯'!D"&(MATCH(38,'4℃飯'!$AA$5:$AA$319,0)+4),INDEX('4℃飯'!$D$5:$D$319,MATCH(38,'4℃飯'!$AA$5:$AA$319,0)))) -> 輕藜蔬活腿丁餐盒 | D59: =IF(38>MAX('4℃麵'!$AA$5:$AA$310),"",HYPERLINK("#'4℃麵'!D"&(MATCH(38,'4℃麵'!$AA$5:$AA$310,0)+4),INDEX('4℃麵'!$D$5:$D$310,MATCH(38,'4℃麵'!$AA$5:$AA$310,0)))) | E59: =IF(38>MAX('4℃其他'!$AA$5:$AA$322),"",HYPERLINK("#'4℃其他'!D"&(MATCH(38,'4℃其他'!$AA$5:$AA$322,0)+4),INDEX('4℃其他'!$D$5:$D$322,MATCH(38,'4℃其他'!$AA$5:$AA$322,0)))) | F59: =IF(38>MAX('冷凍品'!$AA$5:$AA$322),"",HYPERLINK("#'冷凍品'!D"&(MATCH(38,'冷凍品'!$AA$5:$AA$322,0)+4),INDEX('冷凍品'!$D$5:$D$322,MATCH(38,'冷凍品'!$AA$5:$AA$322,0))))
B60: =IF(39>MAX('18℃'!$AA$5:$AA$319),"",HYPERLINK("#'18℃'!D"&(MATCH(39,'18℃'!$AA$5:$AA$319,0)+4),INDEX('18℃'!$D$5:$D$319,MATCH(39,'18℃'!$AA$5:$AA$319,0)))) | C60: =IF(39>MAX('4℃飯'!$AA$5:$AA$319),"",HYPERLINK("#'4℃飯'!D"&(MATCH(39,'4℃飯'!$AA$5:$AA$319,0)+4),INDEX('4℃飯'!$D$5:$D$319,MATCH(39,'4℃飯'!$AA$5:$AA$319,0)))) -> 蔬活雞胸補力餐盒 | D60: =IF(39>MAX('4℃麵'!$AA$5:$AA$310),"",HYPERLINK("#'4℃麵'!D"&(MATCH(39,'4℃麵'!$AA$5:$AA$310,0)+4),INDEX('4℃麵'!$D$5:$D$310,MATCH(39,'4℃麵'!$AA$5:$AA$310,0)))) | E60: =IF(39>MAX('4℃其他'!$AA$5:$AA$322),"",HYPERLINK("#'4℃其他'!D"&(MATCH(39,'4℃其他'!$AA$5:$AA$322,0)+4),INDEX('4℃其他'!$D$5:$D$322,MATCH(39,'4℃其他'!$AA$5:$AA$322,0)))) | F60: =IF(39>MAX('冷凍品'!$AA$5:$AA$322),"",HYPERLINK("#'冷凍品'!D"&(MATCH(39,'冷凍品'!$AA$5:$AA$322,0)+4),INDEX('冷凍品'!$D$5:$D$322,MATCH(39,'冷凍品'!$AA$5:$AA$322,0))))
B61: =IF(40>MAX('18℃'!$AA$5:$AA$319),"",HYPERLINK("#'18℃'!D"&(MATCH(40,'18℃'!$AA$5:$AA$319,0)+4),INDEX('18℃'!$D$5:$D$319,MATCH(40,'18℃'!$AA$5:$AA$319,0)))) | C61: =IF(40>MAX('4℃飯'!$AA$5:$AA$319),"",HYPERLINK("#'4℃飯'!D"&(MATCH(40,'4℃飯'!$AA$5:$AA$319,0)+4),INDEX('4℃飯'!$D$5:$D$319,MATCH(40,'4℃飯'!$AA$5:$AA$319,0)))) -> 完熟番茄燻腸焗烤飯 | D61: =IF(40>MAX('4℃麵'!$AA$5:$AA$310),"",HYPERLINK("#'4℃麵'!D"&(MATCH(40,'4℃麵'!$AA$5:$AA$310,0)+4),INDEX('4℃麵'!$D$5:$D$310,MATCH(40,'4℃麵'!$AA$5:$AA$310,0)))) | E61: =IF(40>MAX('4℃其他'!$AA$5:$AA$322),"",HYPERLINK("#'4℃其他'!D"&(MATCH(40,'4℃其他'!$AA$5:$AA$322,0)+4),INDEX('4℃其他'!$D$5:$D$322,MATCH(40,'4℃其他'!$AA$5:$AA$322,0)))) | F61: =IF(40>MAX('冷凍品'!$AA$5:$AA$322),"",HYPERLINK("#'冷凍品'!D"&(MATCH(40,'冷凍品'!$AA$5:$AA$322,0)+4),INDEX('冷凍品'!$D$5:$D$322,MATCH(40,'冷凍品'!$AA$5:$AA$322,0))))
B62: =IF(41>MAX('18℃'!$AA$5:$AA$319),"",HYPERLINK("#'18℃'!D"&(MATCH(41,'18℃'!$AA$5:$AA$319,0)+4),INDEX('18℃'!$D$5:$D$319,MATCH(41,'18℃'!$AA$5:$AA$319,0)))) | C62: =IF(41>MAX('4℃飯'!$AA$5:$AA$319),"",HYPERLINK("#'4℃飯'!D"&(MATCH(41,'4℃飯'!$AA$5:$AA$319,0)+4),INDEX('4℃飯'!$D$5:$D$319,MATCH(41,'4℃飯'!$AA$5:$AA$319,0)))) | D62: =IF(41>MAX('4℃麵'!$AA$5:$AA$310),"",HYPERLINK("#'4℃麵'!D"&(MATCH(41,'4℃麵'!$AA$5:$AA$310,0)+4),INDEX('4℃麵'!$D$5:$D$310,MATCH(41,'4℃麵'!$AA$5:$AA$310,0)))) | E62: =IF(41>MAX('4℃其他'!$AA$5:$AA$322),"",HYPERLINK("#'4℃其他'!D"&(MATCH(41,'4℃其他'!$AA$5:$AA$322,0)+4),INDEX('4℃其他'!$D$5:$D$322,MATCH(41,'4℃其他'!$AA$5:$AA$322,0)))) | F62: =IF(41>MAX('冷凍品'!$AA$5:$AA$322),"",HYPERLINK("#'冷凍品'!D"&(MATCH(41,'冷凍品'!$AA$5:$AA$322,0)+4),INDEX('冷凍品'!$D$5:$D$322,MATCH(41,'冷凍品'!$AA$5:$AA$322,0))))
B63: =IF(42>MAX('18℃'!$AA$5:$AA$319),"",HYPERLINK("#'18℃'!D"&(MATCH(42,'18℃'!$AA$5:$AA$319,0)+4),INDEX('18℃'!$D$5:$D$319,MATCH(42,'18℃'!$AA$5:$AA$319,0)))) | C63: =IF(42>MAX('4℃飯'!$AA$5:$AA$319),"",HYPERLINK("#'4℃飯'!D"&(MATCH(42,'4℃飯'!$AA$5:$AA$319,0)+4),INDEX('4℃飯'!$D$5:$D$319,MATCH(42,'4℃飯'!$AA$5:$AA$319,0)))) | D63: =IF(42>MAX('4℃麵'!$AA$5:$AA$310),"",HYPERLINK("#'4℃麵'!D"&(MATCH(42,'4℃麵'!$AA$5:$AA$310,0)+4),INDEX('4℃麵'!$D$5:$D$310,MATCH(42,'4℃麵'!$AA$5:$AA$310,0)))) | E63: =IF(42>MAX('4℃其他'!$AA$5:$AA$322),"",HYPERLINK("#'4℃其他'!D"&(MATCH(42,'4℃其他'!$AA$5:$AA$322,0)+4),INDEX('4℃其他'!$D$5:$D$322,MATCH(42,'4℃其他'!$AA$5:$AA$322,0)))) | F63: =IF(42>MAX('冷凍品'!$AA$5:$AA$322),"",HYPERLINK("#'冷凍品'!D"&(MATCH(42,'冷凍品'!$AA$5:$AA$322,0)+4),INDEX('冷凍品'!$D$5:$D$322,MATCH(42,'冷凍品'!$AA$5:$AA$322,0))))
B64: =IF(43>MAX('18℃'!$AA$5:$AA$319),"",HYPERLINK("#'18℃'!D"&(MATCH(43,'18℃'!$AA$5:$AA$319,0)+4),INDEX('18℃'!$D$5:$D$319,MATCH(43,'18℃'!$AA$5:$AA$319,0)))) | C64: =IF(43>MAX('4℃飯'!$AA$5:$AA$319),"",HYPERLINK("#'4℃飯'!D"&(MATCH(43,'4℃飯'!$AA$5:$AA$319,0)+4),INDEX('4℃飯'!$D$5:$D$319,MATCH(43,'4℃飯'!$AA$5:$AA$319,0)))) | D64: =IF(43>MAX('4℃麵'!$AA$5:$AA$310),"",HYPERLINK("#'4℃麵'!D"&(MATCH(43,'4℃麵'!$AA$5:$AA$310,0)+4),INDEX('4℃麵'!$D$5:$D$310,MATCH(43,'4℃麵'!$AA$5:$AA$310,0)))) | E64: =IF(43>MAX('4℃其他'!$AA$5:$AA$322),"",HYPERLINK("#'4℃其他'!D"&(MATCH(43,'4℃其他'!$AA$5:$AA$322,0)+4),INDEX('4℃其他'!$D$5:$D$322,MATCH(43,'4℃其他'!$AA$5:$AA$322,0)))) | F64: =IF(43>MAX('冷凍品'!$AA$5:$AA$322),"",HYPERLINK("#'冷凍品'!D"&(MATCH(43,'冷凍品'!$AA$5:$AA$322,0)+4),INDEX('冷凍品'!$D$5:$D$322,MATCH(43,'冷凍品'!$AA$5:$AA$322,0))))
B65: =IF(44>MAX('18℃'!$AA$5:$AA$319),"",HYPERLINK("#'18℃'!D"&(MATCH(44,'18℃'!$AA$5:$AA$319,0)+4),INDEX('18℃'!$D$5:$D$319,MATCH(44,'18℃'!$AA$5:$AA$319,0)))) | C65: =IF(44>MAX('4℃飯'!$AA$5:$AA$319),"",HYPERLINK("#'4℃飯'!D"&(MATCH(44,'4℃飯'!$AA$5:$AA$319,0)+4),INDEX('4℃飯'!$D$5:$D$319,MATCH(44,'4℃飯'!$AA$5:$AA$319,0)))) | D65: =IF(44>MAX('4℃麵'!$AA$5:$AA$310),"",HYPERLINK("#'4℃麵'!D"&(MATCH(44,'4℃麵'!$AA$5:$AA$310,0)+4),INDEX('4℃麵'!$D$5:$D$310,MATCH(44,'4℃麵'!$AA$5:$AA$310,0)))) | E65: =IF(44>MAX('4℃其他'!$AA$5:$AA$322),"",HYPERLINK("#'4℃其他'!D"&(MATCH(44,'4℃其他'!$AA$5:$AA$322,0)+4),INDEX('4℃其他'!$D$5:$D$322,MATCH(44,'4℃其他'!$AA$5:$AA$322,0)))) | F65: =IF(44>MAX('冷凍品'!$AA$5:$AA$322),"",HYPERLINK("#'冷凍品'!D"&(MATCH(44,'冷凍品'!$AA$5:$AA$322,0)+4),INDEX('冷凍品'!$D$5:$D$322,MATCH(44,'冷凍品'!$AA$5:$AA$322,0))))
B66: =IF(45>MAX('18℃'!$AA$5:$AA$319),"",HYPERLINK("#'18℃'!D"&(MATCH(45,'18℃'!$AA$5:$AA$319,0)+4),INDEX('18℃'!$D$5:$D$319,MATCH(45,'18℃'!$AA$5:$AA$319,0)))) | C66: =IF(45>MAX('4℃飯'!$AA$5:$AA$319),"",HYPERLINK("#'4℃飯'!D"&(MATCH(45,'4℃飯'!$AA$5:$AA$319,0)+4),INDEX('4℃飯'!$D$5:$D$319,MATCH(45,'4℃飯'!$AA$5:$AA$319,0)))) | D66: =IF(45>MAX('4℃麵'!$AA$5:$AA$310),"",HYPERLINK("#'4℃麵'!D"&(MATCH(45,'4℃麵'!$AA$5:$AA$310,0)+4),INDEX('4℃麵'!$D$5:$D$310,MATCH(45,'4℃麵'!$AA$5:$AA$310,0)))) | E66: =IF(45>MAX('4℃其他'!$AA$5:$AA$322),"",HYPERLINK("#'4℃其他'!D"&(MATCH(45,'4℃其他'!$AA$5:$AA$322,0)+4),INDEX('4℃其他'!$D$5:$D$322,MATCH(45,'4℃其他'!$AA$5:$AA$322,0)))) | F66: =IF(45>MAX('冷凍品'!$AA$5:$AA$322),"",HYPERLINK("#'冷凍品'!D"&(MATCH(45,'冷凍品'!$AA$5:$AA$322,0)+4),INDEX('冷凍品'!$D$5:$D$322,MATCH(45,'冷凍品'!$AA$5:$AA$322,0))))
B67: =IF(46>MAX('18℃'!$AA$5:$AA$319),"",HYPERLINK("#'18℃'!D"&(MATCH(46,'18℃'!$AA$5:$AA$319,0)+4),INDEX('18℃'!$D$5:$D$319,MATCH(46,'18℃'!$AA$5:$AA$319,0)))) | C67: =IF(46>MAX('4℃飯'!$AA$5:$AA$319),"",HYPERLINK("#'4℃飯'!D"&(MATCH(46,'4℃飯'!$AA$5:$AA$319,0)+4),INDEX('4℃飯'!$D$5:$D$319,MATCH(46,'4℃飯'!$AA$5:$AA$319,0)))) | D67: =IF(46>MAX('4℃麵'!$AA$5:$AA$310),"",HYPERLINK("#'4℃麵'!D"&(MATCH(46,'4℃麵'!$AA$5:$AA$310,0)+4),INDEX('4℃麵'!$D$5:$D$310,MATCH(46,'4℃麵'!$AA$5:$AA$310,0)))) | E67: =IF(46>MAX('4℃其他'!$AA$5:$AA$322),"",HYPERLINK("#'4℃其他'!D"&(MATCH(46,'4℃其他'!$AA$5:$AA$322,0)+4),INDEX('4℃其他'!$D$5:$D$322,MATCH(46,'4℃其他'!$AA$5:$AA$322,0)))) | F67: =IF(46>MAX('冷凍品'!$AA$5:$AA$322),"",HYPERLINK("#'冷凍品'!D"&(MATCH(46,'冷凍品'!$AA$5:$AA$322,0)+4),INDEX('冷凍品'!$D$5:$D$322,MATCH(46,'冷凍品'!$AA$5:$AA$322,0))))
B68: =IF(47>MAX('18℃'!$AA$5:$AA$319),"",HYPERLINK("#'18℃'!D"&(MATCH(47,'18℃'!$AA$5:$AA$319,0)+4),INDEX('18℃'!$D$5:$D$319,MATCH(47,'18℃'!$AA$5:$AA$319,0)))) | C68: =IF(47>MAX('4℃飯'!$AA$5:$AA$319),"",HYPERLINK("#'4℃飯'!D"&(MATCH(47,'4℃飯'!$AA$5:$AA$319,0)+4),INDEX('4℃飯'!$D$5:$D$319,MATCH(47,'4℃飯'!$AA$5:$AA$319,0)))) | D68: =IF(47>MAX('4℃麵'!$AA$5:$AA$310),"",HYPERLINK("#'4℃麵'!D"&(MATCH(47,'4℃麵'!$AA$5:$AA$310,0)+4),INDEX('4℃麵'!$D$5:$D$310,MATCH(47,'4℃麵'!$AA$5:$AA$310,0)))) | E68: =IF(47>MAX('4℃其他'!$AA$5:$AA$322),"",HYPERLINK("#'4℃其他'!D"&(MATCH(47,'4℃其他'!$AA$5:$AA$322,0)+4),INDEX('4℃其他'!$D$5:$D$322,MATCH(47,'4℃其他'!$AA$5:$AA$322,0)))) | F68: =IF(47>MAX('冷凍品'!$AA$5:$AA$322),"",HYPERLINK("#'冷凍品'!D"&(MATCH(47,'冷凍品'!$AA$5:$AA$322,0)+4),INDEX('冷凍品'!$D$5:$D$322,MATCH(47,'冷凍品'!$AA$5:$AA$322,0))))
B69: =IF(48>MAX('18℃'!$AA$5:$AA$319),"",HYPERLINK("#'18℃'!D"&(MATCH(48,'18℃'!$AA$5:$AA$319,0)+4),INDEX('18℃'!$D$5:$D$319,MATCH(48,'18℃'!$AA$5:$AA$319,0)))) | C69: =IF(48>MAX('4℃飯'!$AA$5:$AA$319),"",HYPERLINK("#'4℃飯'!D"&(MATCH(48,'4℃飯'!$AA$5:$AA$319,0)+4),INDEX('4℃飯'!$D$5:$D$319,MATCH(48,'4℃飯'!$AA$5:$AA$319,0)))) | D69: =IF(48>MAX('4℃麵'!$AA$5:$AA$310),"",HYPERLINK("#'4℃麵'!D"&(MATCH(48,'4℃麵'!$AA$5:$AA$310,0)+4),INDEX('4℃麵'!$D$5:$D$310,MATCH(48,'4℃麵'!$AA$5:$AA$310,0)))) | E69: =IF(48>MAX('4℃其他'!$AA$5:$AA$322),"",HYPERLINK("#'4℃其他'!D"&(MATCH(48,'4℃其他'!$AA$5:$AA$322,0)+4),INDEX('4℃其他'!$D$5:$D$322,MATCH(48,'4℃其他'!$AA$5:$AA$322,0)))) | F69: =IF(48>MAX('冷凍品'!$AA$5:$AA$322),"",HYPERLINK("#'冷凍品'!D"&(MATCH(48,'冷凍品'!$AA$5:$AA$322,0)+4),INDEX('冷凍品'!$D$5:$D$322,MATCH(48,'冷凍品'!$AA$5:$AA$322,0))))
B70: =IF(49>MAX('18℃'!$AA$5:$AA$319),"",HYPERLINK("#'18℃'!D"&(MATCH(49,'18℃'!$AA$5:$AA$319,0)+4),INDEX('18℃'!$D$5:$D$319,MATCH(49,'18℃'!$AA$5:$AA$319,0)))) | C70: =IF(49>MAX('4℃飯'!$AA$5:$AA$319),"",HYPERLINK("#'4℃飯'!D"&(MATCH(49,'4℃飯'!$AA$5:$AA$319,0)+4),INDEX('4℃飯'!$D$5:$D$319,MATCH(49,'4℃飯'!$AA$5:$AA$319,0)))) | D70: =IF(49>MAX('4℃麵'!$AA$5:$AA$310),"",HYPERLINK("#'4℃麵'!D"&(MATCH(49,'4℃麵'!$AA$5:$AA$310,0)+4),INDEX('4℃麵'!$D$5:$D$310,MATCH(49,'4℃麵'!$AA$5:$AA$310,0)))) | E70: =IF(49>MAX('4℃其他'!$AA$5:$AA$322),"",HYPERLINK("#'4℃其他'!D"&(MATCH(49,'4℃其他'!$AA$5:$AA$322,0)+4),INDEX('4℃其他'!$D$5:$D$322,MATCH(49,'4℃其他'!$AA$5:$AA$322,0)))) | F70: =IF(49>MAX('冷凍品'!$AA$5:$AA$322),"",HYPERLINK("#'冷凍品'!D"&(MATCH(49,'冷凍品'!$AA$5:$AA$322,0)+4),INDEX('冷凍品'!$D$5:$D$322,MATCH(49,'冷凍品'!$AA$5:$AA$322,0))))
B71: =IF(50>MAX('18℃'!$AA$5:$AA$319),"",HYPERLINK("#'18℃'!D"&(MATCH(50,'18℃'!$AA$5:$AA$319,0)+4),INDEX('18℃'!$D$5:$D$319,MATCH(50,'18℃'!$AA$5:$AA$319,0)))) | C71: =IF(50>MAX('4℃飯'!$AA$5:$AA$319),"",HYPERLINK("#'4℃飯'!D"&(MATCH(50,'4℃飯'!$AA$5:$AA$319,0)+4),INDEX('4℃飯'!$D$5:$D$319,MATCH(50,'4℃飯'!$AA$5:$AA$319,0)))) | D71: =IF(50>MAX('4℃麵'!$AA$5:$AA$310),"",HYPERLINK("#'4℃麵'!D"&(MATCH(50,'4℃麵'!$AA$5:$AA$310,0)+4),INDEX('4℃麵'!$D$5:$D$310,MATCH(50,'4℃麵'!$AA$5:$AA$310,0)))) | E71: =IF(50>MAX('4℃其他'!$AA$5:$AA$322),"",HYPERLINK("#'4℃其他'!D"&(MATCH(50,'4℃其他'!$AA$5:$AA$322,0)+4),INDEX('4℃其他'!$D$5:$D$322,MATCH(50,'4℃其他'!$AA$5:$AA$322,0)))) | F71: =IF(50>MAX('冷凍品'!$AA$5:$AA$322),"",HYPERLINK("#'冷凍品'!D"&(MATCH(50,'冷凍品'!$AA$5:$AA$322,0)+4),INDEX('冷凍品'!$D$5:$D$322,MATCH(50,'冷凍品'!$AA$5:$AA$322,0))))
B72: =IF(51>MAX('18℃'!$AA$5:$AA$319),"",HYPERLINK("#'18℃'!D"&(MATCH(51,'18℃'!$AA$5:$AA$319,0)+4),INDEX('18℃'!$D$5:$D$319,MATCH(51,'18℃'!$AA$5:$AA$319,0)))) | C72: =IF(51>MAX('4℃飯'!$AA$5:$AA$319),"",HYPERLINK("#'4℃飯'!D"&(MATCH(51,'4℃飯'!$AA$5:$AA$319,0)+4),INDEX('4℃飯'!$D$5:$D$319,MATCH(51,'4℃飯'!$AA$5:$AA$319,0)))) | D72: =IF(51>MAX('4℃麵'!$AA$5:$AA$310),"",HYPERLINK("#'4℃麵'!D"&(MATCH(51,'4℃麵'!$AA$5:$AA$310,0)+4),INDEX('4℃麵'!$D$5:$D$310,MATCH(51,'4℃麵'!$AA$5:$AA$310,0)))) | E72: =IF(51>MAX('4℃其他'!$AA$5:$AA$322),"",HYPERLINK("#'4℃其他'!D"&(MATCH(51,'4℃其他'!$AA$5:$AA$322,0)+4),INDEX('4℃其他'!$D$5:$D$322,MATCH(51,'4℃其他'!$AA$5:$AA$322,0)))) | F72: =IF(51>MAX('冷凍品'!$AA$5:$AA$322),"",HYPERLINK("#'冷凍品'!D"&(MATCH(51,'冷凍品'!$AA$5:$AA$322,0)+4),INDEX('冷凍品'!$D$5:$D$322,MATCH(51,'冷凍品'!$AA$5:$AA$322,0))))
B73: =IF(52>MAX('18℃'!$AA$5:$AA$319),"",HYPERLINK("#'18℃'!D"&(MATCH(52,'18℃'!$AA$5:$AA$319,0)+4),INDEX('18℃'!$D$5:$D$319,MATCH(52,'18℃'!$AA$5:$AA$319,0)))) | C73: =IF(52>MAX('4℃飯'!$AA$5:$AA$319),"",HYPERLINK("#'4℃飯'!D"&(MATCH(52,'4℃飯'!$AA$5:$AA$319,0)+4),INDEX('4℃飯'!$D$5:$D$319,MATCH(52,'4℃飯'!$AA$5:$AA$319,0)))) | D73: =IF(52>MAX('4℃麵'!$AA$5:$AA$310),"",HYPERLINK("#'4℃麵'!D"&(MATCH(52,'4℃麵'!$AA$5:$AA$310,0)+4),INDEX('4℃麵'!$D$5:$D$310,MATCH(52,'4℃麵'!$AA$5:$AA$310,0)))) | E73: =IF(52>MAX('4℃其他'!$AA$5:$AA$322),"",HYPERLINK("#'4℃其他'!D"&(MATCH(52,'4℃其他'!$AA$5:$AA$322,0)+4),INDEX('4℃其他'!$D$5:$D$322,MATCH(52,'4℃其他'!$AA$5:$AA$322,0)))) | F73: =IF(52>MAX('冷凍品'!$AA$5:$AA$322),"",HYPERLINK("#'冷凍品'!D"&(MATCH(52,'冷凍品'!$AA$5:$AA$322,0)+4),INDEX('冷凍品'!$D$5:$D$322,MATCH(52,'冷凍品'!$AA$5:$AA$322,0))))
B74: =IF(53>MAX('18℃'!$AA$5:$AA$319),"",HYPERLINK("#'18℃'!D"&(MATCH(53,'18℃'!$AA$5:$AA$319,0)+4),INDEX('18℃'!$D$5:$D$319,MATCH(53,'18℃'!$AA$5:$AA$319,0)))) | C74: =IF(53>MAX('4℃飯'!$AA$5:$AA$319),"",HYPERLINK("#'4℃飯'!D"&(MATCH(53,'4℃飯'!$AA$5:$AA$319,0)+4),INDEX('4℃飯'!$D$5:$D$319,MATCH(53,'4℃飯'!$AA$5:$AA$319,0)))) | D74: =IF(53>MAX('4℃麵'!$AA$5:$AA$310),"",HYPERLINK("#'4℃麵'!D"&(MATCH(53,'4℃麵'!$AA$5:$AA$310,0)+4),INDEX('4℃麵'!$D$5:$D$310,MATCH(53,'4℃麵'!$AA$5:$AA$310,0)))) | E74: =IF(53>MAX('4℃其他'!$AA$5:$AA$322),"",HYPERLINK("#'4℃其他'!D"&(MATCH(53,'4℃其他'!$AA$5:$AA$322,0)+4),INDEX('4℃其他'!$D$5:$D$322,MATCH(53,'4℃其他'!$AA$5:$AA$322,0)))) | F74: =IF(53>MAX('冷凍品'!$AA$5:$AA$322),"",HYPERLINK("#'冷凍品'!D"&(MATCH(53,'冷凍品'!$AA$5:$AA$322,0)+4),INDEX('冷凍品'!$D$5:$D$322,MATCH(53,'冷凍品'!$AA$5:$AA$322,0))))
B75: =IF(54>MAX('18℃'!$AA$5:$AA$319),"",HYPERLINK("#'18℃'!D"&(MATCH(54,'18℃'!$AA$5:$AA$319,0)+4),INDEX('18℃'!$D$5:$D$319,MATCH(54,'18℃'!$AA$5:$AA$319,0)))) | C75: =IF(54>MAX('4℃飯'!$AA$5:$AA$319),"",HYPERLINK("#'4℃飯'!D"&(MATCH(54,'4℃飯'!$AA$5:$AA$319,0)+4),INDEX('4℃飯'!$D$5:$D$319,MATCH(54,'4℃飯'!$AA$5:$AA$319,0)))) | D75: =IF(54>MAX('4℃麵'!$AA$5:$AA$310),"",HYPERLINK("#'4℃麵'!D"&(MATCH(54,'4℃麵'!$AA$5:$AA$310,0)+4),INDEX('4℃麵'!$D$5:$D$310,MATCH(54,'4℃麵'!$AA$5:$AA$310,0)))) | E75: =IF(54>MAX('4℃其他'!$AA$5:$AA$322),"",HYPERLINK("#'4℃其他'!D"&(MATCH(54,'4℃其他'!$AA$5:$AA$322,0)+4),INDEX('4℃其他'!$D$5:$D$322,MATCH(54,'4℃其他'!$AA$5:$AA$322,0)))) | F75: =IF(54>MAX('冷凍品'!$AA$5:$AA$322),"",HYPERLINK("#'冷凍品'!D"&(MATCH(54,'冷凍品'!$AA$5:$AA$322,0)+4),INDEX('冷凍品'!$D$5:$D$322,MATCH(54,'冷凍品'!$AA$5:$AA$322,0))))
B76: =IF(55>MAX('18℃'!$AA$5:$AA$319),"",HYPERLINK("#'18℃'!D"&(MATCH(55,'18℃'!$AA$5:$AA$319,0)+4),INDEX('18℃'!$D$5:$D$319,MATCH(55,'18℃'!$AA$5:$AA$319,0)))) | C76: =IF(55>MAX('4℃飯'!$AA$5:$AA$319),"",HYPERLINK("#'4℃飯'!D"&(MATCH(55,'4℃飯'!$AA$5:$AA$319,0)+4),INDEX('4℃飯'!$D$5:$D$319,MATCH(55,'4℃飯'!$AA$5:$AA$319,0)))) | D76: =IF(55>MAX('4℃麵'!$AA$5:$AA$310),"",HYPERLINK("#'4℃麵'!D"&(MATCH(55,'4℃麵'!$AA$5:$AA$310,0)+4),INDEX('4℃麵'!$D$5:$D$310,MATCH(55,'4℃麵'!$AA$5:$AA$310,0)))) | E76: =IF(55>MAX('4℃其他'!$AA$5:$AA$322),"",HYPERLINK("#'4℃其他'!D"&(MATCH(55,'4℃其他'!$AA$5:$AA$322,0)+4),INDEX('4℃其他'!$D$5:$D$322,MATCH(55,'4℃其他'!$AA$5:$AA$322,0)))) | F76: =IF(55>MAX('冷凍品'!$AA$5:$AA$322),"",HYPERLINK("#'冷凍品'!D"&(MATCH(55,'冷凍品'!$AA$5:$AA$322,0)+4),INDEX('冷凍品'!$D$5:$D$322,MATCH(55,'冷凍品'!$AA$5:$AA$322,0))))
B77: =IF(56>MAX('18℃'!$AA$5:$AA$319),"",HYPERLINK("#'18℃'!D"&(MATCH(56,'18℃'!$AA$5:$AA$319,0)+4),INDEX('18℃'!$D$5:$D$319,MATCH(56,'18℃'!$AA$5:$AA$319,0)))) | C77: =IF(56>MAX('4℃飯'!$AA$5:$AA$319),"",HYPERLINK("#'4℃飯'!D"&(MATCH(56,'4℃飯'!$AA$5:$AA$319,0)+4),INDEX('4℃飯'!$D$5:$D$319,MATCH(56,'4℃飯'!$AA$5:$AA$319,0)))) | D77: =IF(56>MAX('4℃麵'!$AA$5:$AA$310),"",HYPERLINK("#'4℃麵'!D"&(MATCH(56,'4℃麵'!$AA$5:$AA$310,0)+4),INDEX('4℃麵'!$D$5:$D$310,MATCH(56,'4℃麵'!$AA$5:$AA$310,0)))) | E77: =IF(56>MAX('4℃其他'!$AA$5:$AA$322),"",HYPERLINK("#'4℃其他'!D"&(MATCH(56,'4℃其他'!$AA$5:$AA$322,0)+4),INDEX('4℃其他'!$D$5:$D$322,MATCH(56,'4℃其他'!$AA$5:$AA$322,0)))) | F77: =IF(56>MAX('冷凍品'!$AA$5:$AA$322),"",HYPERLINK("#'冷凍品'!D"&(MATCH(56,'冷凍品'!$AA$5:$AA$322,0)+4),INDEX('冷凍品'!$D$5:$D$322,MATCH(56,'冷凍品'!$AA$5:$AA$322,0))))
B78: =IF(57>MAX('18℃'!$AA$5:$AA$319),"",HYPERLINK("#'18℃'!D"&(MATCH(57,'18℃'!$AA$5:$AA$319,0)+4),INDEX('18℃'!$D$5:$D$319,MATCH(57,'18℃'!$AA$5:$AA$319,0)))) | C78: =IF(57>MAX('4℃飯'!$AA$5:$AA$319),"",HYPERLINK("#'4℃飯'!D"&(MATCH(57,'4℃飯'!$AA$5:$AA$319,0)+4),INDEX('4℃飯'!$D$5:$D$319,MATCH(57,'4℃飯'!$AA$5:$AA$319,0)))) | D78: =IF(57>MAX('4℃麵'!$AA$5:$AA$310),"",HYPERLINK("#'4℃麵'!D"&(MATCH(57,'4℃麵'!$AA$5:$AA$310,0)+4),INDEX('4℃麵'!$D$5:$D$310,MATCH(57,'4℃麵'!$AA$5:$AA$310,0)))) | E78: =IF(57>MAX('4℃其他'!$AA$5:$AA$322),"",HYPERLINK("#'4℃其他'!D"&(MATCH(57,'4℃其他'!$AA$5:$AA$322,0)+4),INDEX('4℃其他'!$D$5:$D$322,MATCH(57,'4℃其他'!$AA$5:$AA$322,0)))) | F78: =IF(57>MAX('冷凍品'!$AA$5:$AA$322),"",HYPERLINK("#'冷凍品'!D"&(MATCH(57,'冷凍品'!$AA$5:$AA$322,0)+4),INDEX('冷凍品'!$D$5:$D$322,MATCH(57,'冷凍品'!$AA$5:$AA$322,0))))
B79: =IF(58>MAX('18℃'!$AA$5:$AA$319),"",HYPERLINK("#'18℃'!D"&(MATCH(58,'18℃'!$AA$5:$AA$319,0)+4),INDEX('18℃'!$D$5:$D$319,MATCH(58,'18℃'!$AA$5:$AA$319,0)))) | C79: =IF(58>MAX('4℃飯'!$AA$5:$AA$319),"",HYPERLINK("#'4℃飯'!D"&(MATCH(58,'4℃飯'!$AA$5:$AA$319,0)+4),INDEX('4℃飯'!$D$5:$D$319,MATCH(58,'4℃飯'!$AA$5:$AA$319,0)))) | D79: =IF(58>MAX('4℃麵'!$AA$5:$AA$310),"",HYPERLINK("#'4℃麵'!D"&(MATCH(58,'4℃麵'!$AA$5:$AA$310,0)+4),INDEX('4℃麵'!$D$5:$D$310,MATCH(58,'4℃麵'!$AA$5:$AA$310,0)))) | E79: =IF(58>MAX('4℃其他'!$AA$5:$AA$322),"",HYPERLINK("#'4℃其他'!D"&(MATCH(58,'4℃其他'!$AA$5:$AA$322,0)+4),INDEX('4℃其他'!$D$5:$D$322,MATCH(58,'4℃其他'!$AA$5:$AA$322,0)))) | F79: =IF(58>MAX('冷凍品'!$AA$5:$AA$322),"",HYPERLINK("#'冷凍品'!D"&(MATCH(58,'冷凍品'!$AA$5:$AA$322,0)+4),INDEX('冷凍品'!$D$5:$D$322,MATCH(58,'冷凍品'!$AA$5:$AA$322,0))))
B80: =IF(59>MAX('18℃'!$AA$5:$AA$319),"",HYPERLINK("#'18℃'!D"&(MATCH(59,'18℃'!$AA$5:$AA$319,0)+4),INDEX('18℃'!$D$5:$D$319,MATCH(59,'18℃'!$AA$5:$AA$319,0)))) | C80: =IF(59>MAX('4℃飯'!$AA$5:$AA$319),"",HYPERLINK("#'4℃飯'!D"&(MATCH(59,'4℃飯'!$AA$5:$AA$319,0)+4),INDEX('4℃飯'!$D$5:$D$319,MATCH(59,'4℃飯'!$AA$5:$AA$319,0)))) | D80: =IF(59>MAX('4℃麵'!$AA$5:$AA$310),"",HYPERLINK("#'4℃麵'!D"&(MATCH(59,'4℃麵'!$AA$5:$AA$310,0)+4),INDEX('4℃麵'!$D$5:$D$310,MATCH(59,'4℃麵'!$AA$5:$AA$310,0)))) | E80: =IF(59>MAX('4℃其他'!$AA$5:$AA$322),"",HYPERLINK("#'4℃其他'!D"&(MATCH(59,'4℃其他'!$AA$5:$AA$322,0)+4),INDEX('4℃其他'!$D$5:$D$322,MATCH(59,'4℃其他'!$AA$5:$AA$322,0)))) | F80: =IF(59>MAX('冷凍品'!$AA$5:$AA$322),"",HYPERLINK("#'冷凍品'!D"&(MATCH(59,'冷凍品'!$AA$5:$AA$322,0)+4),INDEX('冷凍品'!$D$5:$D$322,MATCH(59,'冷凍品'!$AA$5:$AA$322,0))))
B81: =IF(60>MAX('18℃'!$AA$5:$AA$319),"",HYPERLINK("#'18℃'!D"&(MATCH(60,'18℃'!$AA$5:$AA$319,0)+4),INDEX('18℃'!$D$5:$D$319,MATCH(60,'18℃'!$AA$5:$AA$319,0)))) | C81: =IF(60>MAX('4℃飯'!$AA$5:$AA$319),"",HYPERLINK("#'4℃飯'!D"&(MATCH(60,'4℃飯'!$AA$5:$AA$319,0)+4),INDEX('4℃飯'!$D$5:$D$319,MATCH(60,'4℃飯'!$AA$5:$AA$319,0)))) | D81: =IF(60>MAX('4℃麵'!$AA$5:$AA$310),"",HYPERLINK("#'4℃麵'!D"&(MATCH(60,'4℃麵'!$AA$5:$AA$310,0)+4),INDEX('4℃麵'!$D$5:$D$310,MATCH(60,'4℃麵'!$AA$5:$AA$310,0)))) | E81: =IF(60>MAX('4℃其他'!$AA$5:$AA$322),"",HYPERLINK("#'4℃其他'!D"&(MATCH(60,'4℃其他'!$AA$5:$AA$322,0)+4),INDEX('4℃其他'!$D$5:$D$322,MATCH(60,'4℃其他'!$AA$5:$AA$322,0)))) | F81: =IF(60>MAX('冷凍品'!$AA$5:$AA$322),"",HYPERLINK("#'冷凍品'!D"&(MATCH(60,'冷凍品'!$AA$5:$AA$322,0)+4),INDEX('冷凍品'!$D$5:$D$322,MATCH(60,'冷凍品'!$AA$5:$AA$322,0))))
B82: =IF(61>MAX('18℃'!$AA$5:$AA$319),"",HYPERLINK("#'18℃'!D"&(MATCH(61,'18℃'!$AA$5:$AA$319,0)+4),INDEX('18℃'!$D$5:$D$319,MATCH(61,'18℃'!$AA$5:$AA$319,0)))) | C82: =IF(61>MAX('4℃飯'!$AA$5:$AA$319),"",HYPERLINK("#'4℃飯'!D"&(MATCH(61,'4℃飯'!$AA$5:$AA$319,0)+4),INDEX('4℃飯'!$D$5:$D$319,MATCH(61,'4℃飯'!$AA$5:$AA$319,0)))) | D82: =IF(61>MAX('4℃麵'!$AA$5:$AA$310),"",HYPERLINK("#'4℃麵'!D"&(MATCH(61,'4℃麵'!$AA$5:$AA$310,0)+4),INDEX('4℃麵'!$D$5:$D$310,MATCH(61,'4℃麵'!$AA$5:$AA$310,0)))) | E82: =IF(61>MAX('4℃其他'!$AA$5:$AA$322),"",HYPERLINK("#'4℃其他'!D"&(MATCH(61,'4℃其他'!$AA$5:$AA$322,0)+4),INDEX('4℃其他'!$D$5:$D$322,MATCH(61,'4℃其他'!$AA$5:$AA$322,0)))) | F82: =IF(61>MAX('冷凍品'!$AA$5:$AA$322),"",HYPERLINK("#'冷凍品'!D"&(MATCH(61,'冷凍品'!$AA$5:$AA$322,0)+4),INDEX('冷凍品'!$D$5:$D$322,MATCH(61,'冷凍品'!$AA$5:$AA$322,0))))
B83: =IF(62>MAX('18℃'!$AA$5:$AA$319),"",HYPERLINK("#'18℃'!D"&(MATCH(62,'18℃'!$AA$5:$AA$319,0)+4),INDEX('18℃'!$D$5:$D$319,MATCH(62,'18℃'!$AA$5:$AA$319,0)))) | C83: =IF(62>MAX('4℃飯'!$AA$5:$AA$319),"",HYPERLINK("#'4℃飯'!D"&(MATCH(62,'4℃飯'!$AA$5:$AA$319,0)+4),INDEX('4℃飯'!$D$5:$D$319,MATCH(62,'4℃飯'!$AA$5:$AA$319,0)))) | D83: =IF(62>MAX('4℃麵'!$AA$5:$AA$310),"",HYPERLINK("#'4℃麵'!D"&(MATCH(62,'4℃麵'!$AA$5:$AA$310,0)+4),INDEX('4℃麵'!$D$5:$D$310,MATCH(62,'4℃麵'!$AA$5:$AA$310,0)))) | E83: =IF(62>MAX('4℃其他'!$AA$5:$AA$322),"",HYPERLINK("#'4℃其他'!D"&(MATCH(62,'4℃其他'!$AA$5:$AA$322,0)+4),INDEX('4℃其他'!$D$5:$D$322,MATCH(62,'4℃其他'!$AA$5:$AA$322,0)))) | F83: =IF(62>MAX('冷凍品'!$AA$5:$AA$322),"",HYPERLINK("#'冷凍品'!D"&(MATCH(62,'冷凍品'!$AA$5:$AA$322,0)+4),INDEX('冷凍品'!$D$5:$D$322,MATCH(62,'冷凍品'!$AA$5:$AA$322,0))))
B84: =IF(63>MAX('18℃'!$AA$5:$AA$319),"",HYPERLINK("#'18℃'!D"&(MATCH(63,'18℃'!$AA$5:$AA$319,0)+4),INDEX('18℃'!$D$5:$D$319,MATCH(63,'18℃'!$AA$5:$AA$319,0)))) | C84: =IF(63>MAX('4℃飯'!$AA$5:$AA$319),"",HYPERLINK("#'4℃飯'!D"&(MATCH(63,'4℃飯'!$AA$5:$AA$319,0)+4),INDEX('4℃飯'!$D$5:$D$319,MATCH(63,'4℃飯'!$AA$5:$AA$319,0)))) | D84: =IF(63>MAX('4℃麵'!$AA$5:$AA$310),"",HYPERLINK("#'4℃麵'!D"&(MATCH(63,'4℃麵'!$AA$5:$AA$310,0)+4),INDEX('4℃麵'!$D$5:$D$310,MATCH(63,'4℃麵'!$AA$5:$AA$310,0)))) | E84: =IF(63>MAX('4℃其他'!$AA$5:$AA$322),"",HYPERLINK("#'4℃其他'!D"&(MATCH(63,'4℃其他'!$AA$5:$AA$322,0)+4),INDEX('4℃其他'!$D$5:$D$322,MATCH(63,'4℃其他'!$AA$5:$AA$322,0)))) | F84: =IF(63>MAX('冷凍品'!$AA$5:$AA$322),"",HYPERLINK("#'冷凍品'!D"&(MATCH(63,'冷凍品'!$AA$5:$AA$322,0)+4),INDEX('冷凍品'!$D$5:$D$322,MATCH(63,'冷凍品'!$AA$5:$AA$322,0))))
B85: =IF(64>MAX('18℃'!$AA$5:$AA$319),"",HYPERLINK("#'18℃'!D"&(MATCH(64,'18℃'!$AA$5:$AA$319,0)+4),INDEX('18℃'!$D$5:$D$319,MATCH(64,'18℃'!$AA$5:$AA$319,0)))) | C85: =IF(64>MAX('4℃飯'!$AA$5:$AA$319),"",HYPERLINK("#'4℃飯'!D"&(MATCH(64,'4℃飯'!$AA$5:$AA$319,0)+4),INDEX('4℃飯'!$D$5:$D$319,MATCH(64,'4℃飯'!$AA$5:$AA$319,0)))) | D85: =IF(64>MAX('4℃麵'!$AA$5:$AA$310),"",HYPERLINK("#'4℃麵'!D"&(MATCH(64,'4℃麵'!$AA$5:$AA$310,0)+4),INDEX('4℃麵'!$D$5:$D$310,MATCH(64,'4℃麵'!$AA$5:$AA$310,0)))) | E85: =IF(64>MAX('4℃其他'!$AA$5:$AA$322),"",HYPERLINK("#'4℃其他'!D"&(MATCH(64,'4℃其他'!$AA$5:$AA$322,0)+4),INDEX('4℃其他'!$D$5:$D$322,MATCH(64,'4℃其他'!$AA$5:$AA$322,0)))) | F85: =IF(64>MAX('冷凍品'!$AA$5:$AA$322),"",HYPERLINK("#'冷凍品'!D"&(MATCH(64,'冷凍品'!$AA$5:$AA$322,0)+4),INDEX('冷凍品'!$D$5:$D$322,MATCH(64,'冷凍品'!$AA$5:$AA$322,0))))
B86: =IF(65>MAX('18℃'!$AA$5:$AA$319),"",HYPERLINK("#'18℃'!D"&(MATCH(65,'18℃'!$AA$5:$AA$319,0)+4),INDEX('18℃'!$D$5:$D$319,MATCH(65,'18℃'!$AA$5:$AA$319,0)))) | C86: =IF(65>MAX('4℃飯'!$AA$5:$AA$319),"",HYPERLINK("#'4℃飯'!D"&(MATCH(65,'4℃飯'!$AA$5:$AA$319,0)+4),INDEX('4℃飯'!$D$5:$D$319,MATCH(65,'4℃飯'!$AA$5:$AA$319,0)))) | D86: =IF(65>MAX('4℃麵'!$AA$5:$AA$310),"",HYPERLINK("#'4℃麵'!D"&(MATCH(65,'4℃麵'!$AA$5:$AA$310,0)+4),INDEX('4℃麵'!$D$5:$D$310,MATCH(65,'4℃麵'!$AA$5:$AA$310,0)))) | E86: =IF(65>MAX('4℃其他'!$AA$5:$AA$322),"",HYPERLINK("#'4℃其他'!D"&(MATCH(65,'4℃其他'!$AA$5:$AA$322,0)+4),INDEX('4℃其他'!$D$5:$D$322,MATCH(65,'4℃其他'!$AA$5:$AA$322,0)))) | F86: =IF(65>MAX('冷凍品'!$AA$5:$AA$322),"",HYPERLINK("#'冷凍品'!D"&(MATCH(65,'冷凍品'!$AA$5:$AA$322,0)+4),INDEX('冷凍品'!$D$5:$D$322,MATCH(65,'冷凍品'!$AA$5:$AA$322,0))))
B87: =IF(66>MAX('18℃'!$AA$5:$AA$319),"",HYPERLINK("#'18℃'!D"&(MATCH(66,'18℃'!$AA$5:$AA$319,0)+4),INDEX('18℃'!$D$5:$D$319,MATCH(66,'18℃'!$AA$5:$AA$319,0)))) | C87: =IF(66>MAX('4℃飯'!$AA$5:$AA$319),"",HYPERLINK("#'4℃飯'!D"&(MATCH(66,'4℃飯'!$AA$5:$AA$319,0)+4),INDEX('4℃飯'!$D$5:$D$319,MATCH(66,'4℃飯'!$AA$5:$AA$319,0)))) | D87: =IF(66>MAX('4℃麵'!$AA$5:$AA$310),"",HYPERLINK("#'4℃麵'!D"&(MATCH(66,'4℃麵'!$AA$5:$AA$310,0)+4),INDEX('4℃麵'!$D$5:$D$310,MATCH(66,'4℃麵'!$AA$5:$AA$310,0)))) | E87: =IF(66>MAX('4℃其他'!$AA$5:$AA$322),"",HYPERLINK("#'4℃其他'!D"&(MATCH(66,'4℃其他'!$AA$5:$AA$322,0)+4),INDEX('4℃其他'!$D$5:$D$322,MATCH(66,'4℃其他'!$AA$5:$AA$322,0)))) | F87: =IF(66>MAX('冷凍品'!$AA$5:$AA$322),"",HYPERLINK("#'冷凍品'!D"&(MATCH(66,'冷凍品'!$AA$5:$AA$322,0)+4),INDEX('冷凍品'!$D$5:$D$322,MATCH(66,'冷凍品'!$AA$5:$AA$322,0))))
B88: =IF(67>MAX('18℃'!$AA$5:$AA$319),"",HYPERLINK("#'18℃'!D"&(MATCH(67,'18℃'!$AA$5:$AA$319,0)+4),INDEX('18℃'!$D$5:$D$319,MATCH(67,'18℃'!$AA$5:$AA$319,0)))) | C88: =IF(67>MAX('4℃飯'!$AA$5:$AA$319),"",HYPERLINK("#'4℃飯'!D"&(MATCH(67,'4℃飯'!$AA$5:$AA$319,0)+4),INDEX('4℃飯'!$D$5:$D$319,MATCH(67,'4℃飯'!$AA$5:$AA$319,0)))) | D88: =IF(67>MAX('4℃麵'!$AA$5:$AA$310),"",HYPERLINK("#'4℃麵'!D"&(MATCH(67,'4℃麵'!$AA$5:$AA$310,0)+4),INDEX('4℃麵'!$D$5:$D$310,MATCH(67,'4℃麵'!$AA$5:$AA$310,0)))) | E88: =IF(67>MAX('4℃其他'!$AA$5:$AA$322),"",HYPERLINK("#'4℃其他'!D"&(MATCH(67,'4℃其他'!$AA$5:$AA$322,0)+4),INDEX('4℃其他'!$D$5:$D$322,MATCH(67,'4℃其他'!$AA$5:$AA$322,0)))) | F88: =IF(67>MAX('冷凍品'!$AA$5:$AA$322),"",HYPERLINK("#'冷凍品'!D"&(MATCH(67,'冷凍品'!$AA$5:$AA$322,0)+4),INDEX('冷凍品'!$D$5:$D$322,MATCH(67,'冷凍品'!$AA$5:$AA$322,0))))
B89: =IF(68>MAX('18℃'!$AA$5:$AA$319),"",HYPERLINK("#'18℃'!D"&(MATCH(68,'18℃'!$AA$5:$AA$319,0)+4),INDEX('18℃'!$D$5:$D$319,MATCH(68,'18℃'!$AA$5:$AA$319,0)))) | C89: =IF(68>MAX('4℃飯'!$AA$5:$AA$319),"",HYPERLINK("#'4℃飯'!D"&(MATCH(68,'4℃飯'!$AA$5:$AA$319,0)+4),INDEX('4℃飯'!$D$5:$D$319,MATCH(68,'4℃飯'!$AA$5:$AA$319,0)))) | D89: =IF(68>MAX('4℃麵'!$AA$5:$AA$310),"",HYPERLINK("#'4℃麵'!D"&(MATCH(68,'4℃麵'!$AA$5:$AA$310,0)+4),INDEX('4℃麵'!$D$5:$D$310,MATCH(68,'4℃麵'!$AA$5:$AA$310,0)))) | E89: =IF(68>MAX('4℃其他'!$AA$5:$AA$322),"",HYPERLINK("#'4℃其他'!D"&(MATCH(68,'4℃其他'!$AA$5:$AA$322,0)+4),INDEX('4℃其他'!$D$5:$D$322,MATCH(68,'4℃其他'!$AA$5:$AA$322,0)))) | F89: =IF(68>MAX('冷凍品'!$AA$5:$AA$322),"",HYPERLINK("#'冷凍品'!D"&(MATCH(68,'冷凍品'!$AA$5:$AA$322,0)+4),INDEX('冷凍品'!$D$5:$D$322,MATCH(68,'冷凍品'!$AA$5:$AA$322,0))))
B90: =IF(69>MAX('18℃'!$AA$5:$AA$319),"",HYPERLINK("#'18℃'!D"&(MATCH(69,'18℃'!$AA$5:$AA$319,0)+4),INDEX('18℃'!$D$5:$D$319,MATCH(69,'18℃'!$AA$5:$AA$319,0)))) | C90: =IF(69>MAX('4℃飯'!$AA$5:$AA$319),"",HYPERLINK("#'4℃飯'!D"&(MATCH(69,'4℃飯'!$AA$5:$AA$319,0)+4),INDEX('4℃飯'!$D$5:$D$319,MATCH(69,'4℃飯'!$AA$5:$AA$319,0)))) | D90: =IF(69>MAX('4℃麵'!$AA$5:$AA$310),"",HYPERLINK("#'4℃麵'!D"&(MATCH(69,'4℃麵'!$AA$5:$AA$310,0)+4),INDEX('4℃麵'!$D$5:$D$310,MATCH(69,'4℃麵'!$AA$5:$AA$310,0)))) | E90: =IF(69>MAX('4℃其他'!$AA$5:$AA$322),"",HYPERLINK("#'4℃其他'!D"&(MATCH(69,'4℃其他'!$AA$5:$AA$322,0)+4),INDEX('4℃其他'!$D$5:$D$322,MATCH(69,'4℃其他'!$AA$5:$AA$322,0)))) | F90: =IF(69>MAX('冷凍品'!$AA$5:$AA$322),"",HYPERLINK("#'冷凍品'!D"&(MATCH(69,'冷凍品'!$AA$5:$AA$322,0)+4),INDEX('冷凍品'!$D$5:$D$322,MATCH(69,'冷凍品'!$AA$5:$AA$322,0))))
B91: =IF(70>MAX('18℃'!$AA$5:$AA$319),"",HYPERLINK("#'18℃'!D"&(MATCH(70,'18℃'!$AA$5:$AA$319,0)+4),INDEX('18℃'!$D$5:$D$319,MATCH(70,'18℃'!$AA$5:$AA$319,0)))) | C91: =IF(70>MAX('4℃飯'!$AA$5:$AA$319),"",HYPERLINK("#'4℃飯'!D"&(MATCH(70,'4℃飯'!$AA$5:$AA$319,0)+4),INDEX('4℃飯'!$D$5:$D$319,MATCH(70,'4℃飯'!$AA$5:$AA$319,0)))) | D91: =IF(70>MAX('4℃麵'!$AA$5:$AA$310),"",HYPERLINK("#'4℃麵'!D"&(MATCH(70,'4℃麵'!$AA$5:$AA$310,0)+4),INDEX('4℃麵'!$D$5:$D$310,MATCH(70,'4℃麵'!$AA$5:$AA$310,0)))) | E91: =IF(70>MAX('4℃其他'!$AA$5:$AA$322),"",HYPERLINK("#'4℃其他'!D"&(MATCH(70,'4℃其他'!$AA$5:$AA$322,0)+4),INDEX('4℃其他'!$D$5:$D$322,MATCH(70,'4℃其他'!$AA$5:$AA$322,0)))) | F91: =IF(70>MAX('冷凍品'!$AA$5:$AA$322),"",HYPERLINK("#'冷凍品'!D"&(MATCH(70,'冷凍品'!$AA$5:$AA$322,0)+4),INDEX('冷凍品'!$D$5:$D$322,MATCH(70,'冷凍品'!$AA$5:$AA$322,0))))
B92: =IF(71>MAX('18℃'!$AA$5:$AA$319),"",HYPERLINK("#'18℃'!D"&(MATCH(71,'18℃'!$AA$5:$AA$319,0)+4),INDEX('18℃'!$D$5:$D$319,MATCH(71,'18℃'!$AA$5:$AA$319,0)))) | C92: =IF(71>MAX('4℃飯'!$AA$5:$AA$319),"",HYPERLINK("#'4℃飯'!D"&(MATCH(71,'4℃飯'!$AA$5:$AA$319,0)+4),INDEX('4℃飯'!$D$5:$D$319,MATCH(71,'4℃飯'!$AA$5:$AA$319,0)))) | D92: =IF(71>MAX('4℃麵'!$AA$5:$AA$310),"",HYPERLINK("#'4℃麵'!D"&(MATCH(71,'4℃麵'!$AA$5:$AA$310,0)+4),INDEX('4℃麵'!$D$5:$D$310,MATCH(71,'4℃麵'!$AA$5:$AA$310,0)))) | E92: =IF(71>MAX('4℃其他'!$AA$5:$AA$322),"",HYPERLINK("#'4℃其他'!D"&(MATCH(71,'4℃其他'!$AA$5:$AA$322,0)+4),INDEX('4℃其他'!$D$5:$D$322,MATCH(71,'4℃其他'!$AA$5:$AA$322,0)))) | F92: =IF(71>MAX('冷凍品'!$AA$5:$AA$322),"",HYPERLINK("#'冷凍品'!D"&(MATCH(71,'冷凍品'!$AA$5:$AA$322,0)+4),INDEX('冷凍品'!$D$5:$D$322,MATCH(71,'冷凍品'!$AA$5:$AA$322,0))))
B93: =IF(72>MAX('18℃'!$AA$5:$AA$319),"",HYPERLINK("#'18℃'!D"&(MATCH(72,'18℃'!$AA$5:$AA$319,0)+4),INDEX('18℃'!$D$5:$D$319,MATCH(72,'18℃'!$AA$5:$AA$319,0)))) | C93: =IF(72>MAX('4℃飯'!$AA$5:$AA$319),"",HYPERLINK("#'4℃飯'!D"&(MATCH(72,'4℃飯'!$AA$5:$AA$319,0)+4),INDEX('4℃飯'!$D$5:$D$319,MATCH(72,'4℃飯'!$AA$5:$AA$319,0)))) | D93: =IF(72>MAX('4℃麵'!$AA$5:$AA$310),"",HYPERLINK("#'4℃麵'!D"&(MATCH(72,'4℃麵'!$AA$5:$AA$310,0)+4),INDEX('4℃麵'!$D$5:$D$310,MATCH(72,'4℃麵'!$AA$5:$AA$310,0)))) | E93: =IF(72>MAX('4℃其他'!$AA$5:$AA$322),"",HYPERLINK("#'4℃其他'!D"&(MATCH(72,'4℃其他'!$AA$5:$AA$322,0)+4),INDEX('4℃其他'!$D$5:$D$322,MATCH(72,'4℃其他'!$AA$5:$AA$322,0)))) | F93: =IF(72>MAX('冷凍品'!$AA$5:$AA$322),"",HYPERLINK("#'冷凍品'!D"&(MATCH(72,'冷凍品'!$AA$5:$AA$322,0)+4),INDEX('冷凍品'!$D$5:$D$322,MATCH(72,'冷凍品'!$AA$5:$AA$322,0))))
B94: =IF(73>MAX('18℃'!$AA$5:$AA$319),"",HYPERLINK("#'18℃'!D"&(MATCH(73,'18℃'!$AA$5:$AA$319,0)+4),INDEX('18℃'!$D$5:$D$319,MATCH(73,'18℃'!$AA$5:$AA$319,0)))) | C94: =IF(73>MAX('4℃飯'!$AA$5:$AA$319),"",HYPERLINK("#'4℃飯'!D"&(MATCH(73,'4℃飯'!$AA$5:$AA$319,0)+4),INDEX('4℃飯'!$D$5:$D$319,MATCH(73,'4℃飯'!$AA$5:$AA$319,0)))) | D94: =IF(73>MAX('4℃麵'!$AA$5:$AA$310),"",HYPERLINK("#'4℃麵'!D"&(MATCH(73,'4℃麵'!$AA$5:$AA$310,0)+4),INDEX('4℃麵'!$D$5:$D$310,MATCH(73,'4℃麵'!$AA$5:$AA$310,0)))) | E94: =IF(73>MAX('4℃其他'!$AA$5:$AA$322),"",HYPERLINK("#'4℃其他'!D"&(MATCH(73,'4℃其他'!$AA$5:$AA$322,0)+4),INDEX('4℃其他'!$D$5:$D$322,MATCH(73,'4℃其他'!$AA$5:$AA$322,0)))) | F94: =IF(73>MAX('冷凍品'!$AA$5:$AA$322),"",HYPERLINK("#'冷凍品'!D"&(MATCH(73,'冷凍品'!$AA$5:$AA$322,0)+4),INDEX('冷凍品'!$D$5:$D$322,MATCH(73,'冷凍品'!$AA$5:$AA$322,0))))
B95: =IF(74>MAX('18℃'!$AA$5:$AA$319),"",HYPERLINK("#'18℃'!D"&(MATCH(74,'18℃'!$AA$5:$AA$319,0)+4),INDEX('18℃'!$D$5:$D$319,MATCH(74,'18℃'!$AA$5:$AA$319,0)))) | C95: =IF(74>MAX('4℃飯'!$AA$5:$AA$319),"",HYPERLINK("#'4℃飯'!D"&(MATCH(74,'4℃飯'!$AA$5:$AA$319,0)+4),INDEX('4℃飯'!$D$5:$D$319,MATCH(74,'4℃飯'!$AA$5:$AA$319,0)))) | D95: =IF(74>MAX('4℃麵'!$AA$5:$AA$310),"",HYPERLINK("#'4℃麵'!D"&(MATCH(74,'4℃麵'!$AA$5:$AA$310,0)+4),INDEX('4℃麵'!$D$5:$D$310,MATCH(74,'4℃麵'!$AA$5:$AA$310,0)))) | E95: =IF(74>MAX('4℃其他'!$AA$5:$AA$322),"",HYPERLINK("#'4℃其他'!D"&(MATCH(74,'4℃其他'!$AA$5:$AA$322,0)+4),INDEX('4℃其他'!$D$5:$D$322,MATCH(74,'4℃其他'!$AA$5:$AA$322,0)))) | F95: =IF(74>MAX('冷凍品'!$AA$5:$AA$322),"",HYPERLINK("#'冷凍品'!D"&(MATCH(74,'冷凍品'!$AA$5:$AA$322,0)+4),INDEX('冷凍品'!$D$5:$D$322,MATCH(74,'冷凍品'!$AA$5:$AA$322,0))))
B96: =IF(75>MAX('18℃'!$AA$5:$AA$319),"",HYPERLINK("#'18℃'!D"&(MATCH(75,'18℃'!$AA$5:$AA$319,0)+4),INDEX('18℃'!$D$5:$D$319,MATCH(75,'18℃'!$AA$5:$AA$319,0)))) | C96: =IF(75>MAX('4℃飯'!$AA$5:$AA$319),"",HYPERLINK("#'4℃飯'!D"&(MATCH(75,'4℃飯'!$AA$5:$AA$319,0)+4),INDEX('4℃飯'!$D$5:$D$319,MATCH(75,'4℃飯'!$AA$5:$AA$319,0)))) | D96: =IF(75>MAX('4℃麵'!$AA$5:$AA$310),"",HYPERLINK("#'4℃麵'!D"&(MATCH(75,'4℃麵'!$AA$5:$AA$310,0)+4),INDEX('4℃麵'!$D$5:$D$310,MATCH(75,'4℃麵'!$AA$5:$AA$310,0)))) | E96: =IF(75>MAX('4℃其他'!$AA$5:$AA$322),"",HYPERLINK("#'4℃其他'!D"&(MATCH(75,'4℃其他'!$AA$5:$AA$322,0)+4),INDEX('4℃其他'!$D$5:$D$322,MATCH(75,'4℃其他'!$AA$5:$AA$322,0)))) | F96: =IF(75>MAX('冷凍品'!$AA$5:$AA$322),"",HYPERLINK("#'冷凍品'!D"&(MATCH(75,'冷凍品'!$AA$5:$AA$322,0)+4),INDEX('冷凍品'!$D$5:$D$322,MATCH(75,'冷凍品'!$AA$5:$AA$322,0))))
B97: =IF(76>MAX('18℃'!$AA$5:$AA$319),"",HYPERLINK("#'18℃'!D"&(MATCH(76,'18℃'!$AA$5:$AA$319,0)+4),INDEX('18℃'!$D$5:$D$319,MATCH(76,'18℃'!$AA$5:$AA$319,0)))) | C97: =IF(76>MAX('4℃飯'!$AA$5:$AA$319),"",HYPERLINK("#'4℃飯'!D"&(MATCH(76,'4℃飯'!$AA$5:$AA$319,0)+4),INDEX('4℃飯'!$D$5:$D$319,MATCH(76,'4℃飯'!$AA$5:$AA$319,0)))) | D97: =IF(76>MAX('4℃麵'!$AA$5:$AA$310),"",HYPERLINK("#'4℃麵'!D"&(MATCH(76,'4℃麵'!$AA$5:$AA$310,0)+4),INDEX('4℃麵'!$D$5:$D$310,MATCH(76,'4℃麵'!$AA$5:$AA$310,0)))) | E97: =IF(76>MAX('4℃其他'!$AA$5:$AA$322),"",HYPERLINK("#'4℃其他'!D"&(MATCH(76,'4℃其他'!$AA$5:$AA$322,0)+4),INDEX('4℃其他'!$D$5:$D$322,MATCH(76,'4℃其他'!$AA$5:$AA$322,0)))) | F97: =IF(76>MAX('冷凍品'!$AA$5:$AA$322),"",HYPERLINK("#'冷凍品'!D"&(MATCH(76,'冷凍品'!$AA$5:$AA$322,0)+4),INDEX('冷凍品'!$D$5:$D$322,MATCH(76,'冷凍品'!$AA$5:$AA$322,0))))
B98: =IF(77>MAX('18℃'!$AA$5:$AA$319),"",HYPERLINK("#'18℃'!D"&(MATCH(77,'18℃'!$AA$5:$AA$319,0)+4),INDEX('18℃'!$D$5:$D$319,MATCH(77,'18℃'!$AA$5:$AA$319,0)))) | C98: =IF(77>MAX('4℃飯'!$AA$5:$AA$319),"",HYPERLINK("#'4℃飯'!D"&(MATCH(77,'4℃飯'!$AA$5:$AA$319,0)+4),INDEX('4℃飯'!$D$5:$D$319,MATCH(77,'4℃飯'!$AA$5:$AA$319,0)))) | D98: =IF(77>MAX('4℃麵'!$AA$5:$AA$310),"",HYPERLINK("#'4℃麵'!D"&(MATCH(77,'4℃麵'!$AA$5:$AA$310,0)+4),INDEX('4℃麵'!$D$5:$D$310,MATCH(77,'4℃麵'!$AA$5:$AA$310,0)))) | E98: =IF(77>MAX('4℃其他'!$AA$5:$AA$322),"",HYPERLINK("#'4℃其他'!D"&(MATCH(77,'4℃其他'!$AA$5:$AA$322,0)+4),INDEX('4℃其他'!$D$5:$D$322,MATCH(77,'4℃其他'!$AA$5:$AA$322,0)))) | F98: =IF(77>MAX('冷凍品'!$AA$5:$AA$322),"",HYPERLINK("#'冷凍品'!D"&(MATCH(77,'冷凍品'!$AA$5:$AA$322,0)+4),INDEX('冷凍品'!$D$5:$D$322,MATCH(77,'冷凍品'!$AA$5:$AA$322,0))))
B99: =IF(78>MAX('18℃'!$AA$5:$AA$319),"",HYPERLINK("#'18℃'!D"&(MATCH(78,'18℃'!$AA$5:$AA$319,0)+4),INDEX('18℃'!$D$5:$D$319,MATCH(78,'18℃'!$AA$5:$AA$319,0)))) | C99: =IF(78>MAX('4℃飯'!$AA$5:$AA$319),"",HYPERLINK("#'4℃飯'!D"&(MATCH(78,'4℃飯'!$AA$5:$AA$319,0)+4),INDEX('4℃飯'!$D$5:$D$319,MATCH(78,'4℃飯'!$AA$5:$AA$319,0)))) | D99: =IF(78>MAX('4℃麵'!$AA$5:$AA$310),"",HYPERLINK("#'4℃麵'!D"&(MATCH(78,'4℃麵'!$AA$5:$AA$310,0)+4),INDEX('4℃麵'!$D$5:$D$310,MATCH(78,'4℃麵'!$AA$5:$AA$310,0)))) | E99: =IF(78>MAX('4℃其他'!$AA$5:$AA$322),"",HYPERLINK("#'4℃其他'!D"&(MATCH(78,'4℃其他'!$AA$5:$AA$322,0)+4),INDEX('4℃其他'!$D$5:$D$322,MATCH(78,'4℃其他'!$AA$5:$AA$322,0)))) | F99: =IF(78>MAX('冷凍品'!$AA$5:$AA$322),"",HYPERLINK("#'冷凍品'!D"&(MATCH(78,'冷凍品'!$AA$5:$AA$322,0)+4),INDEX('冷凍品'!$D$5:$D$322,MATCH(78,'冷凍品'!$AA$5:$AA$322,0))))
B100: =IF(79>MAX('18℃'!$AA$5:$AA$319),"",HYPERLINK("#'18℃'!D"&(MATCH(79,'18℃'!$AA$5:$AA$319,0)+4),INDEX('18℃'!$D$5:$D$319,MATCH(79,'18℃'!$AA$5:$AA$319,0)))) | C100: =IF(79>MAX('4℃飯'!$AA$5:$AA$319),"",HYPERLINK("#'4℃飯'!D"&(MATCH(79,'4℃飯'!$AA$5:$AA$319,0)+4),INDEX('4℃飯'!$D$5:$D$319,MATCH(79,'4℃飯'!$AA$5:$AA$319,0)))) | D100: =IF(79>MAX('4℃麵'!$AA$5:$AA$310),"",HYPERLINK("#'4℃麵'!D"&(MATCH(79,'4℃麵'!$AA$5:$AA$310,0)+4),INDEX('4℃麵'!$D$5:$D$310,MATCH(79,'4℃麵'!$AA$5:$AA$310,0)))) | E100: =IF(79>MAX('4℃其他'!$AA$5:$AA$322),"",HYPERLINK("#'4℃其他'!D"&(MATCH(79,'4℃其他'!$AA$5:$AA$322,0)+4),INDEX('4℃其他'!$D$5:$D$322,MATCH(79,'4℃其他'!$AA$5:$AA$322,0)))) | F100: =IF(79>MAX('冷凍品'!$AA$5:$AA$322),"",HYPERLINK("#'冷凍品'!D"&(MATCH(79,'冷凍品'!$AA$5:$AA$322,0)+4),INDEX('冷凍品'!$D$5:$D$322,MATCH(79,'冷凍品'!$AA$5:$AA$322,0))))
B101: =IF(80>MAX('18℃'!$AA$5:$AA$319),"",HYPERLINK("#'18℃'!D"&(MATCH(80,'18℃'!$AA$5:$AA$319,0)+4),INDEX('18℃'!$D$5:$D$319,MATCH(80,'18℃'!$AA$5:$AA$319,0)))) | C101: =IF(80>MAX('4℃飯'!$AA$5:$AA$319),"",HYPERLINK("#'4℃飯'!D"&(MATCH(80,'4℃飯'!$AA$5:$AA$319,0)+4),INDEX('4℃飯'!$D$5:$D$319,MATCH(80,'4℃飯'!$AA$5:$AA$319,0)))) | D101: =IF(80>MAX('4℃麵'!$AA$5:$AA$310),"",HYPERLINK("#'4℃麵'!D"&(MATCH(80,'4℃麵'!$AA$5:$AA$310,0)+4),INDEX('4℃麵'!$D$5:$D$310,MATCH(80,'4℃麵'!$AA$5:$AA$310,0)))) | E101: =IF(80>MAX('4℃其他'!$AA$5:$AA$322),"",HYPERLINK("#'4℃其他'!D"&(MATCH(80,'4℃其他'!$AA$5:$AA$322,0)+4),INDEX('4℃其他'!$D$5:$D$322,MATCH(80,'4℃其他'!$AA$5:$AA$322,0)))) | F101: =IF(80>MAX('冷凍品'!$AA$5:$AA$322),"",HYPERLINK("#'冷凍品'!D"&(MATCH(80,'冷凍品'!$AA$5:$AA$322,0)+4),INDEX('冷凍品'!$D$5:$D$322,MATCH(80,'冷凍品'!$AA$5:$AA$322,0))))
B102: =IF(81>MAX('18℃'!$AA$5:$AA$319),"",HYPERLINK("#'18℃'!D"&(MATCH(81,'18℃'!$AA$5:$AA$319,0)+4),INDEX('18℃'!$D$5:$D$319,MATCH(81,'18℃'!$AA$5:$AA$319,0)))) | C102: =IF(81>MAX('4℃飯'!$AA$5:$AA$319),"",HYPERLINK("#'4℃飯'!D"&(MATCH(81,'4℃飯'!$AA$5:$AA$319,0)+4),INDEX('4℃飯'!$D$5:$D$319,MATCH(81,'4℃飯'!$AA$5:$AA$319,0)))) | D102: =IF(81>MAX('4℃麵'!$AA$5:$AA$310),"",HYPERLINK("#'4℃麵'!D"&(MATCH(81,'4℃麵'!$AA$5:$AA$310,0)+4),INDEX('4℃麵'!$D$5:$D$310,MATCH(81,'4℃麵'!$AA$5:$AA$310,0)))) | E102: =IF(81>MAX('4℃其他'!$AA$5:$AA$322),"",HYPERLINK("#'4℃其他'!D"&(MATCH(81,'4℃其他'!$AA$5:$AA$322,0)+4),INDEX('4℃其他'!$D$5:$D$322,MATCH(81,'4℃其他'!$AA$5:$AA$322,0)))) | F102: =IF(81>MAX('冷凍品'!$AA$5:$AA$322),"",HYPERLINK("#'冷凍品'!D"&(MATCH(81,'冷凍品'!$AA$5:$AA$322,0)+4),INDEX('冷凍品'!$D$5:$D$322,MATCH(81,'冷凍品'!$AA$5:$AA$322,0))))
B103: =IF(82>MAX('18℃'!$AA$5:$AA$319),"",HYPERLINK("#'18℃'!D"&(MATCH(82,'18℃'!$AA$5:$AA$319,0)+4),INDEX('18℃'!$D$5:$D$319,MATCH(82,'18℃'!$AA$5:$AA$319,0)))) | C103: =IF(82>MAX('4℃飯'!$AA$5:$AA$319),"",HYPERLINK("#'4℃飯'!D"&(MATCH(82,'4℃飯'!$AA$5:$AA$319,0)+4),INDEX('4℃飯'!$D$5:$D$319,MATCH(82,'4℃飯'!$AA$5:$AA$319,0)))) | D103: =IF(82>MAX('4℃麵'!$AA$5:$AA$310),"",HYPERLINK("#'4℃麵'!D"&(MATCH(82,'4℃麵'!$AA$5:$AA$310,0)+4),INDEX('4℃麵'!$D$5:$D$310,MATCH(82,'4℃麵'!$AA$5:$AA$310,0)))) | E103: =IF(82>MAX('4℃其他'!$AA$5:$AA$322),"",HYPERLINK("#'4℃其他'!D"&(MATCH(82,'4℃其他'!$AA$5:$AA$322,0)+4),INDEX('4℃其他'!$D$5:$D$322,MATCH(82,'4℃其他'!$AA$5:$AA$322,0)))) | F103: =IF(82>MAX('冷凍品'!$AA$5:$AA$322),"",HYPERLINK("#'冷凍品'!D"&(MATCH(82,'冷凍品'!$AA$5:$AA$322,0)+4),INDEX('冷凍品'!$D$5:$D$322,MATCH(82,'冷凍品'!$AA$5:$AA$322,0))))
...

Sheet 填寫說明
B2: 商品半成品與調理設備應用展開一覽表｜填寫說明
B4: 目的 | C4: 盤點本廠商品之半成品組成，及各半成品應用之熱調理設備，據以掌握設備應用狀態（初步以「應用半成品數」衡量），並透過風險示警提前辨識設備依賴集中與資料缺漏。本檔為單一工廠使用，每廠一檔。
B6: 工作表結構 | C6: 「總覽」可點商品名稱跳至明細；五個溫層分頁填寫半成品與設備。「設備應用統計」自動彙總，僅藍字門檻可調整。
B7: 分頁歸類原則 | C7: 商品依販售溫層與品類歸入對應分頁；同一商品的所有半成品填在同一分頁。分頁內的「商品分類」欄可再填細分品類（如飯糰、壽司、便當、涼麵、甜點等）。
B9: 填寫規則 1 | C9: 填寫字體規範「微軟正黑體」，字體大小「10」號
B10: 填寫規則 2 | C10: 每一列代表「一個商品 × 一項半成品」。同一商品有 3 項半成品即填 3 列，且每列的工廠、商品名稱都要填（勿留空、勿合併儲存格），統計公式才能正確計算。
B11: 填寫規則 3 | C11: 有使用調理設備時，在該設備欄下拉選「V」。完全不經調理時，僅於「無使用調理設備」選「V」，不可同時勾選。
B12: 填寫規則 4 | C12: 單位用量分兩欄：「數值」填數字、「單位」下拉選公克或個。製程率直接填數字（如 92），系統自動顯示為 92%。尚未確認者可先留白，不影響設備統計。
B13: 填寫規則 5 | C13: 每列須填「建檔人員」，作為資料追溯窗口。「備註」請註記指示書編號與版本日期，依各分頁欄名填寫。
B14: 填寫規則 6 | C14: 最右側「系統用」隱藏欄自動計算商品目錄與品項數，請勿貼上數值或手動修改。
B16: 風險示警邏輯 | C16: 門檻可於「設備應用統計」C3:C5 藍字儲存格調整。檢核結果共五種狀態：
B17: ⚠ 資料缺漏（紅） | C17: 半成品已填名稱，但 11 個設備欄與「無使用調理設備」皆未勾選 → 須補填，或確認為免調理並勾選「無使用調理設備」。
B18: ⚠ 勾選矛盾（紅） | C18: 同時勾選「無使用調理設備」與任一設備欄 → 邏輯矛盾，請擇一修正。
... B25: 自動資料檢查 | C25: 以下以已填商品或半成品的資料列檢查。數量按明細列計，同一商品可有多列。
B26: 狀態未填（列） | C26: =SUM(COUNTIFS('18℃'!$D$5:$D$319,"<>",'18℃'!$A$5:$A$319,""),COUNTIFS('4℃飯'!$D$5:$D$319,"<>",'4℃飯'!$A$5:$A$319,""),COUNTIFS('4℃麵'!$D$5:$D$310,"<>",'4℃麵'!$A$5:$A$310,""),COUNTIFS('4℃其他'!$D$5:$D$322,"<>",'4℃其他'!$A$5:$A$322,""),COUNTIFS('冷凍品'!$D$5:$D$322,"<>",'冷凍品'!$B$5:$B$322,"")) -> 0
B27: 半成品名稱未填（列） | C27: =SUM(COUNTIFS('18℃'!$D$5:$D$319,"<>",'18℃'!$E$5:$E$319,""),COUNTIFS('4℃飯'!$D$5:$D$319,"<>",'4℃飯'!$E$5:$E$319,""),COUNTIFS('4℃麵'!$D$5:$D$310,"<>",'4℃麵'!$E$5:$E$310,""),COUNTIFS('4℃其他'!$D$5:$D$322,"<>",'4℃其他'!$E$5:$E$322,""),COUNTIFS('冷凍品'!$D$5:$D$322,"<>",'冷凍品'!$E$5:$E$322,"")) -> 0
B28: 設備未勾選（列） | C28: =SUM(COUNTIF('18℃'!$V$5:$V$319,"⚠ 資料缺漏"),COUNTIF('4℃飯'!$V$5:$V$319,"⚠ 資料缺漏"),COUNTIF('4℃麵'!$V$5:$V$310,"⚠ 資料缺漏"),COUNTIF('4℃其他'!$V$5:$V$322,"⚠ 資料缺漏"),COUNTIF('冷凍品'!$V$5:$V$322,"⚠ 資料缺漏")) -> 0
B29: 設備勾選矛盾（列） | C29: =SUM(COUNTIF('18℃'!$V$5:$V$319,"⚠ 勾選矛盾"),COUNTIF('4℃飯'!$V$5:$V$319,"⚠ 勾選矛盾"),COUNTIF('4℃麵'!$V$5:$V$310,"⚠ 勾選矛盾"),COUNTIF('4℃其他'!$V$5:$V$322,"⚠ 勾選矛盾"),COUNTIF('冷凍品'!$V$5:$V$322,"⚠ 勾選矛盾")) -> 0
B30: 建檔人員未填（列） | C30: =SUM(COUNTIFS('18℃'!$E$5:$E$319,"<>",'18℃'!$Y$5:$Y$319,""),COUNTIFS('4℃飯'!$E$5:$E$319,"<>",'4℃飯'!$Y$5:$Y$319,""),COUNTIFS('4℃麵'!$E$5:$E$310,"<>",'4℃麵'!$Y$5:$Y$310,""),COUNTIFS('4℃其他'!$E$5:$E$322,"<>",'4℃其他'!$Y$5:$Y$322,""),COUNTIFS('冷凍品'!$E$5:$E$322,"<>",'冷凍品'!$Y$5:$Y$322,"")) -> 299
B31: 工廠不符或未填（列） | C31: =SUM(COUNTIFS('18℃'!$E$5:$E$319,"<>",'18℃'!$B$5:$B$319,"<>大溪"),COUNTIFS('4℃飯'!$E$5:$E$319,"<>",'4℃飯'!$B$5:$B$319,"<>大溪"),COUNTIFS('4℃麵'!$E$5:$E$310,"<>",'4℃麵'!$B$5:$B$310,"<>大溪"),COUNTIFS('4℃其他'!$E$5:$E$322,"<>",'4℃其他'!$B$5:$B$322,"<>大溪"),COUNTIFS('冷凍品'!$E$5:$E$322,"<>",'冷凍品'!$A$5:$A$322,"<>大溪")) -> 0
B32: 用量有值但單位未填（列） | C32: =SUM(COUNTIFS('18℃'!$E$5:$E$319,"<>",'18℃'!$F$5:$F$319,"<>",'18℃'!$G$5:$G$319,""),COUNTIFS('4℃飯'!$E$5:$E$319,"<>",'4℃飯'!$F$5:$F$319,"<>",'4℃飯'!$G$5:$G$319,""),COUNTIFS('4℃麵'!$E$5:$E$310,"<>",'4℃麵'!$F$5:$F$310,"<>",'4℃麵'!$G$5:$G$310,""),COUNTIFS('4℃其他'!$E$5:$E$322,"<>",'4℃其他'!$F$5:$F$322,"<>",'4℃其他'!$G$5:$G$322,""),COUNTIFS('冷凍品'!$E$5:$E$322,"<>",'冷凍品'!$F$5:$F$322,"<>",'冷凍品'!$G$5:$G$322,"")) -> 0
B34: 狀態判定基準 | C34: 本次已確認狀態依2026/10/14訂單與逐項確認結果。未上市商品保留待上架。後續更新需先確認訂單日期。
B35: 篩選與色彩 | C35: 狀態欄可篩選架上、下架、待上架。橘色表示狀態漏填或同商品不一致；淡黃表示建檔人員或單位待補。
B36: 批次更新同一商品 | C36: 先用商品名稱篩選，選取該商品可見的狀態儲存格，按 Alt+; 僅選可見儲存格，輸入狀態後按 Ctrl+Enter。
B37: 新增商品或半成品 | C37: 請在現有表格範圍內插入整列，再複製相鄰整列的格式、公式與選單，清除輸入資料後填寫新內容。
B38: 保留未確認內容 | C38: 未有依據的建檔人員、用量與單位不代填。未設狀態欄的分頁不納入狀態漏填檢查，既有「-」保留待確認。

Sheet 18℃
A1: 商品半成品與調理設備應用展開一覽表｜18℃
A2: 商品資訊 | I2: 熱調理區（使用者填「V」；免調理者勾最右欄） | U2: 自動計算與風險檢核（勿手動修改） | X2: 建檔資訊（手填）
A3: 狀態 | B3: 工廠 | C3: 商品分類 (細分品類) | D3: 商品名稱 | E3: 半成品名稱 | F3: 單位用量 | H3: 製程率 (填數字) | I3: 炊飯 | J3: 煮麵 | K3: 烤箱 | L3: 炙燒 | M3: 蒸箱 | N3: 油炸機 | O3: 二重釜 | P3: 平釜 (日) | Q3: 平釜 (台) | R3: 蛋皮機 | S3: 壓力鍋 | T3: 無使用 調理設備 | U3: 使用 設備數 | V3: 檢核結果 | W3: 風險說明 | X3: 備註 (指示書編號/版本) | Y3: 建檔人員 | Z3: 系統用Y | AA3: 系統用Z
F4: 數值 | G4: 單位
A5: 下架 | B5: 大溪 | C5: 飯糰 | D5: 柚檸海灣貝飯糰 | E5: 煮一見鍾情飯 | F5: 95 | G5: 公克 | H5: 92.5 | I5: V | O5: V | U5: =IF($E5="","",COUNTIF($I5:$S5,"V")) -> 2 | V5: =IF($E5="","",IF(AND($T5="V",$U5>0),"⚠ 勾選矛盾",IF($T5="V","○ 免調理",IF($U5=0,"⚠ 資料缺漏",IF($U5=1,"▲ 單一設備依賴","OK"))))) -> OK | W5: =IF($E5="","",IF(AND($T5="V",$U5>0),"「無使用調理設備」不可與設備欄同時勾選，請擇一修正",IF($T5="V","免調理半成品（外購/僅切配等），不列入設備風險評估",IF($U5=0,"未勾選任何設備，請補填或勾選「無使用調理設備」",IF($U5=1,"僅依賴1台設備，須確認故障/排修時之備援製程","無異常"))))) -> 無異常 | X5: 大溪廠_2026.04.15_柚檸海灣貝飯糰_2026.07校正 | Z5: =IF($D5="",0,IF(COUNTIF($D$5:$D5,$D5)=1,1,0)) -> 1 | AA5: =IF(Z5=1,SUM($Z$5:$Z5),"") -> 1
A6: 下架 | B6: 大溪 | C6: 飯糰 | D6: 柚檸海灣貝飯糰 | E6: 煮柚檸醬油 | F6: 4 | G6: 公克 | H6: 57.8 | O6: V | U6: =IF($E6="","",COUNTIF($I6:$S6,"V")) -> 1 | V6: =IF($E6="","",IF(AND($T6="V",$U6>0),"⚠ 勾選矛盾",IF($T6="V","○ 免調理",IF($U6=0,"⚠ 資料缺漏",IF($U6=1,"▲ 單一設備依賴","OK"))))) -> ▲ 單一設備依賴 | W6: =IF($E6="","",IF(AND($T6="V",$U6>0),"「無使用調理設備」不可與設備欄同時勾選，請擇一修正",IF($T6="V","免調理半成品（外購/僅切配等），不列入設備風險評估",IF($U6=0,"未勾選任何設備，請補填或勾選「無使用調理設備」",IF($U6=1,"僅依賴1台設備，須確認故障/排修時之備援製程","無異常"))))) -> 僅依賴1台設備，須確認故障/排修時之備援製程 | X6: 大溪廠_2026.04.15_柚檸海灣貝飯糰_2026.07校正 | Z6: =IF($D6="",0,IF(COUNTIF($D$5:$D6,$D6)=1,1,0)) -> 0 | AA6: =IF(Z6=1,SUM($Z$5:$Z6),"")
A7: 下架 | B7: 大溪 | C7: 飯糰 | D7: 柚檸海灣貝飯糰 | E7: 調味扇貝柱-F | F7: 3 | G7: 個 | H7: 64.2 | T7: V | U7: =IF($E7="","",COUNTIF($I7:$S7,"V")) -> 0 | V7: =IF($E7="","",IF(AND($T7="V",$U7>0),"⚠ 勾選矛盾",IF($T7="V","○ 免調理",IF($U7=0,"⚠ 資料缺漏",IF($U7=1,"▲ 單一設備依賴","OK"))))) -> ○ 免調理 | W7: =IF($E7="","",IF(AND($T7="V",$U7>0),"「無使用調理設備」不可與設備欄同時勾選，請擇一修正",IF($T7="V","免調理半成品（外購/僅切配等），不列入設備風險評估",IF($U7=0,"未勾選任何設備，請補填或勾選「無使用調理設備」",IF($U7=1,"僅依賴1台設備，須確認故障/排修時之備援製程","無異常"))))) -> 免調理半成品（外購/僅切配等），不列入設備風險評估 | X7: 大溪廠_2026.04.15_柚檸海灣貝飯糰_2026.07校正 | Z7: =IF($D7="",0,IF(COUNTIF($D$5:$D7,$D7)=1,1,0)) -> 0 | AA7: =IF(Z7=1,SUM($Z$5:$Z7),"")
A8: 下架 | B8: 大溪 | C8: 飯糰 | D8: 柚檸海灣貝飯糰 | E8: 原味海苔(極選膠膜) | F8: 1 | G8: 個 | H8: 100 | T8: V | U8: =IF($E8="","",COUNTIF($I8:$S8,"V")) -> 0 | V8: =IF($E8="","",IF(AND($T8="V",$U8>0),"⚠ 勾選矛盾",IF($T8="V","○ 免調理",IF($U8=0,"⚠ 資料缺漏",IF($U8=1,"▲ 單一設備依賴","OK"))))) -> ○ 免調理 | W8: =IF($E8="","",IF(AND($T8="V",$U8>0),"「無使用調理設備」不可與設備欄同時勾選，請擇一修正",IF($T8="V","免調理半成品（外購/僅切配等），不列入設備風險評估",IF($U8=0,"未勾選任何設備，請補填或勾選「無使用調理設備」",IF($U8=1,"僅依賴1台設備，須確認故障/排修時之備援製程","無異常"))))) -> 免調理半成品（外購/僅切配等），不列入設備風險評估 | X8: 大溪廠_2026.04.15_柚檸海灣貝飯糰_2026.07校正 | Z8: =IF($D8="",0,IF(COUNTIF($D$5:$D8,$D8)=1,1,0)) -> 0 | AA8: =IF(Z8=1,SUM($Z$5:$Z8),"")
A9: 架上 | B9: 大溪 | C9: 飯糰 | D9: 筋子銀鮭飯糰 | E9: 煮一見鍾情飯 | F9: 95 | G9: 公克 | H9: 92 | I9: V | O9: V | U9: =IF($E9="","",COUNTIF($I9:$S9,"V")) -> 2 | V9: =IF($E9="","",IF(AND($T9="V",$U9>0),"⚠ 勾選矛盾",IF($T9="V","○ 免調理",IF($U9=0,"⚠ 資料缺漏",IF($U9=1,"▲ 單一設備依賴","OK"))))) -> OK | W9: =IF($E9="","",IF(AND($T9="V",$U9>0),"「無使用調理設備」不可與設備欄同時勾選，請擇一修正",IF($T9="V","免調理半成品（外購/僅切配等），不列入設備風險評估",IF($U9=0,"未勾選任何設備，請補填或勾選「無使用調理設備」",IF($U9=1,"僅依賴1台設備，須確認故障/排修時之備援製程","無異常"))))) -> 無異常 | X9: 1150715筋子銀鮭飯糰.確認版(1) | Z9: =IF($D9="",0,IF(COUNTIF($D$5:$D9,$D9)=1,1,0)) -> 1 | AA9: =IF(Z9=1,SUM($Z$5:$Z9),"") -> 2
A10: 架上 | B10: 大溪 | C10: 飯糰 | D10: 筋子銀鮭飯糰 | E10: 新冷凍銀鮭碎肉 | F10: 4 | G10: 公克 | H10: 100 | T10: V | U10: =IF($E10="","",COUNTIF($I10:$S10,"V")) -> 0 | V10: =IF($E10="","",IF(AND($T10="V",$U10>0),"⚠ 勾選矛盾",IF($T10="V","○ 免調理",IF($U10=0,"⚠ 資料缺漏",IF($U10=1,"▲ 單一設備依賴","OK"))))) -> ○ 免調理 | W10: =IF($E10="","",IF(AND($T10="V",$U10>0),"「無使用調理設備」不可與設備欄同時勾選，請擇一修正",IF($T10="V","免調理半成品（外購/僅切配等），不列入設備風險評估",IF($U10=0,"未勾選任何設備，請補填或勾選「無使用調理設備」",IF($U10=1,"僅依賴1台設備，須確認故障/排修時之備援製程","無異常"))))) -> 免調理半成品（外購/僅切配等），不列入設備風險評估 | X10: 1150715筋子銀鮭飯糰.確認版(1) | Z10: =IF($D10="",0,IF(COUNTIF($D$5:$D10,$D10)=1,1,0)) -> 0 | AA10: =IF(Z10=1,SUM($Z$5:$Z10),"")
A11: 架上 | B11: 大溪 | C11: 飯糰 | D11: 筋子銀鮭飯糰 | E11: 切筋子1cm | F11: 4 | G11: 公克 | H11: 85 | T11: V | U11: =IF($E11="","",COUNTIF($I11:$S11,"V")) -> 0 | V11: =IF($E11="","",IF(AND($T11="V",$U11>0),"⚠ 勾選矛盾",IF($T11="V","○ 免調理",IF($U11=0,"⚠ 資料缺漏",IF($U11=1,"▲ 單一設備依賴","OK"))))) -> ○ 免調理 | W11: =IF($E11="","",IF(AND($T11="V",$U11>0),"「無使用調理設備」不可與設備欄同時勾選，請擇一修正",IF($T11="V","免調理半成品（外購/僅切配等），不列入設備風險評估",IF($U11=0,"未勾選任何設備，請補填或勾選「無使用調理設備」",IF($U11=1,"僅依賴1台設備，須確認故障/排修時之備援製程","無異常"))))) -> 免調理半成品（外購/僅切配等），不列入設備風險評估 | X11: 1150715筋子銀鮭飯糰.確認版(1) | Z11: =IF($D11="",0,IF(COUNTIF($D$5:$D11,$D11)=1,1,0)) -> 0 | AA11: =IF(Z11=1,SUM($Z$5:$Z11),"")
A12: 架上 | B12: 大溪 | C12: 飯糰 | D12: 筋子銀鮭飯糰 | E12: 日式三角芥末海苔 | F12: 1 | G12: 個 | H12: 100 | T12: V | U12: =IF($E12="","",COUNTIF($I12:$S12,"V")) -> 0 | V12: =IF($E12="","",IF(AND($T12="V",$U12>0),"⚠ 勾選矛盾",IF($T12="V","○ 免調理",IF($U12=0,"⚠ 資料缺漏",IF($U12=1,"▲ 單一設備依賴","OK"))))) -> ○ 免調理 | W12: =IF($E12="","",IF(AND($T12="V",$U12>0),"「無使用調理設備」不可與設備欄同時勾選，請擇一修正",IF($T12="V","免調理半成品（外購/僅切配等），不列入設備風險評估",IF($U12=0,"未勾選任何設備，請補填或勾選「無使用調理設備」",IF($U12=1,"僅依賴1台設備，須確認故障/排修時之備援製程","無異常"))))) -> 免調理半成品（外購/僅切配等），不列入設備風險評估 | X12: 1150715筋子銀鮭飯糰.確認版(1) | Z12: =IF($D12="",0,IF(COUNTIF($D$5:$D12,$D12)=1,1,0)) -> 0 | AA12: =IF(Z12=1,SUM($Z$5:$Z12),"")
A13: 架上 | B13: 大溪 | C13: 飯糰 | D13: 鮭魚奶油醬油飯糰 | E13: 日式醬油飯 | F13: 95 | G13: 公克 | H13: 91.1 | I13: V | O13: V | U13: =IF($E13="","",COUNTIF($I13:$S13,"V")) -> 2 | V13: =IF($E13="","",IF(AND($T13="V",$U13>0),"⚠ 勾選矛盾",IF($T13="V","○ 免調理",IF($U13=0,"⚠ 資料缺漏",IF($U13=1,"▲ 單一設備依賴","OK"))))) -> OK | W13: =IF($E13="","",IF(AND($T13="V",$U13>0),"「無使用調理設備」不可與設備欄同時勾選，請擇一修正",IF($T13="V","免調理半成品（外購/僅切配等），不列入設備風險評估",IF($U13=0,"未勾選任何設備，請補填或勾選「無使用調理設備」",IF($U13=1,"僅依賴1台設備，須確認故障/排修時之備援製程","無異常"))))) -> 無異常 | X13: 大溪_2025.12.31_鮭魚奶油醬油飯糰_2026.07校正 | Z13: =IF($D13="",0,IF(COUNTIF($D$5:$D13,$D13)=1,1,0)) -> 1 | AA13: =IF(Z13=1,SUM($Z$5:$Z13),"") -> 3
A14: 架上 | B14: 大溪 | C14: 飯糰 | D14: 鮭魚奶油醬油飯糰 | E14: 拌鮭魚奶油醬 | F14: 10 | G14: 公克 | H14: 95 | O14: V | U14: =IF($E14="","",COUNTIF($I14:$S14,"V")) -> 1 | V14: =IF($E14="","",IF(AND($T14="V",$U14>0),"⚠ 勾選矛盾",IF($T14="V","○ 免調理",IF($U14=0,"⚠ 資料缺漏",IF($U14=1,"▲ 單一設備依賴","OK"))))) -> ▲ 單一設備依賴 | W14: =IF($E14="","",IF(AND($T14="V",$U14>0),"「無使用調理設備」不可與設備欄同時勾選，請擇一修正",IF($T14="V","免調理半成品（外購/僅切配等），不列入設備風險評估",IF($U14=0,"未勾選任何設備，請補填或勾選「無使用調理設備」",IF($U14=1,"僅依賴1台設備，須確認故障/排修時之備援製程","無異常"))))) -> 僅依賴1台設備，須確認故障/排修時之備援製程 | X14: 大溪_2025.12.31_鮭魚奶油醬油飯糰_2026.07校正 | Z14: =IF($D14="",0,IF(COUNTIF($D$5:$D14,$D14)=1,1,0)) -> 0 | AA14: =IF(Z14=1,SUM($Z$5:$Z14),"")
A15: 架上 | B15: 大溪 | C15: 飯糰 | D15: 鮭魚奶油醬油飯糰 | E15: 原味海苔(透明膠膜) | F15: 1 | G15: 個 | H15: 100 | T15: V | U15: =IF($E15="","",COUNTIF($I15:$S15,"V")) -> 0 | V15: =IF($E15="","",IF(AND($T15="V",$U15>0),"⚠ 勾選矛盾",IF($T15="V","○ 免調理",IF($U15=0,"⚠ 資料缺漏",IF($U15=1,"▲ 單一設備依賴","OK"))))) -> ○ 免調理 | W15: =IF($E15="","",IF(AND($T15="V",$U15>0),"「無使用調理設備」不可與設備欄同時勾選，請擇一修正",IF($T15="V","免調理半成品（外購/僅切配等），不列入設備風險評估",IF($U15=0,"未勾選任何設備，請補填或勾選「無使用調理設備」",IF($U15=1,"僅依賴1台設備，須確認故障/排修時之備援製程","無異常"))))) -> 免調理半成品（外購/僅切配等），不列入設備風險評估 | X15: 大溪_2025.12.31_鮭魚奶油醬油飯糰_2026.07校正 | Z15: =IF($D15="",0,IF(COUNTIF($D$5:$D15,$D15)=1,1,0)) -> 0 | AA15: =IF(Z15=1,SUM($Z$5:$Z15),"")
A16: 架上 | B16: 大溪 | C16: 飯糰 | D16: 黑胡椒洋蔥豬飯糰 | E16: 煮16+11湖鹽飯(109年) | F16: 95 | G16: 公克 | H16: 92.8 | I16: V | O16: V | U16: =IF($E16="","",COUNTIF($I16:$S16,"V")) -> 2 | V16: =IF($E16="","",IF(AND($T16="V",$U16>0),"⚠ 勾選矛盾",IF($T16="V","○ 免調理",IF($U16=0,"⚠ 資料缺漏",IF($U16=1,"▲ 單一設備依賴","OK"))))) -> OK | W16: =IF($E16="","",IF(AND($T16="V",$U16>0),"「無使用調理設備」不可與設備欄同時勾選，請擇一修正",IF($T16="V","免調理半成品（外購/僅切配等），不列入設備風險評估",IF($U16=0,"未勾選任何設備，請補填或勾選「無使用調理設備」",IF($U16=1,"僅依賴1台設備，須確認故障/排修時之備援製程","無異常"))))) -> 無異常 | X16: 大溪廠_2026.05.13_黑胡椒洋蔥豬飯糰_2026.07校正 | Z16: =IF($D16="",0,IF(COUNTIF($D$5:$D16,$D16)=1,1,0)) -> 1 | AA16: =IF(Z16=1,SUM($Z$5:$Z16),"") -> 4
A17: 架上 | B17: 大溪 | C17: 飯糰 | D17: 黑胡椒洋蔥豬飯糰 | E17: 煮洋蔥豬肉 | F17: 19 | G17: 公克 | H17: 55 | O17: V | U17: =IF($E17="","",COUNTIF($I17:$S17,"V")) -> 1 | V17: =IF($E17="","",IF(AND($T17="V",$U17>0),"⚠ 勾選矛盾",IF($T17="V","○ 免調理",IF($U17=0,"⚠ 資料缺漏",IF($U17=1,"▲ 單一設備依賴","OK"))))) -> ▲ 單一設備依賴 | W17: =IF($E17="","",IF(AND($T17="V",$U17>0),"「無使用調理設備」不可與設備欄同時勾選，請擇一修正",IF($T17="V","免調理半成品（外購/僅切配等），不列入設備風險評估",IF($U17=0,"未勾選任何設備，請補填或勾選「無使用調理設備」",IF($U17=1,"僅依賴1台設備，須確認故障/排修時之備援製程","無異常"))))) -> 僅依賴1台設備，須確認故障/排修時之備援製程 | X17: 大溪廠_2026.05.13_黑胡椒洋蔥豬飯糰_2026.07校正 | Z17: =IF($D17="",0,IF(COUNTIF($D$5:$D17,$D17)=1,1,0)) -> 0 | AA17: =IF(Z17=1,SUM($Z$5:$Z17),"")
A18: 架上 | B18: 大溪 | C18: 飯糰 | D18: 黑胡椒洋蔥豬飯糰 | E18: 原味海苔(透明膠膜) | F18: 1 | G18: 個 | H18: 100 | T18: V | U18: =IF($E18="","",COUNTIF($I18:$S18,"V")) -> 0 | V18: =IF($E18="","",IF(AND($T18="V",$U18>0),"⚠ 勾選矛盾",IF($T18="V","○ 免調理",IF($U18=0,"⚠ 資料缺漏",IF($U18=1,"▲ 單一設備依賴","OK"))))) -> ○ 免調理 | W18: =IF($E18="","",IF(AND($T18="V",$U18>0),"「無使用調理設備」不可與設備欄同時勾選，請擇一修正",IF($T18="V","免調理半成品（外購/僅切配等），不列入設備風險評估",IF($U18=0,"未勾選任何設備，請補填或勾選「無使用調理設備」",IF($U18=1,"僅依賴1台設備，須確認故障/排修時之備援製程","無異常"))))) -> 免調理半成品（外購/僅切配等），不列入設備風險評估 | X18: 大溪廠_2026.05.13_黑胡椒洋蔥豬飯糰_2026.07校正 | Z18: =IF($D18="",0,IF(COUNTIF($D$5:$D18,$D18)=1,1,0)) -> 0 | AA18: =IF(Z18=1,SUM($Z$5:$Z18),"")
A19: 架上 | B19: 大溪 | C19: 飯糰 | D19: 三杯醬爆菇菇飯糰 | E19: 煮16+11湖鹽飯(109年) | F19: 95 | G19: 公克 | H19: 92.8 | I19: V | O19: V | U19: =IF($E19="","",COUNTIF($I19:$S19,"V")) -> 2 | V19: =IF($E19="","",IF(AND($T19="V",$U19>0),"⚠ 勾選矛盾",IF($T19="V","○ 免調理",IF($U19=0,"⚠ 資料缺漏",IF($U19=1,"▲ 單一設備依賴","OK"))))) -> OK | W19: =IF($E19="","",IF(AND($T19="V",$U19>0),"「無使用調理設備」不可與設備欄同時勾選，請擇一修正",IF($T19="V","免調理半成品（外購/僅切配等），不列入設備風險評估",IF($U19=0,"未勾選任何設備，請補填或勾選「無使用調理設備」",IF($U19=1,"僅依賴1台設備，須確認故障/排修時之備援製程","無異常"))))) -> 無異常 | X19: 代工品 | Z19: =IF($D19="",0,IF(COUNTIF($D$5:$D19,$D19)=1,1,0)) -> 1 | AA19: =IF(Z19=1,SUM($Z$5:$Z19),"") -> 5
A20: 架上 | B20: 大溪 | C20: 飯糰 | D20: 三杯醬爆菇菇飯糰 | E20: 煮三杯料 | F20: 15 | G20: 公克 | O20: V | U20: =IF($E20="","",COUNTIF($I20:$S20,"V")) -> 1 | V20: =IF($E20="","",IF(AND($T20="V",$U20>0),"⚠ 勾選矛盾",IF($T20="V","○ 免調理",IF($U20=0,"⚠ 資料缺漏",IF($U20=1,"▲ 單一設備依賴","OK"))))) -> ▲ 單一設備依賴 | W20: =IF($E20="","",IF(AND($T20="V",$U20>0),"「無使用調理設備」不可與設備欄同時勾選，請擇一修正",IF($T20="V","免調理半成品（外購/僅切配等），不列入設備風險評估",IF($U20=0,"未勾選任何設備，請補填或勾選「無使用調理設備」",IF($U20=1,"僅依賴1台設備，須確認故障/排修時之備援製程","無異常"))))) -> 僅依賴1台設備，須確認故障/排修時之備援製程 | X20: 代工品 | Z20: =IF($D20="",0,IF(COUNTIF($D$5:$D20,$D20)=1,1,0)) -> 0 | AA20: =IF(Z20=1,SUM($Z$5:$Z20),"")
A21: 架上 | B21: 大溪 | C21: 飯糰 | D21: 三杯醬爆菇菇飯糰 | E21: 全家三角原味海苔(蔬食版) | F21: 1 | G21: 個 | H21: 100 | T21: V | U21: =IF($E21="","",COUNTIF($I21:$S21,"V")) -> 0 | V21: =IF($E21="","",IF(AND($T21="V",$U21>0),"⚠ 勾選矛盾",IF($T21="V","○ 免調理",IF($U21=0,"⚠ 資料缺漏",IF($U21=1,"▲ 單一設備依賴","OK"))))) -> ○ 免調理 | W21: =IF($E21="","",IF(AND($T21="V",$U21>0),"「無使用調理設備」不可與設備欄同時勾選，請擇一修正",IF($T21="V","免調理半成品（外購/僅切配等），不列入設備風險評估",IF($U21=0,"未勾選任何設備，請補填或勾選「無使用調理設備」",IF($U21=1,"僅依賴1台設備，須確認故障/排修時之備援製程","無異常"))))) -> 免調理半成品（外購/僅切配等），不列入設備風險評估 | X21: 代工品 | Z21: =IF($D21="",0,IF(COUNTIF($D$5:$D21,$D21)=1,1,0)) -> 0 | AA21: =IF(Z21=1,SUM($Z$5:$Z21),"")
A22: 下架 | B22: 大溪 | C22: 飯糰 | D22: 大飯糰乾燒風味鮮蝦 | E22: 煮16+11湖鹽飯(109年) | F22: 110 | G22: 公克 | H22: 92.8 | I22: V | O22: V | U22: =IF($E22="","",COUNTIF($I22:$S22,"V")) -> 2 | V22: =IF($E22="","",IF(AND($T22="V",$U22>0),"⚠ 勾選矛盾",IF($T22="V","○ 免調理",IF($U22=0,"⚠ 資料缺漏",IF($U22=1,"▲ 單一設備依賴","OK"))))) -> OK | W22: =IF($E22="","",IF(AND($T22="V",$U22>0),"「無使用調理設備」不可與設備欄同時勾選，請擇一修正",IF($T22="V","免調理半成品（外購/僅切配等），不列入設備風險評估",IF($U22=0,"未勾選任何設備，請補填或勾選「無使用調理設備」",IF($U22=1,"僅依賴1台設備，須確認故障/排修時之備援製程","無異常"))))) -> 無異常 | X22: 大溪_2026.04.07_大飯糰乾燒風味鮮蝦_2026.06校正 | Z22: =IF($D22="",0,IF(COUNTIF($D$5:$D22,$D22)=1,1,0)) -> 1 | AA22: =IF(Z22=1,SUM($Z$5:$Z22),"") -> 6
A23: 下架 | B23: 大溪 | C23: 飯糰 | D23: 大飯糰乾燒風味鮮蝦 | E23: 煮乾燒醬 | F23: 8 | G23: 公克 | H23: 56.5 | O23: V | U23: =IF($E23="","",COUNTIF($I23:$S23,"V")) -> 1 | V23: =IF($E23="","",IF(AND($T23="V",$U23>0),"⚠ 勾選矛盾",IF($T23="V","○ 免調理",IF($U23=0,"⚠ 資料缺漏",IF($U23=1,"▲ 單一設備依賴","OK"))))) -> ▲ 單一設備依賴 | W23: =IF($E23="","",IF(AND($T23="V",$U23>0),"「無使用調理設備」不可與設備欄同時勾選，請擇一修正",IF($T23="V","免調理半成品（外購/僅切配等），不列入設備風險評估",IF($U23=0,"未勾選任何設備，請補填或勾選「無使用調理設備」",IF($U23=1,"僅依賴1台設備，須確認故障/排修時之備援製程","無異常"))))) -> 僅依賴1台設備，須確認故障/排修時之備援製程 | X23: 大溪_2026.04.07_大飯糰乾燒風味鮮蝦_2026.06校正 | Z23: =IF($D23="",0,IF(COUNTIF($D$5:$D23,$D23)=1,1,0)) -> 0 | AA23: =IF(Z23=1,SUM($Z$5:$Z23),"")
A24: 下架 | B24: 大溪 | C24: 飯糰 | D24: 大飯糰乾燒風味鮮蝦 | E24: 炒蝦仁(9號)(大飯糰) | F24: 3 | G24: 個 | H24: 41 | O24: V | U24: =IF($E24="","",COUNTIF($I24:$S24,"V")) -> 1 | V24: =IF($E24="","",IF(AND($T24="V",$U24>0),"⚠ 勾選矛盾",IF($T24="V","○ 免調理",IF($U24=0,"⚠ 資料缺漏",IF($U24=1,"▲ 單一設備依賴","OK"))))) -> ▲ 單一設備依賴 | W24: =IF($E24="","",IF(AND($T24="V",$U24>0),"「無使用調理設備」不可與設備欄同時勾選，請擇一修正",IF($T24="V","免調理半成品（外購/僅切配等），不列入設備風險評估",IF($U24=0,"未勾選任何設備，請補填或勾選「無使用調理設備」",IF($U24=1,"僅依賴1台設備，須確認故障/排修時之備援製程","無異常"))))) -> 僅依賴1台設備，須確認故障/排修時之備援製程 | X24: 大溪_2026.04.07_大飯糰乾燒風味鮮蝦_2026.06校正 | Z24: =IF($D24="",0,IF(COUNTIF($D$5:$D24,$D24)=1,1,0)) -> 0 | AA24: =IF(Z24=1,SUM($Z$5:$Z24),"")
A25: 下架 | B25: 大溪 | C25: 飯糰 | D25: 大飯糰乾燒風味鮮蝦 | E25: 全家大三角海苔(新版) | F25: 1 | G25: 個 | H25: 100 | T25: V | U25: =IF($E25="","",COUNTIF($I25:$S25,"V")) -> 0 | V25: =IF($E25="","",IF(AND($T25="V",$U25>0),"⚠ 勾選矛盾",IF($T25="V","○ 免調理",IF($U25=0,"⚠ 資料缺漏",IF($U25=1,"▲ 單一設備依賴","OK"))))) -> ○ 免調理 | W25: =IF($E25="","",IF(AND($T25="V",$U25>0),"「無使用調理設備」不可與設備欄同時勾選，請擇一修正",IF($T25="V","免調理半成品（外購/僅切配等），不列入設備風險評估",IF($U25=0,"未勾選任何設備，請補填或勾選「無使用調理設備」",IF($U25=1,"僅依賴1台設備，須確認故障/排修時之備援製程","無異常"))))) -> 免調理半成品（外購/僅切配等），不列入設備風險評估 | X25: 大溪_2026.04.07_大飯糰乾燒風味鮮蝦_2026.06校正 | Z25: =IF($D25="",0,IF(COUNTIF($D$5:$D25,$D25)=1,1,0)) -> 0 | AA25: =IF(Z25=1,SUM($Z$5:$Z25),"")
A26: 下架 | B26: 大溪 | C26: 飯糰 | D26: 大飯糰泡菜鮪魚 | E26: 韓式辣醬飯 | F26: 120 | G26: 公克 | H26: 90.8 | I26: V | O26: V | U26: =IF($E26="","",COUNTIF($I26:$S26,"V")) -> 2 | V26: =IF($E26="","",IF(AND($T26="V",$U26>0),"⚠ 勾選矛盾",IF($T26="V","○ 免調理",IF($U26=0,"⚠ 資料缺漏",IF($U26=1,"▲ 單一設備依賴","OK"))))) -> OK | W26: =IF($E26="","",IF(AND($T26="V",$U26>0),"「無使用調理設備」不可與設備欄同時勾選，請擇一修正",IF($T26="V","免調理半成品（外購/僅切配等），不列入設備風險評估",IF($U26=0,"未勾選任何設備，請補填或勾選「無使用調理設備」",IF($U26=1,"僅依賴1台設備，須確認故障/排修時之備援製程","無異常"))))) -> 無異常 | X26: 大溪廠_2026.06.30_大飯糰泡菜鮪魚_2026.07校正 | Z26: =IF($D26="",0,IF(COUNTIF($D$5:$D26,$D26)=1,1,0)) -> 1 | AA26: =IF(Z26=1,SUM($Z$5:$Z26),"") -> 7
A27: 下架 | B27: 大溪 | C27: 飯糰 | D27: 大飯糰泡菜鮪魚 | E27: 炒韓式泡菜 | F27: 12 | G27: 公克 | H27: 59.9 | O27: V | U27: =IF($E27="","",COUNTIF($I27:$S27,"V")) -> 1 | V27: =IF($E27="","",IF(AND($T27="V",$U27>0),"⚠ 勾選矛盾",IF($T27="V","○ 免調理",IF($U27=0,"⚠ 資料缺漏",IF($U27=1,"▲ 單一設備依賴","OK"))))) -> ▲ 單一設備依賴 | W27: =IF($E27="","",IF(AND($T27="V",$U27>0),"「無使用調理設備」不可與設備欄同時勾選，請擇一修正",IF($T27="V","免調理半成品（外購/僅切配等），不列入設備風險評估",IF($U27=0,"未勾選任何設備，請補填或勾選「無使用調理設備」",IF($U27=1,"僅依賴1台設備，須確認故障/排修時之備援製程","無異常"))))) -> 僅依賴1台設備，須確認故障/排修時之備援製程 | X27: 大溪廠_2026.06.30_大飯糰泡菜鮪魚_2026.07校正 | Z27: =IF($D27="",0,IF(COUNTIF($D$5:$D27,$D27)=1,1,0)) -> 0 | AA27: =IF(Z27=1,SUM($Z$5:$Z27),"")
A28: 下架 | B28: 大溪 | C28: 飯糰 | D28: 大飯糰泡菜鮪魚 | E28: 拌韓式辣鮪魚 | F28: 20 | G28: 公克 | H28: 95 | O28: V | U28: =IF($E28="","",COUNTIF($I28:$S28,"V")) -> 1 | V28: =IF($E28="","",IF(AND($T28="V",$U28>0),"⚠ 勾選矛盾",IF($T28="V","○ 免調理",IF($U28=0,"⚠ 資料缺漏",IF($U28=1,"▲ 單一設備依賴","OK"))))) -> ▲ 單一設備依賴 | W28: =IF($E28="","",IF(AND($T28="V",$U28>0),"「無使用調理設備」不可與設備欄同時勾選，請擇一修正",IF($T28="V","免調理半成品（外購/僅切配等），不列入設備風險評估",IF($U28=0,"未勾選任何設備，請補填或勾選「無使用調理設備」",IF($U28=1,"僅依賴1台設備，須確認故障/排修時之備援製程","無異常"))))) -> 僅依賴1台設備，須確認故障/排修時之備援製程 | X28: 大溪廠_2026.06.30_大飯糰泡菜鮪魚_2026.07校正 | Z28: =IF($D28="",0,IF(COUNTIF($D$5:$D28,$D28)=1,1,0)) -> 0 | AA28: =IF(Z28=1,SUM($Z$5:$Z28),"")
A29: 下架 | B29: 大溪 | C29: 飯糰 | D29: 大飯糰泡菜鮪魚 | E29: 原味大海苔-(112膠膜) | F29: 1 | G29: 個 | H29: 100 | T29: V | U29: =IF($E29="","",COUNTIF($I29:$S29,"V")) -> 0 | V29: =IF($E29="","",IF(AND($T29="V",$U29>0),"⚠ 勾選矛盾",IF($T29="V","○ 免調理",IF($U29=0,"⚠ 資料缺漏",IF($U29=1,"▲ 單一設備依賴","OK"))))) -> ○ 免調理 | W29: =IF($E29="","",IF(AND($T29="V",$U29>0),"「無使用調理設備」不可與設備欄同時勾選，請擇一修正",IF($T29="V","免調理半成品（外購/僅切配等），不列入設備風險評估",IF($U29=0,"未勾選任何設備，請補填或勾選「無使用調理設備」",IF($U29=1,"僅依賴1台設備，須確認故障/排修時之備援製程","無異常"))))) -> 免調理半成品（外購/僅切配等），不列入設備風險評估 | X29: 大溪廠_2026.06.30_大飯糰泡菜鮪魚_2026.07校正 | Z29: =IF($D29="",0,IF(COUNTIF($D$5:$D29,$D29)=1,1,0)) -> 0 | AA29: =IF(Z29=1,SUM($Z$5:$Z29),"")
A30: 架上 | B30: 大溪 | C30: 飯糰 | D30: 大飯糰韓式蒜烤豬五花 | E30: 煮16+11湖鹽飯(109年) | F30: 120 | G30: 公克 | H30: 92.8 | I30: V | O30: V | U30: =IF($E30="","",COUNTIF($I30:$S30,"V")) -> 2 | V30: =IF($E30="","",IF(AND($T30="V",$U30>0),"⚠ 勾選矛盾",IF($T30="V","○ 免調理",IF($U30=0,"⚠ 資料缺漏",IF($U30=1,"▲ 單一設備依賴","OK"))))) -> OK | W30: =IF($E30="","",IF(AND($T30="V",$U30>0),"「無使用調理設備」不可與設備欄同時勾選，請擇一修正",IF($T30="V","免調理半成品（外購/僅切配等），不列入設備風險評估",IF($U30=0,"未勾選任何設備，請補填或勾選「無使用調理設備」",IF($U30=1,"僅依賴1台設備，須確認故障/排修時之備援製程","無異常"))))) -> 無異常 | X30: 大溪_2025.11.25_大飯糰韓式蒜烤豬五花_2026.07校正 | Z30: =IF($D30="",0,IF(COUNTIF($D$5:$D30,$D30)=1,1,0)) -> 1 | AA30: =IF(Z30=1,SUM($Z$5:$Z30),"") -> 8
A31: 架上 | B31: 大溪 | C31: 飯糰 | D31: 大飯糰韓式蒜烤豬五花 | E31: 拌蒜香五花肉 | F31: 17 | G31: 公克 | H31: 95 | K31: V | L31: V | O31: V | U31: =IF($E31="","",COUNTIF($I31:$S31,"V")) -> 3 | V31: =IF($E31="","",IF(AND($T31="V",$U31>0),"⚠ 勾選矛盾",IF($T31="V","○ 免調理",IF($U31=0,"⚠ 資料缺漏",IF($U31=1,"▲ 單一設備依賴","OK"))))) -> OK | W31: =IF($E31="","",IF(AND($T31="V",$U31>0),"「無使用調理設備」不可與設備欄同時勾選，請擇一修正",IF($T31="V","免調理半成品（外購/僅切配等），不列入設備風險評估",IF($U31=0,"未勾選任何設備，請補填或勾選「無使用調理設備」",IF($U31=1,"僅依賴1台設備，須確認故障/排修時之備援製程","無異常"))))) -> 無異常 | X31: 大溪_2025.11.25_大飯糰韓式蒜烤豬五花_2026.07校正 | Z31: =IF($D31="",0,IF(COUNTIF($D$5:$D31,$D31)=1,1,0)) -> 0 | AA31: =IF(Z31=1,SUM($Z$5:$Z31),"")
A32: 架上 | B32: 大溪 | C32: 飯糰 | D32: 大飯糰韓式蒜烤豬五花 | E32: 原味大海苔-(112膠膜) | F32: 1 | G32: 個 | H32: 100 | T32: V | U32: =IF($E32="","",COUNTIF($I32:$S32,"V")) -> 0 | V32: =IF($E32="","",IF(AND($T32="V",$U32>0),"⚠ 勾選矛盾",IF($T32="V","○ 免調理",IF($U32=0,"⚠ 資料缺漏",IF($U32=1,"▲ 單一設備依賴","OK"))))) -> ○ 免調理 | W32: =IF($E32="","",IF(AND($T32="V",$U32>0),"「無使用調理設備」不可與設備欄同時勾選，請擇一修正",IF($T32="V","免調理半成品（外購/僅切配等），不列入設備風險評估",IF($U32=0,"未勾選任何設備，請補填或勾選「無使用調理設備」",IF($U32=1,"僅依賴1台設備，須確認故障/排修時之備援製程","無異常"))))) -> 免調理半成品（外購/僅切配等），不列入設備風險評估 | X32: 大溪_2025.11.25_大飯糰韓式蒜烤豬五花_2026.07校正 | Z32: =IF($D32="",0,IF(COUNTIF($D$5:$D32,$D32)=1,1,0)) -> 0 | AA32: =IF(Z32=1,SUM($Z$5:$Z32),"")
A33: 架上 | B33: 大溪 | C33: 飯糰 | D33: 芝麻香鬆飯糰 | E33: 16+11湖鹽飯(肉鬆) | F33: 95 | G33: 公克 | H33: 92.9 | I33: V | O33: V | U33: =IF($E33="","",COUNTIF($I33:$S33,"V")) -> 2 | V33: =IF($E33="","",IF(AND($T33="V",$U33>0),"⚠ 勾選矛盾",IF($T33="V","○ 免調理",IF($U33=0,"⚠ 資料缺漏",IF($U33=1,"▲ 單一設備依賴","OK"))))) -> OK | W33: =IF($E33="","",IF(AND($T33="V",$U33>0),"「無使用調理設備」不可與設備欄同時勾選，請擇一修正",IF($T33="V","免調理半成品（外購/僅切配等），不列入設備風險評估",IF($U33=0,"未勾選任何設備，請補填或勾選「無使用調理設備」",IF($U33=1,"僅依賴1台設備，須確認故障/排修時之備援製程","無異常"))))) -> 無異常 | X33: 大溪_2025.04.30_芝麻香鬆飯糰_2026.07校正 | Z33: =IF($D33="",0,IF(COUNTIF($D$5:$D33,$D33)=1,1,0)) -> 1 | AA33: =IF(Z33=1,SUM($Z$5:$Z33),"") -> 9
A34: 架上 | B34: 大溪 | C34: 飯糰 | D34: 芝麻香鬆飯糰 | E34: (V)炒海苔香鬆 | F34: 14 | G34: 公克 | H34: 62 | O34: V | U34: =IF($E34="","",COUNTIF($I34:$S34,"V")) -> 1 | V34: =IF($E34="","",IF(AND($T34="V",$U34>0),"⚠ 勾選矛盾",IF($T34="V","○ 免調理",IF($U34=0,"⚠ 資料缺漏",IF($U34=1,"▲ 單一設備依賴","OK"))))) -> ▲ 單一設備依賴 | W34: =IF($E34="","",IF(AND($T34="V",$U34>0),"「無使用調理設備」不可與設備欄同時勾選，請擇一修正",IF($T34="V","免調理半成品（外購/僅切配等），不列入設備風險評估",IF($U34=0,"未勾選任何設備，請補填或勾選「無使用調理設備」",IF($U34=1,"僅依賴1台設備，須確認故障/排修時之備援製程","無異常"))))) -> 僅依賴1台設備，須確認故障/排修時之備援製程 | X34: 大溪_2025.04.30_芝麻香鬆飯糰_2026.07校正 | Z34: =IF($D34="",0,IF(COUNTIF($D$5:$D34,$D34)=1,1,0)) -> 0 | AA34: =IF(Z34=1,SUM($Z$5:$Z34),"")
A35: 架上 | B35: 大溪 | C35: 飯糰 | D35: 芝麻香鬆飯糰 | E35: 全家三角原味海苔(蔬食版) | F35: 1 | G35: 個 | H35: 100 | T35: V | U35: =IF($E35="","",COUNTIF($I35:$S35,"V")) -> 0 | V35: =IF($E35="","",IF(AND($T35="V",$U35>0),"⚠ 勾選矛盾",IF($T35="V","○ 免調理",IF($U35=0,"⚠ 資料缺漏",IF($U35=1,"▲ 單一設備依賴","OK"))))) -> ○ 免調理 | W35: =IF($E35="","",IF(AND($T35="V",$U35>0),"「無使用調理設備」不可與設備欄同時勾選，請擇一修正",IF($T35="V","免調理半成品（外購/僅切配等），不列入設備風險評估",IF($U35=0,"未勾選任何設備，請補填或勾選「無使用調理設備」",IF($U35=1,"僅依賴1台設備，須確認故障/排修時之備援製程","無異常"))))) -> 免調理半成品（外購/僅切配等），不列入設備風險評估 | X35: 大溪_2025.04.30_芝麻香鬆飯糰_2026.07校正 | Z35: =IF($D35="",0,IF(COUNTIF($D$5:$D35,$D35)=1,1,0)) -> 0 | AA35: =IF(Z35=1,SUM($Z$5:$Z35),"")
A36: 架上 | B36: 大溪 | C36: 飯糰 | D36: 北海道秋鮭親子飯糰 | E36: 煮一見鍾情飯 | F36: 95 | G36: 公克 | H36: 92.5 | I36: V | O36: V | U36: =IF($E36="","",COUNTIF($I36:$S36,"V")) -> 2 | V36: =IF($E36="","",IF(AND($T36="V",$U36>0),"⚠ 勾選矛盾",IF($T36="V","○ 免調理",IF($U36=0,"⚠ 資料缺漏",IF($U36=1,"▲ 單一設備依賴","OK"))))) -> OK | W36: =IF($E36="","",IF(AND($T36="V",$U36>0),"「無使用調理設備」不可與設備欄同時勾選，請擇一修正",IF($T36="V","免調理半成品（外購/僅切配等），不列入設備風險評估",IF($U36=0,"未勾選任何設備，請補填或勾選「無使用調理設備」",IF($U36=1,"僅依賴1台設備，須確認故障/排修時之備援製程","無異常"))))) -> 無異常 | X36: 大溪_2025.09.10_北海道秋鮭親子飯糰_2026.07校正 | Z36: =IF($D36="",0,IF(COUNTIF($D$5:$D36,$D36)=1,1,0)) -> 1 | AA36: =IF(Z36=1,SUM($Z$5:$Z36),"") -> 10
A37: 架上 | B37: 大溪 | C37: 飯糰 | D37: 北海道秋鮭親子飯糰 | E37: 拌鮭魚沙拉(114年) | F37: 13 | G37: 公克 | H37: 95 | O37: V | U37: =IF($E37="","",COUNTIF($I37:$S37,"V")) -> 1 | V37: =IF($E37="","",IF(AND($T37="V",$U37>0),"⚠ 勾選矛盾",IF($T37="V","○ 免調理",IF($U37=0,"⚠ 資料缺漏",IF($U37=1,"▲ 單一設備依賴","OK"))))) -> ▲ 單一設備依賴 | W37: =IF($E37="","",IF(AND($T37="V",$U37>0),"「無使用調理設備」不可與設備欄同時勾選，請擇一修正",IF($T37="V","免調理半成品（外購/僅切配等），不列入設備風險評估",IF($U37=0,"未勾選任何設備，請補填或勾選「無使用調理設備」",IF($U37=1,"僅依賴1台設備，須確認故障/排修時之備援製程","無異常"))))) -> 僅依賴1台設備，須確認故障/排修時之備援製程 | X37: 大溪_2025.09.10_北海道秋鮭親子飯糰_2026.07校正 | Z37: =IF($D37="",0,IF(COUNTIF($D$5:$D37,$D37)=1,1,0)) -> 0 | AA37: =IF(Z37=1,SUM($Z$5:$Z37),"")
A38: 架上 | B38: 大溪 | C38: 飯糰 | D38: 北海道秋鮭親子飯糰 | E38: 冷凍調味鱒鮭魚卵公克L10-3 | F38: 2 | G38: 公克 | H38: 97 | T38: V | U38: =IF($E38="","",COUNTIF($I38:$S38,"V")) -> 0 | V38: =IF($E38="","",IF(AND($T38="V",$U38>0),"⚠ 勾選矛盾",IF($T38="V","○ 免調理",IF($U38=0,"⚠ 資料缺漏",IF($U38=1,"▲ 單一設備依賴","OK"))))) -> ○ 免調理 | W38: =IF($E38="","",IF(AND($T38="V",$U38>0),"「無使用調理設備」不可與設備欄同時勾選，請擇一修正",IF($T38="V","免調理半成品（外購/僅切配等），不列入設備風險評估",IF($U38=0,"未勾選任何設備，請補填或勾選「無使用調理設備」",IF($U38=1,"僅依賴1台設備，須確認故障/排修時之備援製程","無異常"))))) -> 免調理半成品（外購/僅切配等），不列入設備風險評估 | X38: 大溪_2025.09.10_北海道秋鮭親子飯糰_2026.07校正 | Z38: =IF($D38="",0,IF(COUNTIF($D$5:$D38,$D38)=1,1,0)) -> 0 | AA38: =IF(Z38=1,SUM($Z$5:$Z38),"")
A39: 架上 | B39: 大溪 | C39: 飯糰 | D39: 北海道秋鮭親子飯糰 | E39: 原味海苔（極選系列） | F39: 1 | G39: 個 | H39: 100 | T39: V | U39: =IF($E39="","",COUNTIF($I39:$S39,"V")) -> 0 | V39: =IF($E39="","",IF(AND($T39="V",$U39>0),"⚠ 勾選矛盾",IF($T39="V","○ 免調理",IF($U39=0,"⚠ 資料缺漏",IF($U39=1,"▲ 單一設備依賴","OK"))))) -> ○ 免調理 | W39: =IF($E39="","",IF(AND($T39="V",$U39>0),"「無使用調理設備」不可與設備欄同時勾選，請擇一修正",IF($T39="V","免調理半成品（外購/僅切配等），不列入設備風險評估",IF($U39=0,"未勾選任何設備，請補填或勾選「無使用調理設備」",IF($U39=1,"僅依賴1台設備，須確認故障/排修時之備援製程","無異常"))))) -> 免調理半成品（外購/僅切配等），不列入設備風險評估 | X39: 大溪_2025.09.10_北海道秋鮭親子飯糰_2026.07校正 | Z39: =IF($D39="",0,IF(COUNTIF($D$5:$D39,$D39)=1,1,0)) -> 0 | AA39: =IF(Z39=1,SUM($Z$5:$Z39),"")
A40: 下架 | B40: 大溪 | C40: 飯糰 | D40: 壹號醬炙烤牛飯糰 | E40: 煮16+11湖鹽飯(109年) | F40: 95 | G40: 公克 | H40: 92.8 | I40: V | O40: V | U40: =IF($E40="","",COUNTIF($I40:$S40,"V")) -> 2 | V40: =IF($E40="","",IF(AND($T40="V",$U40>0),"⚠ 勾選矛盾",IF($T40="V","○ 免調理",IF($U40=0,"⚠ 資料缺漏",IF($U40=1,"▲ 單一設備依賴","OK"))))) -> OK | W40: =IF($E40="","",IF(AND($T40="V",$U40>0),"「無使用調理設備」不可與設備欄同時勾選，請擇一修正",IF($T40="V","免調理半成品（外購/僅切配等），不列入設備風險評估",IF($U40=0,"未勾選任何設備，請補填或勾選「無使用調理設備」",IF($U40=1,"僅依賴1台設備，須確認故障/排修時之備援製程","無異常"))))) -> 無異常 | X40: 大溪_2024.05.15_壹號醬炙烤牛飯糰_2026.06校正 | Z40: =IF($D40="",0,IF(COUNTIF($D$5:$D40,$D40)=1,1,0)) -> 1 | AA40: =IF(Z40=1,SUM($Z$5:$Z40),"") -> 11
A41: 下架 | B41: 大溪 | C41: 飯糰 | D41: 壹號醬炙烤牛飯糰 | E41: 炙燒韓式牛五花 | F41: 7 | G41: 公克 | H41: 32.7 | K41: V | L41: V | U41: =IF($E41="","",COUNTIF($I41:$S41,"V")) -> 2 | V41: =IF($E41="","",IF(AND($T41="V",$U41>0),"⚠ 勾選矛盾",IF($T41="V","○ 免調理",IF($U41=0,"⚠ 資料缺漏",IF($U41=1,"▲ 單一設備依賴","OK"))))) -> OK | W41: =IF($E41="","",IF(AND($T41="V",$U41>0),"「無使用調理設備」不可與設備欄同時勾選，請擇一修正",IF($T41="V","免調理半成品（外購/僅切配等），不列入設備風險評估",IF($U41=0,"未勾選任何設備，請補填或勾選「無使用調理設備」",IF($U41=1,"僅依賴1台設備，須確認故障/排修時之備援製程","無異常"))))) -> 無異常 | X41: 大溪_2024.05.15_壹號醬炙烤牛飯糰_2026.06校正 | Z41: =IF($D41="",0,IF(COUNTIF($D$5:$D41,$D41)=1,1,0)) -> 0 | AA41: =IF(Z41=1,SUM($Z$5:$Z41),"")
A42: 下架 | B42: 大溪 | C42: 飯糰 | D42: 壹號醬炙烤牛飯糰 | E42: 洋蔥壹號醬 | F42: 15 | G42: 公克 | H42: 49.6 | O42: V | U42: =IF($E42="","",COUNTIF($I42:$S42,"V")) -> 1 | V42: =IF($E42="","",IF(AND($T42="V",$U42>0),"⚠ 勾選矛盾",IF($T42="V","○ 免調理",IF($U42=0,"⚠ 資料缺漏",IF($U42=1,"▲ 單一設備依賴","OK"))))) -> ▲ 單一設備依賴 | W42: =IF($E42="","",IF(AND($T42="V",$U42>0),"「無使用調理設備」不可與設備欄同時勾選，請擇一修正",IF($T42="V","免調理半成品（外購/僅切配等），不列入設備風險評估",IF($U42=0,"未勾選任何設備，請補填或勾選「無使用調理設備」",IF($U42=1,"僅依賴1台設備，須確認故障/排修時之備援製程","無異常"))))) -> 僅依賴1台設備，須確認故障/排修時之備援製程 | X42: 大溪_2024.05.15_壹號醬炙烤牛飯糰_2026.06校正 | Z42: =IF($D42="",0,IF(COUNTIF($D$5:$D42,$D42)=1,1,0)) -> 0 | AA42: =IF(Z42=1,SUM($Z$5:$Z42),"")
A43: 下架 | B43: 大溪 | C43: 飯糰 | D43: 壹號醬炙烤牛飯糰 | E43: 原味海苔(透明膠膜) | F43: 1 | G43: 公克 | H43: 100 | T43: V | U43: =IF($E43="","",COUNTIF($I43:$S43,"V")) -> 0 | V43: =IF($E43="","",IF(AND($T43="V",$U43>0),"⚠ 勾選矛盾",IF($T43="V","○ 免調理",IF($U43=0,"⚠ 資料缺漏",IF($U43=1,"▲ 單一設備依賴","OK"))))) -> ○ 免調理 | W43: =IF($E43="","",IF(AND($T43="V",$U43>0),"「無使用調理設備」不可與設備欄同時勾選，請擇一修正",IF($T43="V","免調理半成品（外購/僅切配等），不列入設備風險評估",IF($U43=0,"未勾選任何設備，請補填或勾選「無使用調理設備」",IF($U43=1,"僅依賴1台設備，須確認故障/排修時之備援製程","無異常"))))) -> 免調理半成品（外購/僅切配等），不列入設備風險評估 | X43: 大溪_2024.05.15_壹號醬炙烤牛飯糰_2026.06校正 | Z43: =IF($D43="",0,IF(COUNTIF($D$5:$D43,$D43)=1,1,0)) -> 0 | AA43: =IF(Z43=1,SUM($Z$5:$Z43),"")
A44: 架上 | B44: 大溪 | C44: 飯糰 | D44: 明太子龍蝦風味沙拉飯糰 | E44: 煮16+11湖鹽飯(109年) | F44: 95 | G44: 公克 | H44: 92.8 | I44: V | O44: V | U44: =IF($E44="","",COUNTIF($I44:$S44,"V")) -> 2 | V44: =IF($E44="","",IF(AND($T44="V",$U44>0),"⚠ 勾選矛盾",IF($T44="V","○ 免調理",IF($U44=0,"⚠ 資料缺漏",IF($U44=1,"▲ 單一設備依賴","OK"))))) -> OK | W44: =IF($E44="","",IF(AND($T44="V",$U44>0),"「無使用調理設備」不可與設備欄同時勾選，請擇一修正",IF($T44="V","免調理半成品（外購/僅切配等），不列入設備風險評估",IF($U44=0,"未勾選任何設備，請補填或勾選「無使用調理設備」",IF($U44=1,"僅依賴1台設備，須確認故障/排修時之備援製程","無異常"))))) -> 無異常 | X44: 大溪_2025.05.14_明太子龍蝦風味沙拉飯糰.2026.07校正 | Z44: =IF($D44="",0,IF(COUNTIF($D$5:$D44,$D44)=1,1,0)) -> 1 | AA44: =IF(Z44=1,SUM($Z$5:$Z44),"") -> 12
A45: 架上 | B45: 大溪 | C45: 飯糰 | D45: 明太子龍蝦風味沙拉飯糰 | E45: 拌明太子龍蝦沙拉(114年) | F45: 16 | G45: 公克 | H45: 95 | M45: V | O45: V | U45: =IF($E45="","",COUNTIF($I45:$S45,"V")) -> 2 | V45: =IF($E45="","",IF(AND($T45="V",$U45>0),"⚠ 勾選矛盾",IF($T45="V","○ 免調理",IF($U45=0,"⚠ 資料缺漏",IF($U45=1,"▲ 單一設備依賴","OK"))))) -> OK | W45: =IF($E45="","",IF(AND($T45="V",$U45>0),"「無使用調理設備」不可與設備欄同時勾選，請擇一修正",IF($T45="V","免調理半成品（外購/僅切配等），不列入設備風險評估",IF($U45=0,"未勾選任何設備，請補填或勾選「無使用調理設備」",IF($U45=1,"僅依賴1台設備，須確認故障/排修時之備援製程","無異常"))))) -> 無異常 | X45: 大溪_2025.05.14_明太子龍蝦風味沙拉飯糰.2026.07校正 | Z45: =IF($D45="",0,IF(COUNTIF($D$5:$D45,$D45)=1,1,0)) -> 0 | AA45: =IF(Z45=1,SUM($Z$5:$Z45),"")
A46: 架上 | B46: 大溪 | C46: 飯糰 | D46: 明太子龍蝦風味沙拉飯糰 | E46: 原味海苔(透明膠膜) | F46: 1 | G46: 個 | H46: 100 | T46: V | U46: =IF($E46="","",COUNTIF($I46:$S46,"V")) -> 0 | V46: =IF($E46="","",IF(AND($T46="V",$U46>0),"⚠ 勾選矛盾",IF($T46="V","○ 免調理",IF($U46=0,"⚠ 資料缺漏",IF($U46=1,"▲ 單一設備依賴","OK"))))) -> ○ 免調理 | W46: =IF($E46="","",IF(AND($T46="V",$U46>0),"「無使用調理設備」不可與設備欄同時勾選，請擇一修正",IF($T46="V","免調理半成品（外購/僅切配等），不列入設備風險評估",IF($U46=0,"未勾選任何設備，請補填或勾選「無使用調理設備」",IF($U46=1,"僅依賴1台設備，須確認故障/排修時之備援製程","無異常"))))) -> 免調理半成品（外購/僅切配等），不列入設備風險評估 | X46: 大溪_2025.05.14_明太子龍蝦風味沙拉飯糰.2026.07校正 | Z46: =IF($D46="",0,IF(COUNTIF($D$5:$D46,$D46)=1,1,0)) -> 0 | AA46: =IF(Z46=1,SUM($Z$5:$Z46),"")
A47: 架上 | B47: 大溪 | C47: 飯糰 | D47: 熟成紅鮭飯糰 | E47: 一見鍾情飯 | F47: 95 | G47: 公克 | H47: 92 | I47: V | O47: V | U47: =IF($E47="","",COUNTIF($I47:$S47,"V")) -> 2 | V47: =IF($E47="","",IF(AND($T47="V",$U47>0),"⚠ 勾選矛盾",IF($T47="V","○ 免調理",IF($U47=0,"⚠ 資料缺漏",IF($U47=1,"▲ 單一設備依賴","OK"))))) -> OK | W47: =IF($E47="","",IF(AND($T47="V",$U47>0),"「無使用調理設備」不可與設備欄同時勾選，請擇一修正",IF($T47="V","免調理半成品（外購/僅切配等），不列入設備風險評估",IF($U47=0,"未勾選任何設備，請補填或勾選「無使用調理設備」",IF($U47=1,"僅依賴1台設備，須確認故障/排修時之備援製程","無異常"))))) -> 無異常 | X47: 大溪_2025.09.03_熟成紅鮭飯糰_2026.07校正 | Z47: =IF($D47="",0,IF(COUNTIF($D$5:$D47,$D47)=1,1,0)) -> 1 | AA47: =IF(Z47=1,SUM($Z$5:$Z47),"") -> 13
A48: 架上 | B48: 大溪 | C48: 飯糰 | D48: 熟成紅鮭飯糰 | E48: 解凍-紅鮭 | F48: 10 | G48: 公克 | H48: 97 | T48: V | U48: =IF($E48="","",COUNTIF($I48:$S48,"V")) -> 0 | V48: =IF($E48="","",IF(AND($T48="V",$U48>0),"⚠ 勾選矛盾",IF($T48="V","○ 免調理",IF($U48=0,"⚠ 資料缺漏",IF($U48=1,"▲ 單一設備依賴","OK"))))) -> ○ 免調理 | W48: =IF($E48="","",IF(AND($T48="V",$U48>0),"「無使用調理設備」不可與設備欄同時勾選，請擇一修正",IF($T48="V","免調理半成品（外購/僅切配等），不列入設備風險評估",IF($U48=0,"未勾選任何設備，請補填或勾選「無使用調理設備」",IF($U48=1,"僅依賴1台設備，須確認故障/排修時之備援製程","無異常"))))) -> 免調理半成品（外購/僅切配等），不列入設備風險評估 | X48: 大溪_2025.09.03_熟成紅鮭飯糰_2026.07校正 | Z48: =IF($D48="",0,IF(COUNTIF($D$5:$D48,$D48)=1,1,0)) -> 0 | AA48: =IF(Z48=1,SUM($Z$5:$Z48),"")
A49: 架上 | B49: 大溪 | C49: 飯糰 | D49: 熟成紅鮭飯糰 | E49: 解凍-辛子明太子醬 | F49: 2 | G49: 公克 | H49: 95 | T49: V | U49: =IF($E49="","",COUNTIF($I49:$S49,"V")) -> 0 | V49: =IF($E49="","",IF(AND($T49="V",$U49>0),"⚠ 勾選矛盾",IF($T49="V","○ 免調理",IF($U49=0,"⚠ 資料缺漏",IF($U49=1,"▲ 單一設備依賴","OK"))))) -> ○ 免調理 | W49: =IF($E49="","",IF(AND($T49="V",$U49>0),"「無使用調理設備」不可與設備欄同時勾選，請擇一修正",IF($T49="V","免調理半成品（外購/僅切配等），不列入設備風險評估",IF($U49=0,"未勾選任何設備，請補填或勾選「無使用調理設備」",IF($U49=1,"僅依賴1台設備，須確認故障/排修時之備援製程","無異常"))))) -> 免調理半成品（外購/僅切配等），不列入設備風險評估 | X49: 大溪_2025.09.03_熟成紅鮭飯糰_2026.07校正 | Z49: =IF($D49="",0,IF(COUNTIF($D$5:$D49,$D49)=1,1,0)) -> 0 | AA49: =IF(Z49=1,SUM($Z$5:$Z49),"")
A50: 架上 | B50: 大溪 | C50: 飯糰 | D50: 熟成紅鮭飯糰 | E50: 三角原味海苔(極選版) | F50: 1 | G50: 個 | H50: 100 | T50: V | U50: =IF($E50="","",COUNTIF($I50:$S50,"V")) -> 0 | V50: =IF($E50="","",IF(AND($T50="V",$U50>0),"⚠ 勾選矛盾",IF($T50="V","○ 免調理",IF($U50=0,"⚠ 資料缺漏",IF($U50=1,"▲ 單一設備依賴","OK"))))) -> ○ 免調理 | W50: =IF($E50="","",IF(AND($T50="V",$U50>0),"「無使用調理設備」不可與設備欄同時勾選，請擇一修正",IF($T50="V","免調理半成品（外購/僅切配等），不列入設備風險評估",IF($U50=0,"未勾選任何設備，請補填或勾選「無使用調理設備」",IF($U50=1,"僅依賴1台設備，須確認故障/排修時之備援製程","無異常"))))) -> 免調理半成品（外購/僅切配等），不列入設備風險評估 | X50: 大溪_2025.09.03_熟成紅鮭飯糰_2026.07校正 | Z50: =IF($D50="",0,IF(COUNTIF($D$5:$D50,$D50)=1,1,0)) -> 0 | AA50: =IF(Z50=1,SUM($Z$5:$Z50),"")
A51: 架上 | B51: 大溪 | C51: 飯糰 | D51: 經典肉鬆飯糰 | E51: 煮16+11湖鹽飯(肉鬆) | F51: 95 | G51: 公克 | H51: 92.9 | I51: V | O51: V | U51: =IF($E51="","",COUNTIF($I51:$S51,"V")) -> 2 | V51: =IF($E51="","",IF(AND($T51="V",$U51>0),"⚠ 勾選矛盾",IF($T51="V","○ 免調理",IF($U51=0,"⚠ 資料缺漏",IF($U51=1,"▲ 單一設備依賴","OK"))))) -> OK | W51: =IF($E51="","",IF(AND($T51="V",$U51>0),"「無使用調理設備」不可與設備欄同時勾選，請擇一修正",IF($T51="V","免調理半成品（外購/僅切配等），不列入設備風險評估",IF($U51=0,"未勾選任何設備，請補填或勾選「無使用調理設備」",IF($U51=1,"僅依賴1台設備，須確認故障/排修時之備援製程","無異常"))))) -> 無異常 | X51: 大溪_2025.10.01_經典肉鬆飯糰_2026.07校正 | Z51: =IF($D51="",0,IF(COUNTIF($D$5:$D51,$D51)=1,1,0)) -> 1 | AA51: =IF(Z51=1,SUM($Z$5:$Z51),"") -> 14
A52: 架上 | B52: 大溪 | C52: 飯糰 | D52: 經典肉鬆飯糰 | E52: 焙炒芝麻肉鬆(飯糰) | F52: 14 | G52: 公克 | H52: 72.2 | O52: V | U52: =IF($E52="","",COUNTIF($I52:$S52,"V")) -> 1 | V52: =IF($E52="","",IF(AND($T52="V",$U52>0),"⚠ 勾選矛盾",IF($T52="V","○ 免調理",IF($U52=0,"⚠ 資料缺漏",IF($U52=1,"▲ 單一設備依賴","OK"))))) -> ▲ 單一設備依賴 | W52: =IF($E52="","",IF(AND($T52="V",$U52>0),"「無使用調理設備」不可與設備欄同時勾選，請擇一修正",IF($T52="V","免調理半成品（外購/僅切配等），不列入設備風險評估",IF($U52=0,"未勾選任何設備，請補填或勾選「無使用調理設備」",IF($U52=1,"僅依賴1台設備，須確認故障/排修時之備援製程","無異常"))))) -> 僅依賴1台設備，須確認故障/排修時之備援製程 | X52: 大溪_2025.10.01_經典肉鬆飯糰_2026.07校正 | Z52: =IF($D52="",0,IF(COUNTIF($D$5:$D52,$D52)=1,1,0)) -> 0 | AA52: =IF(Z52=1,SUM($Z$5:$Z52),"")
A53: 架上 | B53: 大溪 | C53: 飯糰 | D53: 經典肉鬆飯糰 | E53: 原味海苔(透明膠膜) | F53: 1 | G53: 個 | H53: 100 | T53: V | U53: =IF($E53="","",COUNTIF($I53:$S53,"V")) -> 0 | V53: =IF($E53="","",IF(AND($T53="V",$U53>0),"⚠ 勾選矛盾",IF($T53="V","○ 免調理",IF($U53=0,"⚠ 資料缺漏",IF($U53=1,"▲ 單一設備依賴","OK"))))) -> ○ 免調理 | W53: =IF($E53="","",IF(AND($T53="V",$U53>0),"「無使用調理設備」不可與設備欄同時勾選，請擇一修正",IF($T53="V","免調理半成品（外購/僅切配等），不列入設備風險評估",IF($U53=0,"未勾選任何設備，請補填或勾選「無使用調理設備」",IF($U53=1,"僅依賴1台設備，須確認故障/排修時之備援製程","無異常"))))) -> 免調理半成品（外購/僅切配等），不列入設備風險評估 | X53: 大溪_2025.10.01_經典肉鬆飯糰_2026.07校正 | Z53: =IF($D53="",0,IF(COUNTIF($D$5:$D53,$D53)=1,1,0)) -> 0 | AA53: =IF(Z53=1,SUM($Z$5:$Z53),"")
A54: 架上 | B54: 大溪 | C54: 飯糰 | D54: 蔬食鮪魚飯糰 | E54: 煮16+11湖鹽飯(109年) | F54: 95 | G54: 公克 | H54: 92.8 | I54: V | O54: V | U54: =IF($E54="","",COUNTIF($I54:$S54,"V")) -> 2 | V54: =IF($E54="","",IF(AND($T54="V",$U54>0),"⚠ 勾選矛盾",IF($T54="V","○ 免調理",IF($U54=0,"⚠ 資料缺漏",IF($U54=1,"▲ 單一設備依賴","OK"))))) -> OK | W54: =IF($E54="","",IF(AND($T54="V",$U54>0),"「無使用調理設備」不可與設備欄同時勾選，請擇一修正",IF($T54="V","免調理半成品（外購/僅切配等），不列入設備風險評估",IF($U54=0,"未勾選任何設備，請補填或勾選「無使用調理設備」",IF($U54=1,"僅依賴1台設備，須確認故障/排修時之備援製程","無異常"))))) -> 無異常 | X54: 大溪_2025.07.23_蔬食鮪魚飯糰_2026.07校正 | Z54: =IF($D54="",0,IF(COUNTIF($D$5:$D54,$D54)=1,1,0)) -> 1 | AA54: =IF(Z54=1,SUM($Z$5:$Z54),"") -> 15
A55: 架上 | B55: 大溪 | C55: 飯糰 | D55: 蔬食鮪魚飯糰 | E55: (V)114蔬食鮪魚 | F55: 19 | G55: 公克 | H55: 95 | O55: V | U55: =IF($E55="","",COUNTIF($I55:$S55,"V")) -> 1 | V55: =IF($E55="","",IF(AND($T55="V",$U55>0),"⚠ 勾選矛盾",IF($T55="V","○ 免調理",IF($U55=0,"⚠ 資料缺漏",IF($U55=1,"▲ 單一設備依賴","OK"))))) -> ▲ 單一設備依賴 | W55: =IF($E55="","",IF(AND($T55="V",$U55>0),"「無使用調理設備」不可與設備欄同時勾選，請擇一修正",IF($T55="V","免調理半成品（外購/僅切配等），不列入設備風險評估",IF($U55=0,"未勾選任何設備，請補填或勾選「無使用調理設備」",IF($U55=1,"僅依賴1台設備，須確認故障/排修時之備援製程","無異常"))))) -> 僅依賴1台設備，須確認故障/排修時之備援製程 | X55: 大溪_2025.07.23_蔬食鮪魚飯糰_2026.07校正 | Z55: =IF($D55="",0,IF(COUNTIF($D$5:$D55,$D55)=1,1,0)) -> 0 | AA55: =IF(Z55=1,SUM($Z$5:$Z55),"")
A56: 架上 | B56: 大溪 | C56: 飯糰 | D56: 蔬食鮪魚飯糰 | E56: 全家三角原味海苔(蔬食版) | F56: 1 | G56: 個 | H56: 100 | T56: V | U56: =IF($E56="","",COUNTIF($I56:$S56,"V")) -> 0 | V56: =IF($E56="","",IF(AND($T56="V",$U56>0),"⚠ 勾選矛盾",IF($T56="V","○ 免調理",IF($U56=0,"⚠ 資料缺漏",IF($U56=1,"▲ 單一設備依賴","OK"))))) -> ○ 免調理 | W56: =IF($E56="","",IF(AND($T56="V",$U56>0),"「無使用調理設備」不可與設備欄同時勾選，請擇一修正",IF($T56="V","免調理半成品（外購/僅切配等），不列入設備風險評估",IF($U56=0,"未勾選任何設備，請補填或勾選「無使用調理設備」",IF($U56=1,"僅依賴1台設備，須確認故障/排修時之備援製程","無異常"))))) -> 免調理半成品（外購/僅切配等），不列入設備風險評估 | X56: 大溪_2025.07.23_蔬食鮪魚飯糰_2026.07校正 | Z56: =IF($D56="",0,IF(COUNTIF($D$5:$D56,$D56)=1,1,0)) -> 0 | AA56: =IF(Z56=1,SUM($Z$5:$Z56),"")
A57: 架上 | B57: 大溪 | C57: 飯糰 | D57: 贅沢鮭魚肚飯糰 | E57: 煮一見鍾情飯 | F57: 95 | G57: 公克 | H57: 92 | I57: V | O57: V | U57: =IF($E57="","",COUNTIF($I57:$S57,"V")) -> 2 | V57: =IF($E57="","",IF(AND($T57="V",$U57>0),"⚠ 勾選矛盾",IF($T57="V","○ 免調理",IF($U57=0,"⚠ 資料缺漏",IF($U57=1,"▲ 單一設備依賴","OK"))))) -> OK | W57: =IF($E57="","",IF(AND($T57="V",$U57>0),"「無使用調理設備」不可與設備欄同時勾選，請擇一修正",IF($T57="V","免調理半成品（外購/僅切配等），不列入設備風險評估",IF($U57=0,"未勾選任何設備，請補填或勾選「無使用調理設備」",IF($U57=1,"僅依賴1台設備，須確認故障/排修時之備援製程","無異常"))))) -> 無異常 | X57: 大溪_2025.04.16_贅沢鮭魚肚飯糰_2026.07校正 | Z57: =IF($D57="",0,IF(COUNTIF($D$5:$D57,$D57)=1,1,0)) -> 1 | AA57: =IF(Z57=1,SUM($Z$5:$Z57),"") -> 16
A58: 架上 | B58: 大溪 | C58: 飯糰 | D58: 贅沢鮭魚肚飯糰 | E58: 烤銀鮭魚肚 | F58: 1 | G58: 個 | H58: 100 | K58: V | L58: V | U58: =IF($E58="","",COUNTIF($I58:$S58,"V")) -> 2 | V58: =IF($E58="","",IF(AND($T58="V",$U58>0),"⚠ 勾選矛盾",IF($T58="V","○ 免調理",IF($U58=0,"⚠ 資料缺漏",IF($U58=1,"▲ 單一設備依賴","OK"))))) -> OK | W58: =IF($E58="","",IF(AND($T58="V",$U58>0),"「無使用調理設備」不可與設備欄同時勾選，請擇一修正",IF($T58="V","免調理半成品（外購/僅切配等），不列入設備風險評估",IF($U58=0,"未勾選任何設備，請補填或勾選「無使用調理設備」",IF($U58=1,"僅依賴1台設備，須確認故障/排修時之備援製程","無異常"))))) -> 無異常 | X58: 大溪_2025.04.16_贅沢鮭魚肚飯糰_2026.07校正 | Z58: =IF($D58="",0,IF(COUNTIF($D$5:$D58,$D58)=1,1,0)) -> 0 | AA58: =IF(Z58=1,SUM($Z$5:$Z58),"")
A59: 架上 | B59: 大溪 | C59: 飯糰 | D59: 贅沢鮭魚肚飯糰 | E59: 原味海苔(極選膠膜) | F59: 1 | G59: 個 | H59: 100 | T59: V | U59: =IF($E59="","",COUNTIF($I59:$S59,"V")) -> 0 | V59: =IF($E59="","",IF(AND($T59="V",$U59>0),"⚠ 勾選矛盾",IF($T59="V","○ 免調理",IF($U59=0,"⚠ 資料缺漏",IF($U59=1,"▲ 單一設備依賴","OK"))))) -> ○ 免調理 | W59: =IF($E59="","",IF(AND($T59="V",$U59>0),"「無使用調理設備」不可與設備欄同時勾選，請擇一修正",IF($T59="V","免調理半成品（外購/僅切配等），不列入設備風險評估",IF($U59=0,"未勾選任何設備，請補填或勾選「無使用調理設備」",IF($U59=1,"僅依賴1台設備，須確認故障/排修時之備援製程","無異常"))))) -> 免調理半成品（外購/僅切配等），不列入設備風險評估 | X59: 大溪_2025.04.16_贅沢鮭魚肚飯糰_2026.07校正 | Z59: =IF($D59="",0,IF(COUNTIF($D$5:$D59,$D59)=1,1,0)) -> 0 | AA59: =IF(Z59=1,SUM($Z$5:$Z59),"")
A60: 架上 | B60: 大溪 | C60: 飯糰 | D60: 雞肉飯飯糰 | E60: 煮16+11湖鹽飯(109年) | F60: 95 | G60: 公克 | H60: 92.8 | I60: V | O60: V | U60: =IF($E60="","",COUNTIF($I60:$S60,"V")) -> 2 | V60: =IF($E60="","",IF(AND($T60="V",$U60>0),"⚠ 勾選矛盾",IF($T60="V","○ 免調理",IF($U60=0,"⚠ 資料缺漏",IF($U60=1,"▲ 單一設備依賴","OK"))))) -> OK | W60: =IF($E60="","",IF(AND($T60="V",$U60>0),"「無使用調理設備」不可與設備欄同時勾選，請擇一修正",IF($T60="V","免調理半成品（外購/僅切配等），不列入設備風險評估",IF($U60=0,"未勾選任何設備，請補填或勾選「無使用調理設備」",IF($U60=1,"僅依賴1台設備，須確認故障/排修時之備援製程","無異常"))))) -> 無異常 | X60: 大溪_2023.08.09_雞肉飯飯糰_2026.06校正 | Z60: =IF($D60="",0,IF(COUNTIF($D$5:$D60,$D60)=1,1,0)) -> 1 | AA60: =IF(Z60=1,SUM($Z$5:$Z60),"") -> 17
A61: 架上 | B61: 大溪 | C61: 飯糰 | D61: 雞肉飯飯糰 | E61: 炒油蔥醬 | F61: 11 | G61: 公克 | H61: 55.2 | O61: V | U61: =IF($E61="","",COUNTIF($I61:$S61,"V")) -> 1 | V61: =IF($E61="","",IF(AND($T61="V",$U61>0),"⚠ 勾選矛盾",IF($T61="V","○ 免調理",IF($U61=0,"⚠ 資料缺漏",IF($U61=1,"▲ 單一設備依賴","OK"))))) -> ▲ 單一設備依賴 | W61: =IF($E61="","",IF(AND($T61="V",$U61>0),"「無使用調理設備」不可與設備欄同時勾選，請擇一修正",IF($T61="V","免調理半成品（外購/僅切配等），不列入設備風險評估",IF($U61=0,"未勾選任何設備，請補填或勾選「無使用調理設備」",IF($U61=1,"僅依賴1台設備，須確認故障/排修時之備援製程","無異常"))))) -> 僅依賴1台設備，須確認故障/排修時之備援製程 | X61: 大溪_2023.08.09_雞肉飯飯糰_2026.06校正 | Z61: =IF($D61="",0,IF(COUNTIF($D$5:$D61,$D61)=1,1,0)) -> 0 | AA61: =IF(Z61=1,SUM($Z$5:$Z61),"")
A62: 架上 | B62: 大溪 | C62: 飯糰 | D62: 雞肉飯飯糰 | E62: 蒸-全熟雞肉絲CL(113年) | F62: 8 | G62: 公克 | H62: 71.8 | M62: V | U62: =IF($E62="","",COUNTIF($I62:$S62,"V")) -> 1 | V62: =IF($E62="","",IF(AND($T62="V",$U62>0),"⚠ 勾選矛盾",IF($T62="V","○ 免調理",IF($U62=0,"⚠ 資料缺漏",IF($U62=1,"▲ 單一設備依賴","OK"))))) -> ▲ 單一設備依賴 | W62: =IF($E62="","",IF(AND($T62="V",$U62>0),"「無使用調理設備」不可與設備欄同時勾選，請擇一修正",IF($T62="V","免調理半成品（外購/僅切配等），不列入設備風險評估",IF($U62=0,"未勾選任何設備，請補填或勾選「無使用調理設備」",IF($U62=1,"僅依賴1台設備，須確認故障/排修時之備援製程","無異常"))))) -> 僅依賴1台設備，須確認故障/排修時之備援製程 | X62: 大溪_2023.08.09_雞肉飯飯糰_2026.06校正 | Z62: =IF($D62="",0,IF(COUNTIF($D$5:$D62,$D62)=1,1,0)) -> 0 | AA62: =IF(Z62=1,SUM($Z$5:$Z62),"")
A63: 架上 | B63: 大溪 | C63: 飯糰 | D63: 雞肉飯飯糰 | E63: 日式醬油三角海苔CL升級版 | F63: 1 | G63: 個 | H63: 100 | T63: V | U63: =IF($E63="","",COUNTIF($I63:$S63,"V")) -> 0 | V63: =IF($E63="","",IF(AND($T63="V",$U63>0),"⚠ 勾選矛盾",IF($T63="V","○ 免調理",IF($U63=0,"⚠ 資料缺漏",IF($U63=1,"▲ 單一設備依賴","OK"))))) -> ○ 免調理 | W63: =IF($E63="","",IF(AND($T63="V",$U63>0),"「無使用調理設備」不可與設備欄同時勾選，請擇一修正",IF($T63="V","免調理半成品（外購/僅切配等），不列入設備風險評估",IF($U63=0,"未勾選任何設備，請補填或勾選「無使用調理設備」",IF($U63=1,"僅依賴1台設備，須確認故障/排修時之備援製程","無異常"))))) -> 免調理半成品（外購/僅切配等），不列入設備風險評估 | X63: 大溪_2023.08.09_雞肉飯飯糰_2026.06校正 | Z63: =IF($D63="",0,IF(COUNTIF($D$5:$D63,$D63)=1,1,0)) -> 0 | AA63: =IF(Z63=1,SUM($Z$5:$Z63),"")
A64: 架上 | B64: 大溪 | C64: 飯糰 | D64: 鮪魚飯糰 | E64: 煮16+11湖鹽飯(109年) | F64: 95 | G64: 公克 | H64: 92.8 | I64: V | O64: V | U64: =IF($E64="","",COUNTIF($I64:$S64,"V")) -> 2 | V64: =IF($E64="","",IF(AND($T64="V",$U64>0),"⚠ 勾選矛盾",IF($T64="V","○ 免調理",IF($U64=0,"⚠ 資料缺漏",IF($U64=1,"▲ 單一設備依賴","OK"))))) -> OK | W64: =IF($E64="","",IF(AND($T64="V",$U64>0),"「無使用調理設備」不可與設備欄同時勾選，請擇一修正",IF($T64="V","免調理半成品（外購/僅切配等），不列入設備風險評估",IF($U64=0,"未勾選任何設備，請補填或勾選「無使用調理設備」",IF($U64=1,"僅依賴1台設備，須確認故障/排修時之備援製程","無異常"))))) -> 無異常 | X64: 大溪_2023.04.19_鮪魚飯糰_2026.06校正 | Z64: =IF($D64="",0,IF(COUNTIF($D$5:$D64,$D64)=1,1,0)) -> 1 | AA64: =IF(Z64=1,SUM($Z$5:$Z64),"") -> 18
A65: 架上 | B65: 大溪 | C65: 飯糰 | D65: 鮪魚飯糰 | E65: 112年拌鮪魚沙拉 | F65: 19 | G65: 公克 | H65: 95 | O65: V | U65: =IF($E65="","",COUNTIF($I65:$S65,"V")) -> 1 | V65: =IF($E65="","",IF(AND($T65="V",$U65>0),"⚠ 勾選矛盾",IF($T65="V","○ 免調理",IF($U65=0,"⚠ 資料缺漏",IF($U65=1,"▲ 單一設備依賴","OK"))))) -> ▲ 單一設備依賴 | W65: =IF($E65="","",IF(AND($T65="V",$U65>0),"「無使用調理設備」不可與設備欄同時勾選，請擇一修正",IF($T65="V","免調理半成品（外購/僅切配等），不列入設備風險評估",IF($U65=0,"未勾選任何設備，請補填或勾選「無使用調理設備」",IF($U65=1,"僅依賴1台設備，須確認故障/排修時之備援製程","無異常"))))) -> 僅依賴1台設備，須確認故障/排修時之備援製程 | X65: 大溪_2023.04.19_鮪魚飯糰_2026.06校正 | Z65: =IF($D65="",0,IF(COUNTIF($D$5:$D65,$D65)=1,1,0)) -> 0 | AA65: =IF(Z65=1,SUM($Z$5:$Z65),"")
A66: 架上 | B66: 大溪 | C66: 飯糰 | D66: 鮪魚飯糰 | E66: 原味海苔(透明膠膜) | F66: 1 | G66: 個 | H66: 100 | T66: V | U66: =IF($E66="","",COUNTIF($I66:$S66,"V")) -> 0 | V66: =IF($E66="","",IF(AND($T66="V",$U66>0),"⚠ 勾選矛盾",IF($T66="V","○ 免調理",IF($U66=0,"⚠ 資料缺漏",IF($U66=1,"▲ 單一設備依賴","OK"))))) -> ○ 免調理 | W66: =IF($E66="","",IF(AND($T66="V",$U66>0),"「無使用調理設備」不可與設備欄同時勾選，請擇一修正",IF($T66="V","免調理半成品（外購/僅切配等），不列入設備風險評估",IF($U66=0,"未勾選任何設備，請補填或勾選「無使用調理設備」",IF($U66=1,"僅依賴1台設備，須確認故障/排修時之備援製程","無異常"))))) -> 免調理半成品（外購/僅切配等），不列入設備風險評估 | X66: 大溪_2023.04.19_鮪魚飯糰_2026.06校正 | Z66: =IF($D66="",0,IF(COUNTIF($D$5:$D66,$D66)=1,1,0)) -> 0 | AA66: =IF(Z66=1,SUM($Z$5:$Z66),"")
A67: 架上 | B67: 大溪 | C67: 飯糰 | D67: 鹽蔥燒肉飯糰 | E67: 煮16+11湖鹽飯(109年) | F67: 95 | G67: 公克 | H67: 92.8 | I67: V | O67: V | U67: =IF($E67="","",COUNTIF($I67:$S67,"V")) -> 2 | V67: =IF($E67="","",IF(AND($T67="V",$U67>0),"⚠ 勾選矛盾",IF($T67="V","○ 免調理",IF($U67=0,"⚠ 資料缺漏",IF($U67=1,"▲ 單一設備依賴","OK"))))) -> OK | W67: =IF($E67="","",IF(AND($T67="V",$U67>0),"「無使用調理設備」不可與設備欄同時勾選，請擇一修正",IF($T67="V","免調理半成品（外購/僅切配等），不列入設備風險評估",IF($U67=0,"未勾選任何設備，請補填或勾選「無使用調理設備」",IF($U67=1,"僅依賴1台設備，須確認故障/排修時之備援製程","無異常"))))) -> 無異常 | X67: 大溪_2023.08.16_鹽蔥燒肉飯糰_2026.06校正 | Z67: =IF($D67="",0,IF(COUNTIF($D$5:$D67,$D67)=1,1,0)) -> 1 | AA67: =IF(Z67=1,SUM($Z$5:$Z67),"") -> 19
A68: 架上 | B68: 大溪 | C68: 飯糰 | D68: 鹽蔥燒肉飯糰 | E68: 拌鹽烤豬肉片(114年) | F68: 18 | G68: 公克 | H68: 95 | K68: V | O68: V | U68: =IF($E68="","",COUNTIF($I68:$S68,"V")) -> 2 | V68: =IF($E68="","",IF(AND($T68="V",$U68>0),"⚠ 勾選矛盾",IF($T68="V","○ 免調理",IF($U68=0,"⚠ 資料缺漏",IF($U68=1,"▲ 單一設備依賴","OK"))))) -> OK | W68: =IF($E68="","",IF(AND($T68="V",$U68>0),"「無使用調理設備」不可與設備欄同時勾選，請擇一修正",IF($T68="V","免調理半成品（外購/僅切配等），不列入設備風險評估",IF($U68=0,"未勾選任何設備，請補填或勾選「無使用調理設備」",IF($U68=1,"僅依賴1台設備，須確認故障/排修時之備援製程","無異常"))))) -> 無異常 | X68: 大溪_2023.08.16_鹽蔥燒肉飯糰_2026.06校正 | Z68: =IF($D68="",0,IF(COUNTIF($D$5:$D68,$D68)=1,1,0)) -> 0 | AA68: =IF(Z68=1,SUM($Z$5:$Z68),"")
A69: 架上 | B69: 大溪 | C69: 飯糰 | D69: 鹽蔥燒肉飯糰 | E69: 韓式三角玫瑰鹽海苔CL(白版) | F69: 1 | G69: 個 | H69: 100 | T69: V | U69: =IF($E69="","",COUNTIF($I69:$S69,"V")) -> 0 | V69: =IF($E69="","",IF(AND($T69="V",$U69>0),"⚠ 勾選矛盾",IF($T69="V","○ 免調理",IF($U69=0,"⚠ 資料缺漏",IF($U69=1,"▲ 單一設備依賴","OK"))))) -> ○ 免調理 | W69: =IF($E69="","",IF(AND($T69="V",$U69>0),"「無使用調理設備」不可與設備欄同時勾選，請擇一修正",IF($T69="V","免調理半成品（外購/僅切配等），不列入設備風險評估",IF($U69=0,"未勾選任何設備，請補填或勾選「無使用調理設備」",IF($U69=1,"僅依賴1台設備，須確認故障/排修時之備援製程","無異常"))))) -> 免調理半成品（外購/僅切配等），不列入設備風險評估 | X69: 大溪_2023.08.16_鹽蔥燒肉飯糰_2026.06校正 | Z69: =IF($D69="",0,IF(COUNTIF($D$5:$D69,$D69)=1,1,0)) -> 0 | AA69: =IF(Z69=1,SUM($Z$5:$Z69),"")
A70: 下架 | B70: 大溪 | C70: 飯糰 | D70: 鮭魚毛豆炊飯飯糰 | E70: 煮牛蒡大麥飯 | F70: 95 | G70: 公克 | H70: 83.9 | I70: V | O70: V | U70: =IF($E70="","",COUNTIF($I70:$S70,"V")) -> 2 | V70: =IF($E70="","",IF(AND($T70="V",$U70>0),"⚠ 勾選矛盾",IF($T70="V","○ 免調理",IF($U70=0,"⚠ 資料缺漏",IF($U70=1,"▲ 單一設備依賴","OK"))))) -> OK | W70: =IF($E70="","",IF(AND($T70="V",$U70>0),"「無使用調理設備」不可與設備欄同時勾選，請擇一修正",IF($T70="V","免調理半成品（外購/僅切配等），不列入設備風險評估",IF($U70=0,"未勾選任何設備，請補填或勾選「無使用調理設備」",IF($U70=1,"僅依賴1台設備，須確認故障/排修時之備援製程","無異常"))))) -> 無異常 | X70: 大溪廠_2026.06.23_鮭魚毛豆炊飯飯糰_2026.07校正 | Z70: =IF($D70="",0,IF(COUNTIF($D$5:$D70,$D70)=1,1,0)) -> 1 | AA70: =IF(Z70=1,SUM($Z$5:$Z70),"") -> 20
A71: 下架 | B71: 大溪 | C71: 飯糰 | D71: 鮭魚毛豆炊飯飯糰 | E71: 新冷凍銀鮭碎肉 | F71: 5 | G71: 公克 | H71: 90 | T71: V | U71: =IF($E71="","",COUNTIF($I71:$S71,"V")) -> 0 | V71: =IF($E71="","",IF(AND($T71="V",$U71>0),"⚠ 勾選矛盾",IF($T71="V","○ 免調理",IF($U71=0,"⚠ 資料缺漏",IF($U71=1,"▲ 單一設備依賴","OK"))))) -> ○ 免調理 | W71: =IF($E71="","",IF(AND($T71="V",$U71>0),"「無使用調理設備」不可與設備欄同時勾選，請擇一修正",IF($T71="V","免調理半成品（外購/僅切配等），不列入設備風險評估",IF($U71=0,"未勾選任何設備，請補填或勾選「無使用調理設備」",IF($U71=1,"僅依賴1台設備，須確認故障/排修時之備援製程","無異常"))))) -> 免調理半成品（外購/僅切配等），不列入設備風險評估 | X71: 大溪廠_2026.06.23_鮭魚毛豆炊飯飯糰_2026.07校正 | Z71: =IF($D71="",0,IF(COUNTIF($D$5:$D71,$D71)=1,1,0)) -> 0 | AA71: =IF(Z71=1,SUM($Z$5:$Z71),"")
A72: 下架 | B72: 大溪 | C72: 飯糰 | D72: 鮭魚毛豆炊飯飯糰 | E72: 水煮毛豆仁(111年) | F72: 5 | G72: 公克 | H72: 78 | O72: V | U72: =IF($E72="","",COUNTIF($I72:$S72,"V")) -> 1 | V72: =IF($E72="","",IF(AND($T72="V",$U72>0),"⚠ 勾選矛盾",IF($T72="V","○ 免調理",IF($U72=0,"⚠ 資料缺漏",IF($U72=1,"▲ 單一設備依賴","OK"))))) -> ▲ 單一設備依賴 | W72: =IF($E72="","",IF(AND($T72="V",$U72>0),"「無使用調理設備」不可與設備欄同時勾選，請擇一修正",IF($T72="V","免調理半成品（外購/僅切配等），不列入設備風險評估",IF($U72=0,"未勾選任何設備，請補填或勾選「無使用調理設備」",IF($U72=1,"僅依賴1台設備，須確認故障/排修時之備援製程","無異常"))))) -> 僅依賴1台設備，須確認故障/排修時之備援製程 | X72: 大溪廠_2026.06.23_鮭魚毛豆炊飯飯糰_2026.07校正 | Z72: =IF($D72="",0,IF(COUNTIF($D$5:$D72,$D72)=1,1,0)) -> 0 | AA72: =IF(Z72=1,SUM($Z$5:$Z72),"")
A73: 架上 | B73: 大溪 | C73: 飯糰 | D73: 兩粒飯糰 (鮪魚.焦糖鮭魚) | E73: 煮16+11湖鹽飯(109年) | F73: 95 | G73: 公克 | H73: 92.8 | I73: V | O73: V | U73: =IF($E73="","",COUNTIF($I73:$S73,"V")) -> 2 | V73: =IF($E73="","",IF(AND($T73="V",$U73>0),"⚠ 勾選矛盾",IF($T73="V","○ 免調理",IF($U73=0,"⚠ 資料缺漏",IF($U73=1,"▲ 單一設備依賴","OK"))))) -> OK | W73: =IF($E73="","",IF(AND($T73="V",$U73>0),"「無使用調理設備」不可與設備欄同時勾選，請擇一修正",IF($T73="V","免調理半成品（外購/僅切配等），不列入設備風險評估",IF($U73=0,"未勾選任何設備，請補填或勾選「無使用調理設備」",IF($U73=1,"僅依賴1台設備，須確認故障/排修時之備援製程","無異常"))))) -> 無異常 | X73: 大溪_2025.10.29_兩粒飯糰(鮪魚.焦糖鮭魚)_2026.07校正 | Z73: =IF($D73="",0,IF(COUNTIF($D$5:$D73,$D73)=1,1,0)) -> 1 | AA73: =IF(Z73=1,SUM($Z$5:$Z73),"") -> 21
A74: 架上 | B74: 大溪 | C74: 飯糰 | D74: 兩粒飯糰 (鮪魚.焦糖鮭魚) | E74: 拌鮭魚沙拉(兩粒) | F74: 6 | G74: 公克 | H74: 95 | O74: V | U74: =IF($E74="","",COUNTIF($I74:$S74,"V")) -> 1 | V74: =IF($E74="","",IF(AND($T74="V",$U74>0),"⚠ 勾選矛盾",IF($T74="V","○ 免調理",IF($U74=0,"⚠ 資料缺漏",IF($U74=1,"▲ 單一設備依賴","OK"))))) -> ▲ 單一設備依賴 | W74: =IF($E74="","",IF(AND($T74="V",$U74>0),"「無使用調理設備」不可與設備欄同時勾選，請擇一修正",IF($T74="V","免調理半成品（外購/僅切配等），不列入設備風險評估",IF($U74=0,"未勾選任何設備，請補填或勾選「無使用調理設備」",IF($U74=1,"僅依賴1台設備，須確認故障/排修時之備援製程","無異常"))))) -> 僅依賴1台設備，須確認故障/排修時之備援製程 | X74: 大溪_2025.10.29_兩粒飯糰(鮪魚.焦糖鮭魚)_2026.07校正 | Z74: =IF($D74="",0,IF(COUNTIF($D$5:$D74,$D74)=1,1,0)) -> 0 | AA74: =IF(Z74=1,SUM($Z$5:$Z74),"")
A75: 架上 | B75: 大溪 | C75: 飯糰 | D75: 兩粒飯糰 (鮪魚.焦糖鮭魚) | E75: 拌焦糖沙拉 | F75: 3 | G75: 公克 | H75: 95 | O75: V | U75: =IF($E75="","",COUNTIF($I75:$S75,"V")) -> 1 | V75: =IF($E75="","",IF(AND($T75="V",$U75>0),"⚠ 勾選矛盾",IF($T75="V","○ 免調理",IF($U75=0,"⚠ 資料缺漏",IF($U75=1,"▲ 單一設備依賴","OK"))))) -> ▲ 單一設備依賴 | W75: =IF($E75="","",IF(AND($T75="V",$U75>0),"「無使用調理設備」不可與設備欄同時勾選，請擇一修正",IF($T75="V","免調理半成品（外購/僅切配等），不列入設備風險評估",IF($U75=0,"未勾選任何設備，請補填或勾選「無使用調理設備」",IF($U75=1,"僅依賴1台設備，須確認故障/排修時之備援製程","無異常"))))) -> 僅依賴1台設備，須確認故障/排修時之備援製程 | X75: 大溪_2025.10.29_兩粒飯糰(鮪魚.焦糖鮭魚)_2026.07校正 | Z75: =IF($D75="",0,IF(COUNTIF($D$5:$D75,$D75)=1,1,0)) -> 0 | AA75: =IF(Z75=1,SUM($Z$5:$Z75),"")
A76: 架上 | B76: 大溪 | C76: 飯糰 | D76: 兩粒飯糰 (鮪魚.焦糖鮭魚) | E76: 韓式三角玫瑰鹽海苔CL(白版) | F76: 1 | G76: 個 | H76: 100 | T76: V | U76: =IF($E76="","",COUNTIF($I76:$S76,"V")) -> 0 | V76: =IF($E76="","",IF(AND($T76="V",$U76>0),"⚠ 勾選矛盾",IF($T76="V","○ 免調理",IF($U76=0,"⚠ 資料缺漏",IF($U76=1,"▲ 單一設備依賴","OK"))))) -> ○ 免調理 | W76: =IF($E76="","",IF(AND($T76="V",$U76>0),"「無使用調理設備」不可與設備欄同時勾選，請擇一修正",IF($T76="V","免調理半成品（外購/僅切配等），不列入設備風險評估",IF($U76=0,"未勾選任何設備，請補填或勾選「無使用調理設備」",IF($U76=1,"僅依賴1台設備，須確認故障/排修時之備援製程","無異常"))))) -> 免調理半成品（外購/僅切配等），不列入設備風險評估 | X76: 大溪_2025.10.29_兩粒飯糰(鮪魚.焦糖鮭魚)_2026.07校正 | Z76: =IF($D76="",0,IF(COUNTIF($D$5:$D76,$D76)=1,1,0)) -> 0 | AA76: =IF(Z76=1,SUM($Z$5:$Z76),"")
A77: 架上 | B77: 大溪 | C77: 飯糰 | D77: 兩粒飯糰 (鮪魚.焦糖鮭魚) | E77: 煮16+11湖鹽飯(109年) | F77: 95 | G77: 公克 | H77: 92.8 | I77: V | O77: V | U77: =IF($E77="","",COUNTIF($I77:$S77,"V")) -> 2 | V77: =IF($E77="","",IF(AND($T77="V",$U77>0),"⚠ 勾選矛盾",IF($T77="V","○ 免調理",IF($U77=0,"⚠ 資料缺漏",IF($U77=1,"▲ 單一設備依賴","OK"))))) -> OK | W77: =IF($E77="","",IF(AND($T77="V",$U77>0),"「無使用調理設備」不可與設備欄同時勾選，請擇一修正",IF($T77="V","免調理半成品（外購/僅切配等），不列入設備風險評估",IF($U77=0,"未勾選任何設備，請補填或勾選「無使用調理設備」",IF($U77=1,"僅依賴1台設備，須確認故障/排修時之備援製程","無異常"))))) -> 無異常 | X77: 大溪_2025.10.29_兩粒飯糰(鮪魚.焦糖鮭魚)_2026.07校正 | Z77: =IF($D77="",0,IF(COUNTIF($D$5:$D77,$D77)=1,1,0)) -> 0 | AA77: =IF(Z77=1,SUM($Z$5:$Z77),"")
A78: 架上 | B78: 大溪 | C78: 飯糰 | D78: 兩粒飯糰 (鮪魚.焦糖鮭魚) | E78: 114年拌鮪魚沙拉(平替) | F78: 11 | G78: 公克 | H78: 95 | O78: V | U78: =IF($E78="","",COUNTIF($I78:$S78,"V")) -> 1 | V78: =IF($E78="","",IF(AND($T78="V",$U78>0),"⚠ 勾選矛盾",IF($T78="V","○ 免調理",IF($U78=0,"⚠ 資料缺漏",IF($U78=1,"▲ 單一設備依賴","OK"))))) -> ▲ 單一設備依賴 | W78: =IF($E78="","",IF(AND($T78="V",$U78>0),"「無使用調理設備」不可與設備欄同時勾選，請擇一修正",IF($T78="V","免調理半成品（外購/僅切配等），不列入設備風險評估",IF($U78=0,"未勾選任何設備，請補填或勾選「無使用調理設備」",IF($U78=1,"僅依賴1台設備，須確認故障/排修時之備援製程","無異常"))))) -> 僅依賴1台設備，須確認故障/排修時之備援製程 | X78: 大溪_2025.10.29_兩粒飯糰(鮪魚.焦糖鮭魚)_2026.07校正 | Z78: =IF($D78="",0,IF(COUNTIF($D$5:$D78,$D78)=1,1,0)) -> 0 | AA78: =IF(Z78=1,SUM($Z$5:$Z78),"")
A79: 架上 | B79: 大溪 | C79: 飯糰 | D79: 兩粒飯糰 (鮪魚.焦糖鮭魚) | E79: 原味海苔(透明膠膜) | F79: 1 | G79: 個 | H79: 100 | T79: V | U79: =IF($E79="","",COUNTIF($I79:$S79,"V")) -> 0 | V79: =IF($E79="","",IF(AND($T79="V",$U79>0),"⚠ 勾選矛盾",IF($T79="V","○ 免調理",IF($U79=0,"⚠ 資料缺漏",IF($U79=1,"▲ 單一設備依賴","OK"))))) -> ○ 免調理 | W79: =IF($E79="","",IF(AND($T79="V",$U79>0),"「無使用調理設備」不可與設備欄同時勾選，請擇一修正",IF($T79="V","免調理半成品（外購/僅切配等），不列入設備風險評估",IF($U79=0,"未勾選任何設備，請補填或勾選「無使用調理設備」",IF($U79=1,"僅依賴1台設備，須確認故障/排修時之備援製程","無異常"))))) -> 免調理半成品（外購/僅切配等），不列入設備風險評估 | X79: 大溪_2025.10.29_兩粒飯糰(鮪魚.焦糖鮭魚)_2026.07校正 | Z79: =IF($D79="",0,IF(COUNTIF($D$5:$D79,$D79)=1,1,0)) -> 0 | AA79: =IF(Z79=1,SUM($Z$5:$Z79),"")
A80: 下架 | B80: 大溪 | C80: 飯糰 | D80: 柚香雞胸五穀飯糰 | E80: 煮五穀大麥飯 | F80: 95 | G80: 公克 | H80: 86.8 | I80: V | O80: V | U80: =IF($E80="","",COUNTIF($I80:$S80,"V")) -> 2 | V80: =IF($E80="","",IF(AND($T80="V",$U80>0),"⚠ 勾選矛盾",IF($T80="V","○ 免調理",IF($U80=0,"⚠ 資料缺漏",IF($U80=1,"▲ 單一設備依賴","OK"))))) -> OK | W80: =IF($E80="","",IF(AND($T80="V",$U80>0),"「無使用調理設備」不可與設備欄同時勾選，請擇一修正",IF($T80="V","免調理半成品（外購/僅切配等），不列入設備風險評估",IF($U80=0,"未勾選任何設備，請補填或勾選「無使用調理設備」",IF($U80=1,"僅依賴1台設備，須確認故障/排修時之備援製程","無異常"))))) -> 無異常 | X80: 大溪_2026.06.30_柚香雞胸五穀飯糰_2026.06校正 | Z80: =IF($D80="",0,IF(COUNTIF($D$5:$D80,$D80)=1,1,0)) -> 1 | AA80: =IF(Z80=1,SUM($Z$5:$Z80),"") -> 22
A81: 下架 | B81: 大溪 | C81: 飯糰 | D81: 柚香雞胸五穀飯糰 | E81: 煮柚子醬油(雞胸用) | F81: 5 | G81: 公克 | H81: 51.3 | O81: V | U81: =IF($E81="","",COUNTIF($I81:$S81,"V")) -> 1 | V81: =IF($E81="","",IF(AND($T81="V",$U81>0),"⚠ 勾選矛盾",IF($T81="V","○ 免調理",IF($U81=0,"⚠ 資料缺漏",IF($U81=1,"▲ 單一設備依賴","OK"))))) -> ▲ 單一設備依賴 | W81: =IF($E81="","",IF(AND($T81="V",$U81>0),"「無使用調理設備」不可與設備欄同時勾選，請擇一修正",IF($T81="V","免調理半成品（外購/僅切配等），不列入設備風險評估",IF($U81=0,"未勾選任何設備，請補填或勾選「無使用調理設備」",IF($U81=1,"僅依賴1台設備，須確認故障/排修時之備援製程","無異常"))))) -> 僅依賴1台設備，須確認故障/排修時之備援製程 | X81: 大溪_2026.06.30_柚香雞胸五穀飯糰_2026.06校正 | Z81: =IF($D81="",0,IF(COUNTIF($D$5:$D81,$D81)=1,1,0)) -> 0 | AA81: =IF(Z81=1,SUM($Z$5:$Z81),"")
A82: 下架 | B82: 大溪 | C82: 飯糰 | D82: 柚香雞胸五穀飯糰 | E82: 切烤柚香雞胸肉 | F82: 10 | G82: 公克 | H82: 90 | K82: V | U82: =IF($E82="","",COUNTIF($I82:$S82,"V")) -> 1 | V82: =IF($E82="","",IF(AND($T82="V",$U82>0),"⚠ 勾選矛盾",IF($T82="V","○ 免調理",IF($U82=0,"⚠ 資料缺漏",IF($U82=1,"▲ 單一設備依賴","OK"))))) -> ▲ 單一設備依賴 | W82: =IF($E82="","",IF(AND($T82="V",$U82>0),"「無使用調理設備」不可與設備欄同時勾選，請擇一修正",IF($T82="V","免調理半成品（外購/僅切配等），不列入設備風險評估",IF($U82=0,"未勾選任何設備，請補填或勾選「無使用調理設備」",IF($U82=1,"僅依賴1台設備，須確認故障/排修時之備援製程","無異常"))))) -> 僅依賴1台設備，須確認故障/排修時之備援製程 | X82: 大溪_2026.06.30_柚香雞胸五穀飯糰_2026.06校正 | Z82: =IF($D82="",0,IF(COUNTIF($D$5:$D82,$D82)=1,1,0)) -> 0 | AA82: =IF(Z82=1,SUM($Z$5:$Z82),"")
A83: 下架 | B83: 大溪 | C83: 飯糰 | D83: 溏心蛋五目飯糰 | E83: 煮五目炊飯(115年) | F83: 90 | G83: 公克 | H83: 81.7 | I83: V | O83: V | U83: =IF($E83="","",COUNTIF($I83:$S83,"V")) -> 2 | V83: =IF($E83="","",IF(AND($T83="V",$U83>0),"⚠ 勾選矛盾",IF($T83="V","○ 免調理",IF($U83=0,"⚠ 資料缺漏",IF($U83=1,"▲ 單一設備依賴","OK"))))) -> OK | W83: =IF($E83="","",IF(AND($T83="V",$U83>0),"「無使用調理設備」不可與設備欄同時勾選，請擇一修正",IF($T83="V","免調理半成品（外購/僅切配等），不列入設備風險評估",IF($U83=0,"未勾選任何設備，請補填或勾選「無使用調理設備」",IF($U83=1,"僅依賴1台設備，須確認故障/排修時之備援製程","無異常"))))) -> 無異常 | X83: 1150331溏心蛋五目飯糰.確認版(2)更新裏表頁寫法 | Z83: =IF($D83="",0,IF(COUNTIF($D$5:$D83,$D83)=1,1,0)) -> 1 | AA83: =IF(Z83=1,SUM($Z$5:$Z83),"") -> 23
A84: 下架 | B84: 大溪 | C84: 飯糰 | D84: 溏心蛋五目飯糰 | E84: 煮醬油膏 | F84: 2 | G84: 公克 | H84: 64.3 | O84: V | U84: =IF($E84="","",COUNTIF($I84:$S84,"V")) -> 1 | V84: =IF($E84="","",IF(AND($T84="V",$U84>0),"⚠ 勾選矛盾",IF($T84="V","○ 免調理",IF($U84=0,"⚠ 資料缺漏",IF($U84=1,"▲ 單一設備依賴","OK"))))) -> ▲ 單一設備依賴 | W84: =IF($E84="","",IF(AND($T84="V",$U84>0),"「無使用調理設備」不可與設備欄同時勾選，請擇一修正",IF($T84="V","免調理半成品（外購/僅切配等），不列入設備風險評估",IF($U84=0,"未勾選任何設備，請補填或勾選「無使用調理設備」",IF($U84=1,"僅依賴1台設備，須確認故障/排修時之備援製程","無異常"))))) -> 僅依賴1台設備，須確認故障/排修時之備援製程 | X84: 1150331溏心蛋五目飯糰.確認版(2)更新裏表頁寫法 | Z84: =IF($D84="",0,IF(COUNTIF($D$5:$D84,$D84)=1,1,0)) -> 0 | AA84: =IF(Z84=1,SUM($Z$5:$Z84),"")
A85: 下架 | B85: 大溪 | C85: 飯糰 | D85: 溏心蛋五目飯糰 | E85: 對切屯京溫泉蛋 | F85: 1 | G85: 個 | H85: 200 | T85: V | U85: =IF($E85="","",COUNTIF($I85:$S85,"V")) -> 0 | V85: =IF($E85="","",IF(AND($T85="V",$U85>0),"⚠ 勾選矛盾",IF($T85="V","○ 免調理",IF($U85=0,"⚠ 資料缺漏",IF($U85=1,"▲ 單一設備依賴","OK"))))) -> ○ 免調理 | W85: =IF($E85="","",IF(AND($T85="V",$U85>0),"「無使用調理設備」不可與設備欄同時勾選，請擇一修正",IF($T85="V","免調理半成品（外購/僅切配等），不列入設備風險評估",IF($U85=0,"未勾選任何設備，請補填或勾選「無使用調理設備」",IF($U85=1,"僅依賴1台設備，須確認故障/排修時之備援製程","無異常"))))) -> 免調理半成品（外購/僅切配等），不列入設備風險評估 | X85: 1150331溏心蛋五目飯糰.確認版(2)更新裏表頁寫法 | Z85: =IF($D85="",0,IF(COUNTIF($D$5:$D85,$D85)=1,1,0)) -> 0 | AA85: =IF(Z85=1,SUM($Z$5:$Z85),"")
A86: 下架 | B86: 大溪 | C86: 飯糰 | D86: 溏心蛋五目飯糰 | E86: 全家八切燒海苔 | F86: 1 | G86: 個 | H86: 100 | T86: V | U86: =IF($E86="","",COUNTIF($I86:$S86,"V")) -> 0 | V86: =IF($E86="","",IF(AND($T86="V",$U86>0),"⚠ 勾選矛盾",IF($T86="V","○ 免調理",IF($U86=0,"⚠ 資料缺漏",IF($U86=1,"▲ 單一設備依賴","OK"))))) -> ○ 免調理 | W86: =IF($E86="","",IF(AND($T86="V",$U86>0),"「無使用調理設備」不可與設備欄同時勾選，請擇一修正",IF($T86="V","免調理半成品（外購/僅切配等），不列入設備風險評估",IF($U86=0,"未勾選任何設備，請補填或勾選「無使用調理設備」",IF($U86=1,"僅依賴1台設備，須確認故障/排修時之備援製程","無異常"))))) -> 免調理半成品（外購/僅切配等），不列入設備風險評估 | X86: 1150331溏心蛋五目飯糰.確認版(2)更新裏表頁寫法 | Z86: =IF($D86="",0,IF(COUNTIF($D$5:$D86,$D86)=1,1,0)) -> 0 | AA86: =IF(Z86=1,SUM($Z$5:$Z86),"")
A87: 架上 | B87: 大溪 | C87: 壽司手卷 | D87: 經典人氣雙手卷 | E87: 煮16+11壽司飯(114年) | F87: 70 | G87: 公克 | H87: 92.6 | I87: V | O87: V | U87: =IF($E87="","",COUNTIF($I87:$S87,"V")) -> 2 | V87: =IF($E87="","",IF(AND($T87="V",$U87>0),"⚠ 勾選矛盾",IF($T87="V","○ 免調理",IF($U87=0,"⚠ 資料缺漏",IF($U87=1,"▲ 單一設備依賴","OK"))))) -> OK | W87: =IF($E87="","",IF(AND($T87="V",$U87>0),"「無使用調理設備」不可與設備欄同時勾選，請擇一修正",IF($T87="V","免調理半成品（外購/僅切配等），不列入設備風險評估",IF($U87=0,"未勾選任何設備，請補填或勾選「無使用調理設備」",IF($U87=1,"僅依賴1台設備，須確認故障/排修時之備援製程","無異常"))))) -> 無異常 | X87: 大溪廠_2026.04.08_經典人氣雙手卷_2026.07校正 | Z87: =IF($D87="",0,IF(COUNTIF($D$5:$D87,$D87)=1,1,0)) -> 1 | AA87: =IF(Z87=1,SUM($Z$5:$Z87),"") -> 24
A88: 架上 | B88: 大溪 | C88: 壽司手卷 | D88: 經典人氣雙手卷 | E88: 卷海苔(全形) | F88: 7 | G88: 個 | H88: 99 | T88: V | U88: =IF($E88="","",COUNTIF($I88:$S88,"V")) -> 0 | V88: =IF($E88="","",IF(AND($T88="V",$U88>0),"⚠ 勾選矛盾",IF($T88="V","○ 免調理",IF($U88=0,"⚠ 資料缺漏",IF($U88=1,"▲ 單一設備依賴","OK"))))) -> ○ 免調理 | W88: =IF($E88="","",IF(AND($T88="V",$U88>0),"「無使用調理設備」不可與設備欄同時勾選，請擇一修正",IF($T88="V","免調理半成品（外購/僅切配等），不列入設備風險評估",IF($U88=0,"未勾選任何設備，請補填或勾選「無使用調理設備」",IF($U88=1,"僅依賴1台設備，須確認故障/排修時之備援製程","無異常"))))) -> 免調理半成品（外購/僅切配等），不列入設備風險評估 | X88: 大溪廠_2026.04.08_經典人氣雙手卷_2026.07校正 | Z88: =IF($D88="",0,IF(COUNTIF($D$5:$D88,$D88)=1,1,0)) -> 0 | AA88: =IF(Z88=1,SUM($Z$5:$Z88),"")
A89: 架上 | B89: 大溪 | C89: 壽司手卷 | D89: 經典人氣雙手卷 | E89: 4切手卷火腿 | F89: 0.9 | G89: 個 | H89: 100 | T89: V | U89: =IF($E89="","",COUNTIF($I89:$S89,"V")) -> 0 | V89: =IF($E89="","",IF(AND($T89="V",$U89>0),"⚠ 勾選矛盾",IF($T89="V","○ 免調理",IF($U89=0,"⚠ 資料缺漏",IF($U89=1,"▲ 單一設備依賴","OK"))))) -> ○ 免調理 | W89: =IF($E89="","",IF(AND($T89="V",$U89>0),"「無使用調理設備」不可與設備欄同時勾選，請擇一修正",IF($T89="V","免調理半成品（外購/僅切配等），不列入設備風險評估",IF($U89=0,"未勾選任何設備，請補填或勾選「無使用調理設備」",IF($U89=1,"僅依賴1台設備，須確認故障/排修時之備援製程","無異常"))))) -> 免調理半成品（外購/僅切配等），不列入設備風險評估 | X89: 大溪廠_2026.04.08_經典人氣雙手卷_2026.07校正 | Z89: =IF($D89="",0,IF(COUNTIF($D$5:$D89,$D89)=1,1,0)) -> 0 | AA89: =IF(Z89=1,SUM($Z$5:$Z89),"")
A90: 架上 | B90: 大溪 | C90: 壽司手卷 | D90: 經典人氣雙手卷 | E90: 消毒小黃瓜條 | F90: 0.45 | G90: 個 | H90: 73.5 | T90: V | U90: =IF($E90="","",COUNTIF($I90:$S90,"V")) -> 0 | V90: =IF($E90="","",IF(AND($T90="V",$U90>0),"⚠ 勾選矛盾",IF($T90="V","○ 免調理",IF($U90=0,"⚠ 資料缺漏",IF($U90=1,"▲ 單一設備依賴","OK"))))) -> ○ 免調理 | W90: =IF($E90="","",IF(AND($T90="V",$U90>0),"「無使用調理設備」不可與設備欄同時勾選，請擇一修正",IF($T90="V","免調理半成品（外購/僅切配等），不列入設備風險評估",IF($U90=0,"未勾選任何設備，請補填或勾選「無使用調理設備」",IF($U90=1,"僅依賴1台設備，須確認故障/排修時之備援製程","無異常"))))) -> 免調理半成品（外購/僅切配等），不列入設備風險評估 | X90: 大溪廠_2026.04.08_經典人氣雙手卷_2026.07校正 | Z90: =IF($D90="",0,IF(COUNTIF($D$5:$D90,$D90)=1,1,0)) -> 0 | AA90: =IF(Z90=1,SUM($Z$5:$Z90),"")
A91: 架上 | B91: 大溪 | C91: 壽司手卷 | D91: 經典人氣雙手卷 | E91: 80切-烤薄蛋磚 | F91: 0.75 | G91: 個 | H91: 100 | K91: V | U91: =IF($E91="","",COUNTIF($I91:$S91,"V")) -> 1 | V91: =IF($E91="","",IF(AND($T91="V",$U91>0),"⚠ 勾選矛盾",IF($T91="V","○ 免調理",IF($U91=0,"⚠ 資料缺漏",IF($U91=1,"▲ 單一設備依賴","OK"))))) -> ▲ 單一設備依賴 | W91: =IF($E91="","",IF(AND($T91="V",$U91>0),"「無使用調理設備」不可與設備欄同時勾選，請擇一修正",IF($T91="V","免調理半成品（外購/僅切配等），不列入設備風險評估",IF($U91=0,"未勾選任何設備，請補填或勾選「無使用調理設備」",IF($U91=1,"僅依賴1台設備，須確認故障/排修時之備援製程","無異常"))))) -> 僅依賴1台設備，須確認故障/排修時之備援製程 | X91: 大溪廠_2026.04.08_經典人氣雙手卷_2026.07校正 | Z91: =IF($D91="",0,IF(COUNTIF($D$5:$D91,$D91)=1,1,0)) -> 0 | AA91: =IF(Z91=1,SUM($Z$5:$Z91),"")
A92: 架上 | B92: 大溪 | C92: 壽司手卷 | D92: 經典人氣雙手卷 | E92: 焙炒芝麻肉鬆 | F92: 9 | G92: 公克 | H92: 70.2 | O92: V | U92: =IF($E92="","",COUNTIF($I92:$S92,"V")) -> 1 | V92: =IF($E92="","",IF(AND($T92="V",$U92>0),"⚠ 勾選矛盾",IF($T92="V","○ 免調理",IF($U92=0,"⚠ 資料缺漏",IF($U92=1,"▲ 單一設備依賴","OK"))))) -> ▲ 單一設備依賴 | W92: =IF($E92="","",IF(AND($T92="V",$U92>0),"「無使用調理設備」不可與設備欄同時勾選，請擇一修正",IF($T92="V","免調理半成品（外購/僅切配等），不列入設備風險評估",IF($U92=0,"未勾選任何設備，請補填或勾選「無使用調理設備」",IF($U92=1,"僅依賴1台設備，須確認故障/排修時之備援製程","無異常"))))) -> 僅依賴1台設備，須確認故障/排修時之備援製程 | X92: 大溪廠_2026.04.08_經典人氣雙手卷_2026.07校正 | Z92: =IF($D92="",0,IF(COUNTIF($D$5:$D92,$D92)=1,1,0)) -> 0 | AA92: =IF(Z92=1,SUM($Z$5:$Z92),"")
A93: 架上 | B93: 大溪 | C93: 壽司手卷 | D93: 經典人氣雙手卷 | E93: 煮16+11壽司飯(114年) | F93: 70 | G93: 公克 | H93: 92.6 | I93: V | O93: V | U93: =IF($E93="","",COUNTIF($I93:$S93,"V")) -> 2 | V93: =IF($E93="","",IF(AND($T93="V",$U93>0),"⚠ 勾選矛盾",IF($T93="V","○ 免調理",IF($U93=0,"⚠ 資料缺漏",IF($U93=1,"▲ 單一設備依賴","OK"))))) -> OK | W93: =IF($E93="","",IF(AND($T93="V",$U93>0),"「無使用調理設備」不可與設備欄同時勾選，請擇一修正",IF($T93="V","免調理半成品（外購/僅切配等），不列入設備風險評估",IF($U93=0,"未勾選任何設備，請補填或勾選「無使用調理設備」",IF($U93=1,"僅依賴1台設備，須確認故障/排修時之備援製程","無異常"))))) -> 無異常 | X93: 大溪廠_2026.04.08_經典人氣雙手卷_2026.07校正 | Z93: =IF($D93="",0,IF(COUNTIF($D$5:$D93,$D93)=1,1,0)) -> 0 | AA93: =IF(Z93=1,SUM($Z$5:$Z93),"")
A94: 架上 | B94: 大溪 | C94: 壽司手卷 | D94: 經典人氣雙手卷 | E94: 卷海苔(全形) | F94: 7 | G94: 個 | H94: 99 | T94: V | U94: =IF($E94="","",COUNTIF($I94:$S94,"V")) -> 0 | V94: =IF($E94="","",IF(AND($T94="V",$U94>0),"⚠ 勾選矛盾",IF($T94="V","○ 免調理",IF($U94=0,"⚠ 資料缺漏",IF($U94=1,"▲ 單一設備依賴","OK"))))) -> ○ 免調理 | W94: =IF($E94="","",IF(AND($T94="V",$U94>0),"「無使用調理設備」不可與設備欄同時勾選，請擇一修正",IF($T94="V","免調理半成品（外購/僅切配等），不列入設備風險評估",IF($U94=0,"未勾選任何設備，請補填或勾選「無使用調理設備」",IF($U94=1,"僅依賴1台設備，須確認故障/排修時之備援製程","無異常"))))) -> 免調理半成品（外購/僅切配等），不列入設備風險評估 | X94: 大溪廠_2026.04.08_經典人氣雙手卷_2026.07校正 | Z94: =IF($D94="",0,IF(COUNTIF($D$5:$D94,$D94)=1,1,0)) -> 0 | AA94: =IF(Z94=1,SUM($Z$5:$Z94),"")
A95: 架上 | B95: 大溪 | C95: 壽司手卷 | D95: 經典人氣雙手卷 | E95: 4切手卷火腿 | F95: 0.9 | G95: 個 | H95: 100 | T95: V | U95: =IF($E95="","",COUNTIF($I95:$S95,"V")) -> 0 | V95: =IF($E95="","",IF(AND($T95="V",$U95>0),"⚠ 勾選矛盾",IF($T95="V","○ 免調理",IF($U95=0,"⚠ 資料缺漏",IF($U95=1,"▲ 單一設備依賴","OK"))))) -> ○ 免調理 | W95: =IF($E95="","",IF(AND($T95="V",$U95>0),"「無使用調理設備」不可與設備欄同時勾選，請擇一修正",IF($T95="V","免調理半成品（外購/僅切配等），不列入設備風險評估",IF($U95=0,"未勾選任何設備，請補填或勾選「無使用調理設備」",IF($U95=1,"僅依賴1台設備，須確認故障/排修時之備援製程","無異常"))))) -> 免調理半成品（外購/僅切配等），不列入設備風險評估 | X95: 大溪廠_2026.04.08_經典人氣雙手卷_2026.07校正 | Z95: =IF($D95="",0,IF(COUNTIF($D$5:$D95,$D95)=1,1,0)) -> 0 | AA95: =IF(Z95=1,SUM($Z$5:$Z95),"")
A96: 架上 | B96: 大溪 | C96: 壽司手卷 | D96: 經典人氣雙手卷 | E96: 消毒小黃瓜條 | F96: 0.45 | G96: 個 | H96: 73.5 | T96: V | U96: =IF($E96="","",COUNTIF($I96:$S96,"V")) -> 0 | V96: =IF($E96="","",IF(AND($T96="V",$U96>0),"⚠ 勾選矛盾",IF($T96="V","○ 免調理",IF($U96=0,"⚠ 資料缺漏",IF($U96=1,"▲ 單一設備依賴","OK"))))) -> ○ 免調理 | W96: =IF($E96="","",IF(AND($T96="V",$U96>0),"「無使用調理設備」不可與設備欄同時勾選，請擇一修正",IF($T96="V","免調理半成品（外購/僅切配等），不列入設備風險評估",IF($U96=0,"未勾選任何設備，請補填或勾選「無使用調理設備」",IF($U96=1,"僅依賴1台設備，須確認故障/排修時之備援製程","無異常"))))) -> 免調理半成品（外購/僅切配等），不列入設備風險評估 | X96: 大溪廠_2026.04.08_經典人氣雙手卷_2026.07校正 | Z96: =IF($D96="",0,IF(COUNTIF($D$5:$D96,$D96)=1,1,0)) -> 0 | AA96: =IF(Z96=1,SUM($Z$5:$Z96),"")
A97: 架上 | B97: 大溪 | C97: 壽司手卷 | D97: 經典人氣雙手卷 | E97: 對切-蒸新蟹味棒 | F97: 0.4 | G97: 個 | H97: 100 | M97: V | U97: =IF($E97="","",COUNTIF($I97:$S97,"V")) -> 1 | V97: =IF($E97="","",IF(AND($T97="V",$U97>0),"⚠ 勾選矛盾",IF($T97="V","○ 免調理",IF($U97=0,"⚠ 資料缺漏",IF($U97=1,"▲ 單一設備依賴","OK"))))) -> ▲ 單一設備依賴 | W97: =IF($E97="","",IF(AND($T97="V",$U97>0),"「無使用調理設備」不可與設備欄同時勾選，請擇一修正",IF($T97="V","免調理半成品（外購/僅切配等），不列入設備風險評估",IF($U97=0,"未勾選任何設備，請補填或勾選「無使用調理設備」",IF($U97=1,"僅依賴1台設備，須確認故障/排修時之備援製程","無異常"))))) -> 僅依賴1台設備，須確認故障/排修時之備援製程 | X97: 大溪廠_2026.04.08_經典人氣雙手卷_2026.07校正 | Z97: =IF($D97="",0,IF(COUNTIF($D$5:$D97,$D97)=1,1,0)) -> 0 | AA97: =IF(Z97=1,SUM($Z$5:$Z97),"")
A98: 架上 | B98: 大溪 | C98: 壽司手卷 | D98: 經典人氣雙手卷 | E98: 拌海鮮總匯沙拉(手卷) | F98: 8.5 | G98: 公克 | H98: 95 | M98: V | O98: V | U98: =IF($E98="","",COUNTIF($I98:$S98,"V")) -> 2 | V98: =IF($E98="","",IF(AND($T98="V",$U98>0),"⚠ 勾選矛盾",IF($T98="V","○ 免調理",IF($U98=0,"⚠ 資料缺漏",IF($U98=1,"▲ 單一設備依賴","OK"))))) -> OK | W98: =IF($E98="","",IF(AND($T98="V",$U98>0),"「無使用調理設備」不可與設備欄同時勾選，請擇一修正",IF($T98="V","免調理半成品（外購/僅切配等），不列入設備風險評估",IF($U98=0,"未勾選任何設備，請補填或勾選「無使用調理設備」",IF($U98=1,"僅依賴1台設備，須確認故障/排修時之備援製程","無異常"))))) -> 無異常 | X98: 大溪廠_2026.04.08_經典人氣雙手卷_2026.07校正 | Z98: =IF($D98="",0,IF(COUNTIF($D$5:$D98,$D98)=1,1,0)) -> 0 | AA98: =IF(Z98=1,SUM($Z$5:$Z98),"")
A99: 架上 | B99: 大溪 | C99: 壽司手卷 | D99: 鮭鮪海饌雙手卷 | E99: 煮16+11壽司飯(114年) | F99: 70 | G99: 公克 | H99: 92.6 | I99: V | O99: V | U99: =IF($E99="","",COUNTIF($I99:$S99,"V")) -> 2 | V99: =IF($E99="","",IF(AND($T99="V",$U99>0),"⚠ 勾選矛盾",IF($T99="V","○ 免調理",IF($U99=0,"⚠ 資料缺漏",IF($U99=1,"▲ 單一設備依賴","OK"))))) -> OK | W99: =IF($E99="","",IF(AND($T99="V",$U99>0),"「無使用調理設備」不可與設備欄同時勾選，請擇一修正",IF($T99="V","免調理半成品（外購/僅切配等），不列入設備風險評估",IF($U99=0,"未勾選任何設備，請補填或勾選「無使用調理設備」",IF($U99=1,"僅依賴1台設備，須確認故障/排修時之備援製程","無異常"))))) -> 無異常 | X99: 大溪廠_2026.04.08_鮭鮪海饌雙手卷_2026.07校正 | Z99: =IF($D99="",0,IF(COUNTIF($D$5:$D99,$D99)=1,1,0)) -> 1 | AA99: =IF(Z99=1,SUM($Z$5:$Z99),"") -> 25
A100: 架上 | B100: 大溪 | C100: 壽司手卷 | D100: 鮭鮪海饌雙手卷 | E100: 卷海苔(全形) | F100: 7 | G100: 個 | H100: 99 | T100: V | U100: =IF($E100="","",COUNTIF($I100:$S100,"V")) -> 0 | V100: =IF($E100="","",IF(AND($T100="V",$U100>0),"⚠ 勾選矛盾",IF($T100="V","○ 免調理",IF($U100=0,"⚠ 資料缺漏",IF($U100=1,"▲ 單一設備依賴","OK"))))) -> ○ 免調理 | W100: =IF($E100="","",IF(AND($T100="V",$U100>0),"「無使用調理設備」不可與設備欄同時勾選，請擇一修正",IF($T100="V","免調理半成品（外購/僅切配等），不列入設備風險評估",IF($U100=0,"未勾選任何設備，請補填或勾選「無使用調理設備」",IF($U100=1,"僅依賴1台設備，須確認故障/排修時之備援製程","無異常"))))) -> 免調理半成品（外購/僅切配等），不列入設備風險評估 | X100: 大溪廠_2026.04.08_鮭鮪海饌雙手卷_2026.07校正 | Z100: =IF($D100="",0,IF(COUNTIF($D$5:$D100,$D100)=1,1,0)) -> 0 | AA100: =IF(Z100=1,SUM($Z$5:$Z100),"")
...

Sheet 4℃飯
A1: 商品半成品與調理設備應用展開一覽表｜4℃飯
A2: 商品資訊 | I2: 熱調理區（使用者填「V」；免調理者勾最右欄） | U2: 自動計算與風險檢核（勿手動修改） | X2: 建檔資訊（手填）
A3: 狀態 | B3: 工廠 | C3: 商品分類 (細分品類) | D3: 商品名稱 | E3: 半成品名稱 | F3: 單位用量 | H3: 製程率 (填數字) | I3: 炊飯 | J3: 煮麵 | K3: 烤箱 | L3: 炙燒 | M3: 蒸箱 | N3: 油炸機 | O3: 二重釜 | P3: 平釜 (日) | Q3: 平釜 (台) | R3: 蛋皮機 | S3: 壓力鍋 | T3: 無使用 調理設備 | U3: 使用 設備數 | V3: 檢核結果 | W3: 風險說明 | X3: 備註 (指示書編號/版本) | Y3: 建檔人員 | Z3: 系統用Y | AA3: 系統用Z
F4: 數值 | G4: 單位
A5: 下架 | B5: 大溪 | C5: 主食 | D5: 日式鮭魚茶泡烤飯 | E5: 細切海苔(2mm*5cm) | F5: 0.3 | G5: 公克 | H5: 97 | T5: V | U5: =IF($E5="","",COUNTIF($I5:$S5,"V")) -> 0 | V5: =IF($E5="","",IF(AND($T5="V",$U5>0),"⚠ 勾選矛盾",IF($T5="V","○ 免調理",IF($U5=0,"⚠ 資料缺漏",IF($U5=1,"▲ 單一設備依賴","OK"))))) -> ○ 免調理 | W5: =IF($E5="","",IF(AND($T5="V",$U5>0),"「無使用調理設備」不可與設備欄同時勾選，請擇一修正",IF($T5="V","免調理半成品（外購/僅切配等），不列入設備風險評估",IF($U5=0,"未勾選任何設備，請補填或勾選「無使用調理設備」",IF($U5=1,"僅依賴1台設備，須確認故障/排修時之備援製程","無異常"))))) -> 免調理半成品（外購/僅切配等），不列入設備風險評估 | X5: 大溪_2026.07.08_日式鮭魚茶泡烤飯.2026.07校正 | Z5: =IF($D5="",0,IF(COUNTIF($D$5:$D5,$D5)=1,1,0)) -> 1 | AA5: =IF(Z5=1,SUM($Z$5:$Z5),"") -> 1
A6: 下架 | B6: 大溪 | C6: 主食 | D6: 日式鮭魚茶泡烤飯 | E6: 2019傳統芥末醬 | F6: 3 | G6: 公克 | H6: 97 | T6: V | U6: =IF($E6="","",COUNTIF($I6:$S6,"V")) -> 0 | V6: =IF($E6="","",IF(AND($T6="V",$U6>0),"⚠ 勾選矛盾",IF($T6="V","○ 免調理",IF($U6=0,"⚠ 資料缺漏",IF($U6=1,"▲ 單一設備依賴","OK"))))) -> ○ 免調理 | W6: =IF($E6="","",IF(AND($T6="V",$U6>0),"「無使用調理設備」不可與設備欄同時勾選，請擇一修正",IF($T6="V","免調理半成品（外購/僅切配等），不列入設備風險評估",IF($U6=0,"未勾選任何設備，請補填或勾選「無使用調理設備」",IF($U6=1,"僅依賴1台設備，須確認故障/排修時之備援製程","無異常"))))) -> 免調理半成品（外購/僅切配等），不列入設備風險評估 | X6: 大溪_2026.07.08_日式鮭魚茶泡烤飯.2026.07校正 | Z6: =IF($D6="",0,IF(COUNTIF($D$5:$D6,$D6)=1,1,0)) -> 0 | AA6: =IF(Z6=1,SUM($Z$5:$Z6),"")
A7: 下架 | B7: 大溪 | C7: 主食 | D7: 日式鮭魚茶泡烤飯 | E7: 調味鮭魚熟碎肉CL | F7: 18 | G7: 公克 | H7: 90 | T7: V | U7: =IF($E7="","",COUNTIF($I7:$S7,"V")) -> 0 | V7: =IF($E7="","",IF(AND($T7="V",$U7>0),"⚠ 勾選矛盾",IF($T7="V","○ 免調理",IF($U7=0,"⚠ 資料缺漏",IF($U7=1,"▲ 單一設備依賴","OK"))))) -> ○ 免調理 | W7: =IF($E7="","",IF(AND($T7="V",$U7>0),"「無使用調理設備」不可與設備欄同時勾選，請擇一修正",IF($T7="V","免調理半成品（外購/僅切配等），不列入設備風險評估",IF($U7=0,"未勾選任何設備，請補填或勾選「無使用調理設備」",IF($U7=1,"僅依賴1台設備，須確認故障/排修時之備援製程","無異常"))))) -> 免調理半成品（外購/僅切配等），不列入設備風險評估 | X7: 大溪_2026.07.08_日式鮭魚茶泡烤飯.2026.07校正 | Z7: =IF($D7="",0,IF(COUNTIF($D$5:$D7,$D7)=1,1,0)) -> 0 | AA7: =IF(Z7=1,SUM($Z$5:$Z7),"")
A8: 下架 | B8: 大溪 | C8: 主食 | D8: 日式鮭魚茶泡烤飯 | E8: 泡飯-柴魚湯凍(115年) | F8: 260 | G8: 公克 | H8: 53 | O8: V | U8: =IF($E8="","",COUNTIF($I8:$S8,"V")) -> 1 | V8: =IF($E8="","",IF(AND($T8="V",$U8>0),"⚠ 勾選矛盾",IF($T8="V","○ 免調理",IF($U8=0,"⚠ 資料缺漏",IF($U8=1,"▲ 單一設備依賴","OK"))))) -> ▲ 單一設備依賴 | W8: =IF($E8="","",IF(AND($T8="V",$U8>0),"「無使用調理設備」不可與設備欄同時勾選，請擇一修正",IF($T8="V","免調理半成品（外購/僅切配等），不列入設備風險評估",IF($U8=0,"未勾選任何設備，請補填或勾選「無使用調理設備」",IF($U8=1,"僅依賴1台設備，須確認故障/排修時之備援製程","無異常"))))) -> 僅依賴1台設備，須確認故障/排修時之備援製程 | X8: 大溪_2026.07.08_日式鮭魚茶泡烤飯.2026.07校正 | Z8: =IF($D8="",0,IF(COUNTIF($D$5:$D8,$D8)=1,1,0)) -> 0 | AA8: =IF(Z8=1,SUM($Z$5:$Z8),"")
A9: 下架 | B9: 大溪 | C9: 主食 | D9: 日式鮭魚茶泡烤飯 | E9: 烤大三角飯糰(115年) | F9: 1 | G9: 個 | H9: 100 | I9: V | K9: V | O9: V | U9: =IF($E9="","",COUNTIF($I9:$S9,"V")) -> 3 | V9: =IF($E9="","",IF(AND($T9="V",$U9>0),"⚠ 勾選矛盾",IF($T9="V","○ 免調理",IF($U9=0,"⚠ 資料缺漏",IF($U9=1,"▲ 單一設備依賴","OK"))))) -> OK | W9: =IF($E9="","",IF(AND($T9="V",$U9>0),"「無使用調理設備」不可與設備欄同時勾選，請擇一修正",IF($T9="V","免調理半成品（外購/僅切配等），不列入設備風險評估",IF($U9=0,"未勾選任何設備，請補填或勾選「無使用調理設備」",IF($U9=1,"僅依賴1台設備，須確認故障/排修時之備援製程","無異常"))))) -> 無異常 | X9: 大溪_2026.07.08_日式鮭魚茶泡烤飯.2026.07校正 | Z9: =IF($D9="",0,IF(COUNTIF($D$5:$D9,$D9)=1,1,0)) -> 0 | AA9: =IF(Z9=1,SUM($Z$5:$Z9),"")
A10: 下架 | B10: 大溪 | C10: 主食 | D10: 日式鮭魚茶泡烤飯 | E10: 泡飯用-炒蛋碎(115年) | F10: 16 | G10: 公克 | H10: 54 | O10: V | U10: =IF($E10="","",COUNTIF($I10:$S10,"V")) -> 1 | V10: =IF($E10="","",IF(AND($T10="V",$U10>0),"⚠ 勾選矛盾",IF($T10="V","○ 免調理",IF($U10=0,"⚠ 資料缺漏",IF($U10=1,"▲ 單一設備依賴","OK"))))) -> ▲ 單一設備依賴 | W10: =IF($E10="","",IF(AND($T10="V",$U10>0),"「無使用調理設備」不可與設備欄同時勾選，請擇一修正",IF($T10="V","免調理半成品（外購/僅切配等），不列入設備風險評估",IF($U10=0,"未勾選任何設備，請補填或勾選「無使用調理設備」",IF($U10=1,"僅依賴1台設備，須確認故障/排修時之備援製程","無異常"))))) -> 僅依賴1台設備，須確認故障/排修時之備援製程 | X10: 大溪_2026.07.08_日式鮭魚茶泡烤飯.2026.07校正 | Z10: =IF($D10="",0,IF(COUNTIF($D$5:$D10,$D10)=1,1,0)) -> 0 | AA10: =IF(Z10=1,SUM($Z$5:$Z10),"")
A11: 下架 | B11: 大溪 | C11: 主食 | D11: 日式鮭魚茶泡烤飯 | E11: 消毒蔥花 | F11: 2 | G11: 公克 | H11: 70 | T11: V | U11: =IF($E11="","",COUNTIF($I11:$S11,"V")) -> 0 | V11: =IF($E11="","",IF(AND($T11="V",$U11>0),"⚠ 勾選矛盾",IF($T11="V","○ 免調理",IF($U11=0,"⚠ 資料缺漏",IF($U11=1,"▲ 單一設備依賴","OK"))))) -> ○ 免調理 | W11: =IF($E11="","",IF(AND($T11="V",$U11>0),"「無使用調理設備」不可與設備欄同時勾選，請擇一修正",IF($T11="V","免調理半成品（外購/僅切配等），不列入設備風險評估",IF($U11=0,"未勾選任何設備，請補填或勾選「無使用調理設備」",IF($U11=1,"僅依賴1台設備，須確認故障/排修時之備援製程","無異常"))))) -> 免調理半成品（外購/僅切配等），不列入設備風險評估 | X11: 大溪_2026.07.08_日式鮭魚茶泡烤飯.2026.07校正 | Z11: =IF($D11="",0,IF(COUNTIF($D$5:$D11,$D11)=1,1,0)) -> 0 | AA11: =IF(Z11=1,SUM($Z$5:$Z11),"")
A12: 下架 | B12: 大溪 | C12: 主食 | D12: 日式鮭魚茶泡烤飯 | E12: 自製香鬆(115年) | F12: 2 | G12: 公克 | H12: 84 | T12: V | U12: =IF($E12="","",COUNTIF($I12:$S12,"V")) -> 0 | V12: =IF($E12="","",IF(AND($T12="V",$U12>0),"⚠ 勾選矛盾",IF($T12="V","○ 免調理",IF($U12=0,"⚠ 資料缺漏",IF($U12=1,"▲ 單一設備依賴","OK"))))) -> ○ 免調理 | W12: =IF($E12="","",IF(AND($T12="V",$U12>0),"「無使用調理設備」不可與設備欄同時勾選，請擇一修正",IF($T12="V","免調理半成品（外購/僅切配等），不列入設備風險評估",IF($U12=0,"未勾選任何設備，請補填或勾選「無使用調理設備」",IF($U12=1,"僅依賴1台設備，須確認故障/排修時之備援製程","無異常"))))) -> 免調理半成品（外購/僅切配等），不列入設備風險評估 | X12: 大溪_2026.07.08_日式鮭魚茶泡烤飯.2026.07校正 | Z12: =IF($D12="",0,IF(COUNTIF($D$5:$D12,$D12)=1,1,0)) -> 0 | AA12: =IF(Z12=1,SUM($Z$5:$Z12),"")
A13: 架上 | B13: 大溪 | C13: 主食 | D13: 糖燻野郎三十天熟成牛飯(115年) | E13: 冷藏便當飯(109年) | F13: 225 | G13: 公克 | H13: 94 | I13: V | U13: =IF($E13="","",COUNTIF($I13:$S13,"V")) -> 1 | V13: =IF($E13="","",IF(AND($T13="V",$U13>0),"⚠ 勾選矛盾",IF($T13="V","○ 免調理",IF($U13=0,"⚠ 資料缺漏",IF($U13=1,"▲ 單一設備依賴","OK"))))) -> ▲ 單一設備依賴 | W13: =IF($E13="","",IF(AND($T13="V",$U13>0),"「無使用調理設備」不可與設備欄同時勾選，請擇一修正",IF($T13="V","免調理半成品（外購/僅切配等），不列入設備風險評估",IF($U13=0,"未勾選任何設備，請補填或勾選「無使用調理設備」",IF($U13=1,"僅依賴1台設備，須確認故障/排修時之備援製程","無異常"))))) -> 僅依賴1台設備，須確認故障/排修時之備援製程 | X13: 大溪_2026.06.24_糖燻野郎三十天熟成牛飯_2026.07校正 | Z13: =IF($D13="",0,IF(COUNTIF($D$5:$D13,$D13)=1,1,0)) -> 1 | AA13: =IF(Z13=1,SUM($Z$5:$Z13),"") -> 2
A14: 架上 | B14: 大溪 | C14: 主食 | D14: 糖燻野郎三十天熟成牛飯(115年) | E14: 烤黑胡椒洋蔥絲 | F14: 21 | G14: 公克 | H14: 52 | K14: V | U14: =IF($E14="","",COUNTIF($I14:$S14,"V")) -> 1 | V14: =IF($E14="","",IF(AND($T14="V",$U14>0),"⚠ 勾選矛盾",IF($T14="V","○ 免調理",IF($U14=0,"⚠ 資料缺漏",IF($U14=1,"▲ 單一設備依賴","OK"))))) -> ▲ 單一設備依賴 | W14: =IF($E14="","",IF(AND($T14="V",$U14>0),"「無使用調理設備」不可與設備欄同時勾選，請擇一修正",IF($T14="V","免調理半成品（外購/僅切配等），不列入設備風險評估",IF($U14=0,"未勾選任何設備，請補填或勾選「無使用調理設備」",IF($U14=1,"僅依賴1台設備，須確認故障/排修時之備援製程","無異常"))))) -> 僅依賴1台設備，須確認故障/排修時之備援製程 | X14: 大溪_2026.06.24_糖燻野郎三十天熟成牛飯_2026.07校正 | Z14: =IF($D14="",0,IF(COUNTIF($D$5:$D14,$D14)=1,1,0)) -> 0 | AA14: =IF(Z14=1,SUM($Z$5:$Z14),"")
A15: 架上 | B15: 大溪 | C15: 主食 | D15: 糖燻野郎三十天熟成牛飯(115年) | E15: 切-烤牛五花(115年) | F15: 43 | G15: 公克 | H15: 92 | K15: V | L15: V | U15: =IF($E15="","",COUNTIF($I15:$S15,"V")) -> 2 | V15: =IF($E15="","",IF(AND($T15="V",$U15>0),"⚠ 勾選矛盾",IF($T15="V","○ 免調理",IF($U15=0,"⚠ 資料缺漏",IF($U15=1,"▲ 單一設備依賴","OK"))))) -> OK | W15: =IF($E15="","",IF(AND($T15="V",$U15>0),"「無使用調理設備」不可與設備欄同時勾選，請擇一修正",IF($T15="V","免調理半成品（外購/僅切配等），不列入設備風險評估",IF($U15=0,"未勾選任何設備，請補填或勾選「無使用調理設備」",IF($U15=1,"僅依賴1台設備，須確認故障/排修時之備援製程","無異常"))))) -> 無異常 | X15: 大溪_2026.06.24_糖燻野郎三十天熟成牛飯_2026.07校正 | Z15: =IF($D15="",0,IF(COUNTIF($D$5:$D15,$D15)=1,1,0)) -> 0 | AA15: =IF(Z15=1,SUM($Z$5:$Z15),"")
A16: 架上 | B16: 大溪 | C16: 主食 | D16: 糖燻野郎三十天熟成牛飯(115年) | E16: 野郎醬(112年) | F16: 45 | G16: 公克 | H16: 55 | O16: V | U16: =IF($E16="","",COUNTIF($I16:$S16,"V")) -> 1 | V16: =IF($E16="","",IF(AND($T16="V",$U16>0),"⚠ 勾選矛盾",IF($T16="V","○ 免調理",IF($U16=0,"⚠ 資料缺漏",IF($U16=1,"▲ 單一設備依賴","OK"))))) -> ▲ 單一設備依賴 | W16: =IF($E16="","",IF(AND($T16="V",$U16>0),"「無使用調理設備」不可與設備欄同時勾選，請擇一修正",IF($T16="V","免調理半成品（外購/僅切配等），不列入設備風險評估",IF($U16=0,"未勾選任何設備，請補填或勾選「無使用調理設備」",IF($U16=1,"僅依賴1台設備，須確認故障/排修時之備援製程","無異常"))))) -> 僅依賴1台設備，須確認故障/排修時之備援製程 | X16: 大溪_2026.06.24_糖燻野郎三十天熟成牛飯_2026.07校正 | Z16: =IF($D16="",0,IF(COUNTIF($D$5:$D16,$D16)=1,1,0)) -> 0 | AA16: =IF(Z16=1,SUM($Z$5:$Z16),"")
A17: 架上 | B17: 大溪 | C17: 主食 | D17: 糖燻野郎三十天熟成牛飯(115年) | E17: 辣炒酸菜碎 | F17: 7 | G17: 公克 | H17: 46 | O17: V | U17: =IF($E17="","",COUNTIF($I17:$S17,"V")) -> 1 | V17: =IF($E17="","",IF(AND($T17="V",$U17>0),"⚠ 勾選矛盾",IF($T17="V","○ 免調理",IF($U17=0,"⚠ 資料缺漏",IF($U17=1,"▲ 單一設備依賴","OK"))))) -> ▲ 單一設備依賴 | W17: =IF($E17="","",IF(AND($T17="V",$U17>0),"「無使用調理設備」不可與設備欄同時勾選，請擇一修正",IF($T17="V","免調理半成品（外購/僅切配等），不列入設備風險評估",IF($U17=0,"未勾選任何設備，請補填或勾選「無使用調理設備」",IF($U17=1,"僅依賴1台設備，須確認故障/排修時之備援製程","無異常"))))) -> 僅依賴1台設備，須確認故障/排修時之備援製程 | X17: 大溪_2026.06.24_糖燻野郎三十天熟成牛飯_2026.07校正 | Z17: =IF($D17="",0,IF(COUNTIF($D$5:$D17,$D17)=1,1,0)) -> 0 | AA17: =IF(Z17=1,SUM($Z$5:$Z17),"")
A18: 架上 | B18: 大溪 | C18: 主食 | D18: 糖燻野郎三十天熟成牛飯(115年) | E18: 消毒蔥花 | F18: 2 | G18: 公克 | H18: 70 | T18: V | U18: =IF($E18="","",COUNTIF($I18:$S18,"V")) -> 0 | V18: =IF($E18="","",IF(AND($T18="V",$U18>0),"⚠ 勾選矛盾",IF($T18="V","○ 免調理",IF($U18=0,"⚠ 資料缺漏",IF($U18=1,"▲ 單一設備依賴","OK"))))) -> ○ 免調理 | W18: =IF($E18="","",IF(AND($T18="V",$U18>0),"「無使用調理設備」不可與設備欄同時勾選，請擇一修正",IF($T18="V","免調理半成品（外購/僅切配等），不列入設備風險評估",IF($U18=0,"未勾選任何設備，請補填或勾選「無使用調理設備」",IF($U18=1,"僅依賴1台設備，須確認故障/排修時之備援製程","無異常"))))) -> 免調理半成品（外購/僅切配等），不列入設備風險評估 | X18: 大溪_2026.06.24_糖燻野郎三十天熟成牛飯_2026.07校正 | Z18: =IF($D18="",0,IF(COUNTIF($D$5:$D18,$D18)=1,1,0)) -> 0 | AA18: =IF(Z18=1,SUM($Z$5:$Z18),"")
A19: 架上 | B19: 大溪 | C19: 主食 | D19: 糖燻野郎三十天熟成牛飯(115年) | E19: 小磨坊殺菌七味唐辛子(B070 | F19: 0.3 | G19: 公克 | H19: 97 | T19: V | U19: =IF($E19="","",COUNTIF($I19:$S19,"V")) -> 0 | V19: =IF($E19="","",IF(AND($T19="V",$U19>0),"⚠ 勾選矛盾",IF($T19="V","○ 免調理",IF($U19=0,"⚠ 資料缺漏",IF($U19=1,"▲ 單一設備依賴","OK"))))) -> ○ 免調理 | W19: =IF($E19="","",IF(AND($T19="V",$U19>0),"「無使用調理設備」不可與設備欄同時勾選，請擇一修正",IF($T19="V","免調理半成品（外購/僅切配等），不列入設備風險評估",IF($U19=0,"未勾選任何設備，請補填或勾選「無使用調理設備」",IF($U19=1,"僅依賴1台設備，須確認故障/排修時之備援製程","無異常"))))) -> 免調理半成品（外購/僅切配等），不列入設備風險評估 | X19: 大溪_2026.06.24_糖燻野郎三十天熟成牛飯_2026.07校正 | Z19: =IF($D19="",0,IF(COUNTIF($D$5:$D19,$D19)=1,1,0)) -> 0 | AA19: =IF(Z19=1,SUM($Z$5:$Z19),"")
A20: 架上 | B20: 大溪 | C20: 便當 | D20: 健身G肉餐盒 | E20: 煮麥仁薑黃飯(113年) | F20: 212 | G20: 公克 | H20: 91 | I20: V | O20: V | U20: =IF($E20="","",COUNTIF($I20:$S20,"V")) -> 2 | V20: =IF($E20="","",IF(AND($T20="V",$U20>0),"⚠ 勾選矛盾",IF($T20="V","○ 免調理",IF($U20=0,"⚠ 資料缺漏",IF($U20=1,"▲ 單一設備依賴","OK"))))) -> OK | W20: =IF($E20="","",IF(AND($T20="V",$U20>0),"「無使用調理設備」不可與設備欄同時勾選，請擇一修正",IF($T20="V","免調理半成品（外購/僅切配等），不列入設備風險評估",IF($U20=0,"未勾選任何設備，請補填或勾選「無使用調理設備」",IF($U20=1,"僅依賴1台設備，須確認故障/排修時之備援製程","無異常"))))) -> 無異常 | X20: 大溪_2024.09.18_健身G肉餐盒_2026.07校正 | Z20: =IF($D20="",0,IF(COUNTIF($D$5:$D20,$D20)=1,1,0)) -> 1 | AA20: =IF(Z20=1,SUM($Z$5:$Z20),"") -> 3
A21: 架上 | B21: 大溪 | C21: 便當 | D21: 健身G肉餐盒 | E21: 烤12切家常豆腐 | F21: 3 | G21: 個 | H21: 1200 | K21: V | U21: =IF($E21="","",COUNTIF($I21:$S21,"V")) -> 1 | V21: =IF($E21="","",IF(AND($T21="V",$U21>0),"⚠ 勾選矛盾",IF($T21="V","○ 免調理",IF($U21=0,"⚠ 資料缺漏",IF($U21=1,"▲ 單一設備依賴","OK"))))) -> ▲ 單一設備依賴 | W21: =IF($E21="","",IF(AND($T21="V",$U21>0),"「無使用調理設備」不可與設備欄同時勾選，請擇一修正",IF($T21="V","免調理半成品（外購/僅切配等），不列入設備風險評估",IF($U21=0,"未勾選任何設備，請補填或勾選「無使用調理設備」",IF($U21=1,"僅依賴1台設備，須確認故障/排修時之備援製程","無異常"))))) -> 僅依賴1台設備，須確認故障/排修時之備援製程 | X21: 大溪_2024.09.18_健身G肉餐盒_2026.07校正 | Z21: =IF($D21="",0,IF(COUNTIF($D$5:$D21,$D21)=1,1,0)) -> 0 | AA21: =IF(Z21=1,SUM($Z$5:$Z21),"")
A22: 架上 | B22: 大溪 | C22: 便當 | D22: 健身G肉餐盒 | E22: (V)川燙小青花菜 | F22: 24 | G22: 公克 | H22: 66 | O22: V | U22: =IF($E22="","",COUNTIF($I22:$S22,"V")) -> 1 | V22: =IF($E22="","",IF(AND($T22="V",$U22>0),"⚠ 勾選矛盾",IF($T22="V","○ 免調理",IF($U22=0,"⚠ 資料缺漏",IF($U22=1,"▲ 單一設備依賴","OK"))))) -> ▲ 單一設備依賴 | W22: =IF($E22="","",IF(AND($T22="V",$U22>0),"「無使用調理設備」不可與設備欄同時勾選，請擇一修正",IF($T22="V","免調理半成品（外購/僅切配等），不列入設備風險評估",IF($U22=0,"未勾選任何設備，請補填或勾選「無使用調理設備」",IF($U22=1,"僅依賴1台設備，須確認故障/排修時之備援製程","無異常"))))) -> 僅依賴1台設備，須確認故障/排修時之備援製程 | X22: 大溪_2024.09.18_健身G肉餐盒_2026.07校正 | Z22: =IF($D22="",0,IF(COUNTIF($D$5:$D22,$D22)=1,1,0)) -> 0 | AA22: =IF(Z22=1,SUM($Z$5:$Z22),"")
A23: 架上 | B23: 大溪 | C23: 便當 | D23: 健身G肉餐盒 | E23: 煮紅蘿蔔塊(VN101) | F23: 18 | G23: 公克 | H23: 58.4 | O23: V | U23: =IF($E23="","",COUNTIF($I23:$S23,"V")) -> 1 | V23: =IF($E23="","",IF(AND($T23="V",$U23>0),"⚠ 勾選矛盾",IF($T23="V","○ 免調理",IF($U23=0,"⚠ 資料缺漏",IF($U23=1,"▲ 單一設備依賴","OK"))))) -> ▲ 單一設備依賴 | W23: =IF($E23="","",IF(AND($T23="V",$U23>0),"「無使用調理設備」不可與設備欄同時勾選，請擇一修正",IF($T23="V","免調理半成品（外購/僅切配等），不列入設備風險評估",IF($U23=0,"未勾選任何設備，請補填或勾選「無使用調理設備」",IF($U23=1,"僅依賴1台設備，須確認故障/排修時之備援製程","無異常"))))) -> 僅依賴1台設備，須確認故障/排修時之備援製程 | X23: 大溪_2024.09.18_健身G肉餐盒_2026.07校正 | Z23: =IF($D23="",0,IF(COUNTIF($D$5:$D23,$D23)=1,1,0)) -> 0 | AA23: =IF(Z23=1,SUM($Z$5:$Z23),"")
A24: 架上 | B24: 大溪 | C24: 便當 | D24: 健身G肉餐盒 | E24: 蒜炒紅k高麗菜(111年) | F24: 40 | G24: 公克 | H24: 51 | O24: V | U24: =IF($E24="","",COUNTIF($I24:$S24,"V")) -> 1 | V24: =IF($E24="","",IF(AND($T24="V",$U24>0),"⚠ 勾選矛盾",IF($T24="V","○ 免調理",IF($U24=0,"⚠ 資料缺漏",IF($U24=1,"▲ 單一設備依賴","OK"))))) -> ▲ 單一設備依賴 | W24: =IF($E24="","",IF(AND($T24="V",$U24>0),"「無使用調理設備」不可與設備欄同時勾選，請擇一修正",IF($T24="V","免調理半成品（外購/僅切配等），不列入設備風險評估",IF($U24=0,"未勾選任何設備，請補填或勾選「無使用調理設備」",IF($U24=1,"僅依賴1台設備，須確認故障/排修時之備援製程","無異常"))))) -> 僅依賴1台設備，須確認故障/排修時之備援製程 | X24: 大溪_2024.09.18_健身G肉餐盒_2026.07校正 | Z24: =IF($D24="",0,IF(COUNTIF($D$5:$D24,$D24)=1,1,0)) -> 0 | AA24: =IF(Z24=1,SUM($Z$5:$Z24),"")
A25: 架上 | B25: 大溪 | C25: 便當 | D25: 健身G肉餐盒 | E25: 6切-烤醃漬咖哩腿排 | F25: 3 | G25: 個 | H25: 600 | K25: V | U25: =IF($E25="","",COUNTIF($I25:$S25,"V")) -> 1 | V25: =IF($E25="","",IF(AND($T25="V",$U25>0),"⚠ 勾選矛盾",IF($T25="V","○ 免調理",IF($U25=0,"⚠ 資料缺漏",IF($U25=1,"▲ 單一設備依賴","OK"))))) -> ▲ 單一設備依賴 | W25: =IF($E25="","",IF(AND($T25="V",$U25>0),"「無使用調理設備」不可與設備欄同時勾選，請擇一修正",IF($T25="V","免調理半成品（外購/僅切配等），不列入設備風險評估",IF($U25=0,"未勾選任何設備，請補填或勾選「無使用調理設備」",IF($U25=1,"僅依賴1台設備，須確認故障/排修時之備援製程","無異常"))))) -> 僅依賴1台設備，須確認故障/排修時之備援製程 | X25: 大溪_2024.09.18_健身G肉餐盒_2026.07校正 | Z25: =IF($D25="",0,IF(COUNTIF($D$5:$D25,$D25)=1,1,0)) -> 0 | AA25: =IF(Z25=1,SUM($Z$5:$Z25),"")
A26: 架上 | B26: 大溪 | C26: 便當 | D26: 健身G肉餐盒 | E26: 切烤雞胸肉(111年) | F26: 35 | G26: 公克 | H26: 90 | K26: V | U26: =IF($E26="","",COUNTIF($I26:$S26,"V")) -> 1 | V26: =IF($E26="","",IF(AND($T26="V",$U26>0),"⚠ 勾選矛盾",IF($T26="V","○ 免調理",IF($U26=0,"⚠ 資料缺漏",IF($U26=1,"▲ 單一設備依賴","OK"))))) -> ▲ 單一設備依賴 | W26: =IF($E26="","",IF(AND($T26="V",$U26>0),"「無使用調理設備」不可與設備欄同時勾選，請擇一修正",IF($T26="V","免調理半成品（外購/僅切配等），不列入設備風險評估",IF($U26=0,"未勾選任何設備，請補填或勾選「無使用調理設備」",IF($U26=1,"僅依賴1台設備，須確認故障/排修時之備援製程","無異常"))))) -> 僅依賴1台設備，須確認故障/排修時之備援製程 | X26: 大溪_2024.09.18_健身G肉餐盒_2026.07校正 | Z26: =IF($D26="",0,IF(COUNTIF($D$5:$D26,$D26)=1,1,0)) -> 0 | AA26: =IF(Z26=1,SUM($Z$5:$Z26),"")
A27: 架上 | B27: 大溪 | C27: 便當 | D27: 健身G肉餐盒 | E27: 透明湯凍(明膠) | F27: 12 | G27: 公克 | H27: 53 | O27: V | U27: =IF($E27="","",COUNTIF($I27:$S27,"V")) -> 1 | V27: =IF($E27="","",IF(AND($T27="V",$U27>0),"⚠ 勾選矛盾",IF($T27="V","○ 免調理",IF($U27=0,"⚠ 資料缺漏",IF($U27=1,"▲ 單一設備依賴","OK"))))) -> ▲ 單一設備依賴 | W27: =IF($E27="","",IF(AND($T27="V",$U27>0),"「無使用調理設備」不可與設備欄同時勾選，請擇一修正",IF($T27="V","免調理半成品（外購/僅切配等），不列入設備風險評估",IF($U27=0,"未勾選任何設備，請補填或勾選「無使用調理設備」",IF($U27=1,"僅依賴1台設備，須確認故障/排修時之備援製程","無異常"))))) -> 僅依賴1台設備，須確認故障/排修時之備援製程 | X27: 大溪_2024.09.18_健身G肉餐盒_2026.07校正 | Z27: =IF($D27="",0,IF(COUNTIF($D$5:$D27,$D27)=1,1,0)) -> 0 | AA27: =IF(Z27=1,SUM($Z$5:$Z27),"")
A28: 架上 | B28: 大溪 | C28: 便當 | D28: 健身G肉餐盒 | E28: 殺菌洋香菜葉KU(250公克) | F28: 0.1 | G28: 公克 | H28: 97 | T28: V | U28: =IF($E28="","",COUNTIF($I28:$S28,"V")) -> 0 | V28: =IF($E28="","",IF(AND($T28="V",$U28>0),"⚠ 勾選矛盾",IF($T28="V","○ 免調理",IF($U28=0,"⚠ 資料缺漏",IF($U28=1,"▲ 單一設備依賴","OK"))))) -> ○ 免調理 | W28: =IF($E28="","",IF(AND($T28="V",$U28>0),"「無使用調理設備」不可與設備欄同時勾選，請擇一修正",IF($T28="V","免調理半成品（外購/僅切配等），不列入設備風險評估",IF($U28=0,"未勾選任何設備，請補填或勾選「無使用調理設備」",IF($U28=1,"僅依賴1台設備，須確認故障/排修時之備援製程","無異常"))))) -> 免調理半成品（外購/僅切配等），不列入設備風險評估 | X28: 大溪_2024.09.18_健身G肉餐盒_2026.07校正 | Z28: =IF($D28="",0,IF(COUNTIF($D$5:$D28,$D28)=1,1,0)) -> 0 | AA28: =IF(Z28=1,SUM($Z$5:$Z28),"")
A29: 架上 | B29: 大溪 | C29: 便當 | D29: 地中海布格麥烤魚餐盒 | E29: 煮布格麥飯 | F29: 170 | G29: 公克 | H29: 81 | I29: V | U29: =IF($E29="","",COUNTIF($I29:$S29,"V")) -> 1 | V29: =IF($E29="","",IF(AND($T29="V",$U29>0),"⚠ 勾選矛盾",IF($T29="V","○ 免調理",IF($U29=0,"⚠ 資料缺漏",IF($U29=1,"▲ 單一設備依賴","OK"))))) -> ▲ 單一設備依賴 | W29: =IF($E29="","",IF(AND($T29="V",$U29>0),"「無使用調理設備」不可與設備欄同時勾選，請擇一修正",IF($T29="V","免調理半成品（外購/僅切配等），不列入設備風險評估",IF($U29=0,"未勾選任何設備，請補填或勾選「無使用調理設備」",IF($U29=1,"僅依賴1台設備，須確認故障/排修時之備援製程","無異常"))))) -> 僅依賴1台設備，須確認故障/排修時之備援製程 | X29: 大溪_2026.07.01地中海布格麥烤魚餐盒_2026.07校正 | Z29: =IF($D29="",0,IF(COUNTIF($D$5:$D29,$D29)=1,1,0)) -> 1 | AA29: =IF(Z29=1,SUM($Z$5:$Z29),"") -> 4
A30: 架上 | B30: 大溪 | C30: 便當 | D30: 地中海布格麥烤魚餐盒 | E30: 煮茄汁豆腐 | F30: 80 | G30: 公克 | H30: 51 | O30: V | U30: =IF($E30="","",COUNTIF($I30:$S30,"V")) -> 1 | V30: =IF($E30="","",IF(AND($T30="V",$U30>0),"⚠ 勾選矛盾",IF($T30="V","○ 免調理",IF($U30=0,"⚠ 資料缺漏",IF($U30=1,"▲ 單一設備依賴","OK"))))) -> ▲ 單一設備依賴 | W30: =IF($E30="","",IF(AND($T30="V",$U30>0),"「無使用調理設備」不可與設備欄同時勾選，請擇一修正",IF($T30="V","免調理半成品（外購/僅切配等），不列入設備風險評估",IF($U30=0,"未勾選任何設備，請補填或勾選「無使用調理設備」",IF($U30=1,"僅依賴1台設備，須確認故障/排修時之備援製程","無異常"))))) -> 僅依賴1台設備，須確認故障/排修時之備援製程 | X30: 大溪_2026.07.01地中海布格麥烤魚餐盒_2026.07校正 | Z30: =IF($D30="",0,IF(COUNTIF($D$5:$D30,$D30)=1,1,0)) -> 0 | AA30: =IF(Z30=1,SUM($Z$5:$Z30),"")
A31: 架上 | B31: 大溪 | C31: 便當 | D31: 地中海布格麥烤魚餐盒 | E31: 川燙青白花菜 | F31: 64 | G31: 公克 | H31: 63 | O31: V | U31: =IF($E31="","",COUNTIF($I31:$S31,"V")) -> 1 | V31: =IF($E31="","",IF(AND($T31="V",$U31>0),"⚠ 勾選矛盾",IF($T31="V","○ 免調理",IF($U31=0,"⚠ 資料缺漏",IF($U31=1,"▲ 單一設備依賴","OK"))))) -> ▲ 單一設備依賴 | W31: =IF($E31="","",IF(AND($T31="V",$U31>0),"「無使用調理設備」不可與設備欄同時勾選，請擇一修正",IF($T31="V","免調理半成品（外購/僅切配等），不列入設備風險評估",IF($U31=0,"未勾選任何設備，請補填或勾選「無使用調理設備」",IF($U31=1,"僅依賴1台設備，須確認故障/排修時之備援製程","無異常"))))) -> 僅依賴1台設備，須確認故障/排修時之備援製程 | X31: 大溪_2026.07.01地中海布格麥烤魚餐盒_2026.07校正 | Z31: =IF($D31="",0,IF(COUNTIF($D$5:$D31,$D31)=1,1,0)) -> 0 | AA31: =IF(Z31=1,SUM($Z$5:$Z31),"")
A32: 架上 | B32: 大溪 | C32: 便當 | D32: 地中海布格麥烤魚餐盒 | E32: 義式炒洋菇片(115年) | F32: 15 | G32: 公克 | H32: 55 | O32: V | U32: =IF($E32="","",COUNTIF($I32:$S32,"V")) -> 1 | V32: =IF($E32="","",IF(AND($T32="V",$U32>0),"⚠ 勾選矛盾",IF($T32="V","○ 免調理",IF($U32=0,"⚠ 資料缺漏",IF($U32=1,"▲ 單一設備依賴","OK"))))) -> ▲ 單一設備依賴 | W32: =IF($E32="","",IF(AND($T32="V",$U32>0),"「無使用調理設備」不可與設備欄同時勾選，請擇一修正",IF($T32="V","免調理半成品（外購/僅切配等），不列入設備風險評估",IF($U32=0,"未勾選任何設備，請補填或勾選「無使用調理設備」",IF($U32=1,"僅依賴1台設備，須確認故障/排修時之備援製程","無異常"))))) -> 僅依賴1台設備，須確認故障/排修時之備援製程 | X32: 大溪_2026.07.01地中海布格麥烤魚餐盒_2026.07校正 | Z32: =IF($D32="",0,IF(COUNTIF($D$5:$D32,$D32)=1,1,0)) -> 0 | AA32: =IF(Z32=1,SUM($Z$5:$Z32),"")
A33: 架上 | B33: 大溪 | C33: 便當 | D33: 地中海布格麥烤魚餐盒 | E33: 烤去骨鱈魚片 | F33: 2 | G33: 個 | H33: 100 | K33: V | U33: =IF($E33="","",COUNTIF($I33:$S33,"V")) -> 1 | V33: =IF($E33="","",IF(AND($T33="V",$U33>0),"⚠ 勾選矛盾",IF($T33="V","○ 免調理",IF($U33=0,"⚠ 資料缺漏",IF($U33=1,"▲ 單一設備依賴","OK"))))) -> ▲ 單一設備依賴 | W33: =IF($E33="","",IF(AND($T33="V",$U33>0),"「無使用調理設備」不可與設備欄同時勾選，請擇一修正",IF($T33="V","免調理半成品（外購/僅切配等），不列入設備風險評估",IF($U33=0,"未勾選任何設備，請補填或勾選「無使用調理設備」",IF($U33=1,"僅依賴1台設備，須確認故障/排修時之備援製程","無異常"))))) -> 僅依賴1台設備，須確認故障/排修時之備援製程 | X33: 大溪_2026.07.01地中海布格麥烤魚餐盒_2026.07校正 | Z33: =IF($D33="",0,IF(COUNTIF($D$5:$D33,$D33)=1,1,0)) -> 0 | AA33: =IF(Z33=1,SUM($Z$5:$Z33),"")
A34: 架上 | B34: 大溪 | C34: 便當 | D34: 地中海布格麥烤魚餐盒 | E34: 水煮毛豆仁(111年) | F34: 10 | G34: 公克 | H34: 78 | O34: V | U34: =IF($E34="","",COUNTIF($I34:$S34,"V")) -> 1 | V34: =IF($E34="","",IF(AND($T34="V",$U34>0),"⚠ 勾選矛盾",IF($T34="V","○ 免調理",IF($U34=0,"⚠ 資料缺漏",IF($U34=1,"▲ 單一設備依賴","OK"))))) -> ▲ 單一設備依賴 | W34: =IF($E34="","",IF(AND($T34="V",$U34>0),"「無使用調理設備」不可與設備欄同時勾選，請擇一修正",IF($T34="V","免調理半成品（外購/僅切配等），不列入設備風險評估",IF($U34=0,"未勾選任何設備，請補填或勾選「無使用調理設備」",IF($U34=1,"僅依賴1台設備，須確認故障/排修時之備援製程","無異常"))))) -> 僅依賴1台設備，須確認故障/排修時之備援製程 | X34: 大溪_2026.07.01地中海布格麥烤魚餐盒_2026.07校正 | Z34: =IF($D34="",0,IF(COUNTIF($D$5:$D34,$D34)=1,1,0)) -> 0 | AA34: =IF(Z34=1,SUM($Z$5:$Z34),"")
A35: 架上 | B35: 大溪 | C35: 便當 | D35: 地中海布格麥烤魚餐盒 | E35: 新冷凍銀鮭碎肉 | F35: 12 | G35: 公克 | H35: 90 | T35: V | U35: =IF($E35="","",COUNTIF($I35:$S35,"V")) -> 0 | V35: =IF($E35="","",IF(AND($T35="V",$U35>0),"⚠ 勾選矛盾",IF($T35="V","○ 免調理",IF($U35=0,"⚠ 資料缺漏",IF($U35=1,"▲ 單一設備依賴","OK"))))) -> ○ 免調理 | W35: =IF($E35="","",IF(AND($T35="V",$U35>0),"「無使用調理設備」不可與設備欄同時勾選，請擇一修正",IF($T35="V","免調理半成品（外購/僅切配等），不列入設備風險評估",IF($U35=0,"未勾選任何設備，請補填或勾選「無使用調理設備」",IF($U35=1,"僅依賴1台設備，須確認故障/排修時之備援製程","無異常"))))) -> 免調理半成品（外購/僅切配等），不列入設備風險評估 | X35: 大溪_2026.07.01地中海布格麥烤魚餐盒_2026.07校正 | Z35: =IF($D35="",0,IF(COUNTIF($D$5:$D35,$D35)=1,1,0)) -> 0 | AA35: =IF(Z35=1,SUM($Z$5:$Z35),"")
A36: 下架 | B36: 大溪 | C36: 便當 | D36: 嫩烤香料雞胸排蔬滿盒 | E36: 熟化去皮馬鈴薯滾刀17-23公克 | F36: 40 | G36: 公克 | H36: 99 | T36: V | U36: =IF($E36="","",COUNTIF($I36:$S36,"V")) -> 0 | V36: =IF($E36="","",IF(AND($T36="V",$U36>0),"⚠ 勾選矛盾",IF($T36="V","○ 免調理",IF($U36=0,"⚠ 資料缺漏",IF($U36=1,"▲ 單一設備依賴","OK"))))) -> ○ 免調理 | W36: =IF($E36="","",IF(AND($T36="V",$U36>0),"「無使用調理設備」不可與設備欄同時勾選，請擇一修正",IF($T36="V","免調理半成品（外購/僅切配等），不列入設備風險評估",IF($U36=0,"未勾選任何設備，請補填或勾選「無使用調理設備」",IF($U36=1,"僅依賴1台設備，須確認故障/排修時之備援製程","無異常"))))) -> 免調理半成品（外購/僅切配等），不列入設備風險評估 | X36: 大溪_2025.05.28_嫩烤香料雞胸排蔬滿盒_2026.07校正 | Z36: =IF($D36="",0,IF(COUNTIF($D$5:$D36,$D36)=1,1,0)) -> 1 | AA36: =IF(Z36=1,SUM($Z$5:$Z36),"") -> 5
A37: 下架 | B37: 大溪 | C37: 便當 | D37: 嫩烤香料雞胸排蔬滿盒 | E37: 蒜炒紅k高麗菜(111年) | F37: 90 | G37: 公克 | H37: 51 | O37: V | U37: =IF($E37="","",COUNTIF($I37:$S37,"V")) -> 1 | V37: =IF($E37="","",IF(AND($T37="V",$U37>0),"⚠ 勾選矛盾",IF($T37="V","○ 免調理",IF($U37=0,"⚠ 資料缺漏",IF($U37=1,"▲ 單一設備依賴","OK"))))) -> ▲ 單一設備依賴 | W37: =IF($E37="","",IF(AND($T37="V",$U37>0),"「無使用調理設備」不可與設備欄同時勾選，請擇一修正",IF($T37="V","免調理半成品（外購/僅切配等），不列入設備風險評估",IF($U37=0,"未勾選任何設備，請補填或勾選「無使用調理設備」",IF($U37=1,"僅依賴1台設備，須確認故障/排修時之備援製程","無異常"))))) -> 僅依賴1台設備，須確認故障/排修時之備援製程 | X37: 大溪_2025.05.28_嫩烤香料雞胸排蔬滿盒_2026.07校正 | Z37: =IF($D37="",0,IF(COUNTIF($D$5:$D37,$D37)=1,1,0)) -> 0 | AA37: =IF(Z37=1,SUM($Z$5:$Z37),"")
A38: 下架 | B38: 大溪 | C38: 便當 | D38: 嫩烤香料雞胸排蔬滿盒 | E38: 60切-烤豆腐蛋白丁 | F38: 3 | G38: 個 | H38: 77.27 | K38: V | U38: =IF($E38="","",COUNTIF($I38:$S38,"V")) -> 1 | V38: =IF($E38="","",IF(AND($T38="V",$U38>0),"⚠ 勾選矛盾",IF($T38="V","○ 免調理",IF($U38=0,"⚠ 資料缺漏",IF($U38=1,"▲ 單一設備依賴","OK"))))) -> ▲ 單一設備依賴 | W38: =IF($E38="","",IF(AND($T38="V",$U38>0),"「無使用調理設備」不可與設備欄同時勾選，請擇一修正",IF($T38="V","免調理半成品（外購/僅切配等），不列入設備風險評估",IF($U38=0,"未勾選任何設備，請補填或勾選「無使用調理設備」",IF($U38=1,"僅依賴1台設備，須確認故障/排修時之備援製程","無異常"))))) -> 僅依賴1台設備，須確認故障/排修時之備援製程 | X38: 大溪_2025.05.28_嫩烤香料雞胸排蔬滿盒_2026.07校正 | Z38: =IF($D38="",0,IF(COUNTIF($D$5:$D38,$D38)=1,1,0)) -> 0 | AA38: =IF(Z38=1,SUM($Z$5:$Z38),"")
A39: 下架 | B39: 大溪 | C39: 便當 | D39: 嫩烤香料雞胸排蔬滿盒 | E39: 川燙毛豆玉米 | F39: 48 | G39: 公克 | H39: 73 | O39: V | U39: =IF($E39="","",COUNTIF($I39:$S39,"V")) -> 1 | V39: =IF($E39="","",IF(AND($T39="V",$U39>0),"⚠ 勾選矛盾",IF($T39="V","○ 免調理",IF($U39=0,"⚠ 資料缺漏",IF($U39=1,"▲ 單一設備依賴","OK"))))) -> ▲ 單一設備依賴 | W39: =IF($E39="","",IF(AND($T39="V",$U39>0),"「無使用調理設備」不可與設備欄同時勾選，請擇一修正",IF($T39="V","免調理半成品（外購/僅切配等），不列入設備風險評估",IF($U39=0,"未勾選任何設備，請補填或勾選「無使用調理設備」",IF($U39=1,"僅依賴1台設備，須確認故障/排修時之備援製程","無異常"))))) -> 僅依賴1台設備，須確認故障/排修時之備援製程 | X39: 大溪_2025.05.28_嫩烤香料雞胸排蔬滿盒_2026.07校正 | Z39: =IF($D39="",0,IF(COUNTIF($D$5:$D39,$D39)=1,1,0)) -> 0 | AA39: =IF(Z39=1,SUM($Z$5:$Z39),"")
A40: 下架 | B40: 大溪 | C40: 便當 | D40: 嫩烤香料雞胸排蔬滿盒 | E40: (V)川燙小青花菜 | F40: 70 | G40: 公克 | H40: 66 | O40: V | U40: =IF($E40="","",COUNTIF($I40:$S40,"V")) -> 1 | V40: =IF($E40="","",IF(AND($T40="V",$U40>0),"⚠ 勾選矛盾",IF($T40="V","○ 免調理",IF($U40=0,"⚠ 資料缺漏",IF($U40=1,"▲ 單一設備依賴","OK"))))) -> ▲ 單一設備依賴 | W40: =IF($E40="","",IF(AND($T40="V",$U40>0),"「無使用調理設備」不可與設備欄同時勾選，請擇一修正",IF($T40="V","免調理半成品（外購/僅切配等），不列入設備風險評估",IF($U40=0,"未勾選任何設備，請補填或勾選「無使用調理設備」",IF($U40=1,"僅依賴1台設備，須確認故障/排修時之備援製程","無異常"))))) -> 僅依賴1台設備，須確認故障/排修時之備援製程 | X40: 大溪_2025.05.28_嫩烤香料雞胸排蔬滿盒_2026.07校正 | Z40: =IF($D40="",0,IF(COUNTIF($D$5:$D40,$D40)=1,1,0)) -> 0 | AA40: =IF(Z40=1,SUM($Z$5:$Z40),"")
A41: 下架 | B41: 大溪 | C41: 便當 | D41: 嫩烤香料雞胸排蔬滿盒 | E41: 整顆切片水煮蛋 | F41: 4 | G41: 個 | H41: 100 | M41: V | U41: =IF($E41="","",COUNTIF($I41:$S41,"V")) -> 1 | V41: =IF($E41="","",IF(AND($T41="V",$U41>0),"⚠ 勾選矛盾",IF($T41="V","○ 免調理",IF($U41=0,"⚠ 資料缺漏",IF($U41=1,"▲ 單一設備依賴","OK"))))) -> ▲ 單一設備依賴 | W41: =IF($E41="","",IF(AND($T41="V",$U41>0),"「無使用調理設備」不可與設備欄同時勾選，請擇一修正",IF($T41="V","免調理半成品（外購/僅切配等），不列入設備風險評估",IF($U41=0,"未勾選任何設備，請補填或勾選「無使用調理設備」",IF($U41=1,"僅依賴1台設備，須確認故障/排修時之備援製程","無異常"))))) -> 僅依賴1台設備，須確認故障/排修時之備援製程 | X41: 大溪_2025.05.28_嫩烤香料雞胸排蔬滿盒_2026.07校正 | Z41: =IF($D41="",0,IF(COUNTIF($D$5:$D41,$D41)=1,1,0)) -> 0 | AA41: =IF(Z41=1,SUM($Z$5:$Z41),"")
A42: 下架 | B42: 大溪 | C42: 便當 | D42: 嫩烤香料雞胸排蔬滿盒 | E42: 烤黑胡椒清肉排 | F42: 1 | G42: 個 | H42: 100 | K42: V | U42: =IF($E42="","",COUNTIF($I42:$S42,"V")) -> 1 | V42: =IF($E42="","",IF(AND($T42="V",$U42>0),"⚠ 勾選矛盾",IF($T42="V","○ 免調理",IF($U42=0,"⚠ 資料缺漏",IF($U42=1,"▲ 單一設備依賴","OK"))))) -> ▲ 單一設備依賴 | W42: =IF($E42="","",IF(AND($T42="V",$U42>0),"「無使用調理設備」不可與設備欄同時勾選，請擇一修正",IF($T42="V","免調理半成品（外購/僅切配等），不列入設備風險評估",IF($U42=0,"未勾選任何設備，請補填或勾選「無使用調理設備」",IF($U42=1,"僅依賴1台設備，須確認故障/排修時之備援製程","無異常"))))) -> 僅依賴1台設備，須確認故障/排修時之備援製程 | X42: 大溪_2025.05.28_嫩烤香料雞胸排蔬滿盒_2026.07校正 | Z42: =IF($D42="",0,IF(COUNTIF($D$5:$D42,$D42)=1,1,0)) -> 0 | AA42: =IF(Z42=1,SUM($Z$5:$Z42),"")
A43: 下架 | B43: 大溪 | C43: 便當 | D43: 嫩烤香料雞胸排蔬滿盒 | E43: 透明湯凍(明膠) | F43: 10 | G43: 公克 | H43: 53 | O43: V | U43: =IF($E43="","",COUNTIF($I43:$S43,"V")) -> 1 | V43: =IF($E43="","",IF(AND($T43="V",$U43>0),"⚠ 勾選矛盾",IF($T43="V","○ 免調理",IF($U43=0,"⚠ 資料缺漏",IF($U43=1,"▲ 單一設備依賴","OK"))))) -> ▲ 單一設備依賴 | W43: =IF($E43="","",IF(AND($T43="V",$U43>0),"「無使用調理設備」不可與設備欄同時勾選，請擇一修正",IF($T43="V","免調理半成品（外購/僅切配等），不列入設備風險評估",IF($U43=0,"未勾選任何設備，請補填或勾選「無使用調理設備」",IF($U43=1,"僅依賴1台設備，須確認故障/排修時之備援製程","無異常"))))) -> 僅依賴1台設備，須確認故障/排修時之備援製程 | X43: 大溪_2025.05.28_嫩烤香料雞胸排蔬滿盒_2026.07校正 | Z43: =IF($D43="",0,IF(COUNTIF($D$5:$D43,$D43)=1,1,0)) -> 0 | AA43: =IF(Z43=1,SUM($Z$5:$Z43),"")
A44: 架上 | B44: 大溪 | C44: 便當 | D44: 懷舊滷雙拼便當 | E44: 冷藏便當飯(109年) | F44: 234 | G44: 公克 | H44: 94 | I44: V | U44: =IF($E44="","",COUNTIF($I44:$S44,"V")) -> 1 | V44: =IF($E44="","",IF(AND($T44="V",$U44>0),"⚠ 勾選矛盾",IF($T44="V","○ 免調理",IF($U44=0,"⚠ 資料缺漏",IF($U44=1,"▲ 單一設備依賴","OK"))))) -> ▲ 單一設備依賴 | W44: =IF($E44="","",IF(AND($T44="V",$U44>0),"「無使用調理設備」不可與設備欄同時勾選，請擇一修正",IF($T44="V","免調理半成品（外購/僅切配等），不列入設備風險評估",IF($U44=0,"未勾選任何設備，請補填或勾選「無使用調理設備」",IF($U44=1,"僅依賴1台設備，須確認故障/排修時之備援製程","無異常"))))) -> 僅依賴1台設備，須確認故障/排修時之備援製程 | X44: 大溪_2026.05.13_懷舊滷雙拼便當_2026.07校正 | Z44: =IF($D44="",0,IF(COUNTIF($D$5:$D44,$D44)=1,1,0)) -> 1 | AA44: =IF(Z44=1,SUM($Z$5:$Z44),"") -> 6
A45: 架上 | B45: 大溪 | C45: 便當 | D45: 懷舊滷雙拼便當 | E45: 雙拼炒混蔬 | F45: 40 | G45: 公克 | H45: 59 | O45: V | U45: =IF($E45="","",COUNTIF($I45:$S45,"V")) -> 1 | V45: =IF($E45="","",IF(AND($T45="V",$U45>0),"⚠ 勾選矛盾",IF($T45="V","○ 免調理",IF($U45=0,"⚠ 資料缺漏",IF($U45=1,"▲ 單一設備依賴","OK"))))) -> ▲ 單一設備依賴 | W45: =IF($E45="","",IF(AND($T45="V",$U45>0),"「無使用調理設備」不可與設備欄同時勾選，請擇一修正",IF($T45="V","免調理半成品（外購/僅切配等），不列入設備風險評估",IF($U45=0,"未勾選任何設備，請補填或勾選「無使用調理設備」",IF($U45=1,"僅依賴1台設備，須確認故障/排修時之備援製程","無異常"))))) -> 僅依賴1台設備，須確認故障/排修時之備援製程 | X45: 大溪_2026.05.13_懷舊滷雙拼便當_2026.07校正 | Z45: =IF($D45="",0,IF(COUNTIF($D$5:$D45,$D45)=1,1,0)) -> 0 | AA45: =IF(Z45=1,SUM($Z$5:$Z45),"")
A46: 架上 | B46: 大溪 | C46: 便當 | D46: 懷舊滷雙拼便當 | E46: 炒筍絲冬粉 | F46: 30 | G46: 公克 | H46: 65 | O46: V | U46: =IF($E46="","",COUNTIF($I46:$S46,"V")) -> 1 | V46: =IF($E46="","",IF(AND($T46="V",$U46>0),"⚠ 勾選矛盾",IF($T46="V","○ 免調理",IF($U46=0,"⚠ 資料缺漏",IF($U46=1,"▲ 單一設備依賴","OK"))))) -> ▲ 單一設備依賴 | W46: =IF($E46="","",IF(AND($T46="V",$U46>0),"「無使用調理設備」不可與設備欄同時勾選，請擇一修正",IF($T46="V","免調理半成品（外購/僅切配等），不列入設備風險評估",IF($U46=0,"未勾選任何設備，請補填或勾選「無使用調理設備」",IF($U46=1,"僅依賴1台設備，須確認故障/排修時之備援製程","無異常"))))) -> 僅依賴1台設備，須確認故障/排修時之備援製程 | X46: 大溪_2026.05.13_懷舊滷雙拼便當_2026.07校正 | Z46: =IF($D46="",0,IF(COUNTIF($D$5:$D46,$D46)=1,1,0)) -> 0 | AA46: =IF(Z46=1,SUM($Z$5:$Z46),"")
A47: 架上 | B47: 大溪 | C47: 便當 | D47: 懷舊滷雙拼便當 | E47: 蒸薄切里肌片 | F47: 1 | G47: 個 | H47: 100 | M47: V | U47: =IF($E47="","",COUNTIF($I47:$S47,"V")) -> 1 | V47: =IF($E47="","",IF(AND($T47="V",$U47>0),"⚠ 勾選矛盾",IF($T47="V","○ 免調理",IF($U47=0,"⚠ 資料缺漏",IF($U47=1,"▲ 單一設備依賴","OK"))))) -> ▲ 單一設備依賴 | W47: =IF($E47="","",IF(AND($T47="V",$U47>0),"「無使用調理設備」不可與設備欄同時勾選，請擇一修正",IF($T47="V","免調理半成品（外購/僅切配等），不列入設備風險評估",IF($U47=0,"未勾選任何設備，請補填或勾選「無使用調理設備」",IF($U47=1,"僅依賴1台設備，須確認故障/排修時之備援製程","無異常"))))) -> 僅依賴1台設備，須確認故障/排修時之備援製程 | X47: 大溪_2026.05.13_懷舊滷雙拼便當_2026.07校正 | Z47: =IF($D47="",0,IF(COUNTIF($D$5:$D47,$D47)=1,1,0)) -> 0 | AA47: =IF(Z47=1,SUM($Z$5:$Z47),"")
A48: 架上 | B48: 大溪 | C48: 便當 | D48: 懷舊滷雙拼便當 | E48: 蒸黑滷D4棒 | F48: 1 | G48: 個 | H48: 100 | M48: V | U48: =IF($E48="","",COUNTIF($I48:$S48,"V")) -> 1 | V48: =IF($E48="","",IF(AND($T48="V",$U48>0),"⚠ 勾選矛盾",IF($T48="V","○ 免調理",IF($U48=0,"⚠ 資料缺漏",IF($U48=1,"▲ 單一設備依賴","OK"))))) -> ▲ 單一設備依賴 | W48: =IF($E48="","",IF(AND($T48="V",$U48>0),"「無使用調理設備」不可與設備欄同時勾選，請擇一修正",IF($T48="V","免調理半成品（外購/僅切配等），不列入設備風險評估",IF($U48=0,"未勾選任何設備，請補填或勾選「無使用調理設備」",IF($U48=1,"僅依賴1台設備，須確認故障/排修時之備援製程","無異常"))))) -> 僅依賴1台設備，須確認故障/排修時之備援製程 | X48: 大溪_2026.05.13_懷舊滷雙拼便當_2026.07校正 | Z48: =IF($D48="",0,IF(COUNTIF($D$5:$D48,$D48)=1,1,0)) -> 0 | AA48: =IF(Z48=1,SUM($Z$5:$Z48),"")
A49: 架上 | B49: 大溪 | C49: 便當 | D49: 懷舊滷雙拼便當 | E49: 醬香醬汁 | F49: 15 | G49: 公克 | H49: 67 | O49: V | U49: =IF($E49="","",COUNTIF($I49:$S49,"V")) -> 1 | V49: =IF($E49="","",IF(AND($T49="V",$U49>0),"⚠ 勾選矛盾",IF($T49="V","○ 免調理",IF($U49=0,"⚠ 資料缺漏",IF($U49=1,"▲ 單一設備依賴","OK"))))) -> ▲ 單一設備依賴 | W49: =IF($E49="","",IF(AND($T49="V",$U49>0),"「無使用調理設備」不可與設備欄同時勾選，請擇一修正",IF($T49="V","免調理半成品（外購/僅切配等），不列入設備風險評估",IF($U49=0,"未勾選任何設備，請補填或勾選「無使用調理設備」",IF($U49=1,"僅依賴1台設備，須確認故障/排修時之備援製程","無異常"))))) -> 僅依賴1台設備，須確認故障/排修時之備援製程 | X49: 大溪_2026.05.13_懷舊滷雙拼便當_2026.07校正 | Z49: =IF($D49="",0,IF(COUNTIF($D$5:$D49,$D49)=1,1,0)) -> 0 | AA49: =IF(Z49=1,SUM($Z$5:$Z49),"")
A50: 架上 | B50: 大溪 | C50: 便當 | D50: 懷舊滷雙拼便當 | E50: 炒酸菜 | F50: 3 | G50: 公克 | H50: 66 | O50: V | U50: =IF($E50="","",COUNTIF($I50:$S50,"V")) -> 1 | V50: =IF($E50="","",IF(AND($T50="V",$U50>0),"⚠ 勾選矛盾",IF($T50="V","○ 免調理",IF($U50=0,"⚠ 資料缺漏",IF($U50=1,"▲ 單一設備依賴","OK"))))) -> ▲ 單一設備依賴 | W50: =IF($E50="","",IF(AND($T50="V",$U50>0),"「無使用調理設備」不可與設備欄同時勾選，請擇一修正",IF($T50="V","免調理半成品（外購/僅切配等），不列入設備風險評估",IF($U50=0,"未勾選任何設備，請補填或勾選「無使用調理設備」",IF($U50=1,"僅依賴1台設備，須確認故障/排修時之備援製程","無異常"))))) -> 僅依賴1台設備，須確認故障/排修時之備援製程 | X50: 大溪_2026.05.13_懷舊滷雙拼便當_2026.07校正 | Z50: =IF($D50="",0,IF(COUNTIF($D$5:$D50,$D50)=1,1,0)) -> 0 | AA50: =IF(Z50=1,SUM($Z$5:$Z50),"")
A51: 架上 | B51: 大溪 | C51: 便當 | D51: 懷舊滷雙拼便當 | E51: 8切-烤湖鹽香腸 | F51: 1 | G51: 個 | H51: 800 | K51: V | U51: =IF($E51="","",COUNTIF($I51:$S51,"V")) -> 1 | V51: =IF($E51="","",IF(AND($T51="V",$U51>0),"⚠ 勾選矛盾",IF($T51="V","○ 免調理",IF($U51=0,"⚠ 資料缺漏",IF($U51=1,"▲ 單一設備依賴","OK"))))) -> ▲ 單一設備依賴 | W51: =IF($E51="","",IF(AND($T51="V",$U51>0),"「無使用調理設備」不可與設備欄同時勾選，請擇一修正",IF($T51="V","免調理半成品（外購/僅切配等），不列入設備風險評估",IF($U51=0,"未勾選任何設備，請補填或勾選「無使用調理設備」",IF($U51=1,"僅依賴1台設備，須確認故障/排修時之備援製程","無異常"))))) -> 僅依賴1台設備，須確認故障/排修時之備援製程 | X51: 大溪_2026.05.13_懷舊滷雙拼便當_2026.07校正 | Z51: =IF($D51="",0,IF(COUNTIF($D$5:$D51,$D51)=1,1,0)) -> 0 | AA51: =IF(Z51=1,SUM($Z$5:$Z51),"")
A52: 架上 | B52: 大溪 | C52: 便當 | D52: 海陸雙拼肉肉餐盒 | E52: 煮麥仁薑黃飯(113年) | F52: 250 | G52: 公克 | H52: 91 | I52: V | O52: V | U52: =IF($E52="","",COUNTIF($I52:$S52,"V")) -> 2 | V52: =IF($E52="","",IF(AND($T52="V",$U52>0),"⚠ 勾選矛盾",IF($T52="V","○ 免調理",IF($U52=0,"⚠ 資料缺漏",IF($U52=1,"▲ 單一設備依賴","OK"))))) -> OK | W52: =IF($E52="","",IF(AND($T52="V",$U52>0),"「無使用調理設備」不可與設備欄同時勾選，請擇一修正",IF($T52="V","免調理半成品（外購/僅切配等），不列入設備風險評估",IF($U52=0,"未勾選任何設備，請補填或勾選「無使用調理設備」",IF($U52=1,"僅依賴1台設備，須確認故障/排修時之備援製程","無異常"))))) -> 無異常 | X52: 大溪_2025.10.01_海陸雙拼肉肉餐盒_2026.07校正 | Z52: =IF($D52="",0,IF(COUNTIF($D$5:$D52,$D52)=1,1,0)) -> 1 | AA52: =IF(Z52=1,SUM($Z$5:$Z52),"") -> 7
A53: 架上 | B53: 大溪 | C53: 便當 | D53: 海陸雙拼肉肉餐盒 | E53: 蒜炒紅K油菜(A7) | F53: 35 | G53: 公克 | H53: 51 | O53: V | U53: =IF($E53="","",COUNTIF($I53:$S53,"V")) -> 1 | V53: =IF($E53="","",IF(AND($T53="V",$U53>0),"⚠ 勾選矛盾",IF($T53="V","○ 免調理",IF($U53=0,"⚠ 資料缺漏",IF($U53=1,"▲ 單一設備依賴","OK"))))) -> ▲ 單一設備依賴 | W53: =IF($E53="","",IF(AND($T53="V",$U53>0),"「無使用調理設備」不可與設備欄同時勾選，請擇一修正",IF($T53="V","免調理半成品（外購/僅切配等），不列入設備風險評估",IF($U53=0,"未勾選任何設備，請補填或勾選「無使用調理設備」",IF($U53=1,"僅依賴1台設備，須確認故障/排修時之備援製程","無異常"))))) -> 僅依賴1台設備，須確認故障/排修時之備援製程 | X53: 大溪_2025.10.01_海陸雙拼肉肉餐盒_2026.07校正 | Z53: =IF($D53="",0,IF(COUNTIF($D$5:$D53,$D53)=1,1,0)) -> 0 | AA53: =IF(Z53=1,SUM($Z$5:$Z53),"")
A54: 架上 | B54: 大溪 | C54: 便當 | D54: 海陸雙拼肉肉餐盒 | E54: 烤12切家常豆腐 | F54: 2 | G54: 個 | H54: 1200 | K54: V | U54: =IF($E54="","",COUNTIF($I54:$S54,"V")) -> 1 | V54: =IF($E54="","",IF(AND($T54="V",$U54>0),"⚠ 勾選矛盾",IF($T54="V","○ 免調理",IF($U54=0,"⚠ 資料缺漏",IF($U54=1,"▲ 單一設備依賴","OK"))))) -> ▲ 單一設備依賴 | W54: =IF($E54="","",IF(AND($T54="V",$U54>0),"「無使用調理設備」不可與設備欄同時勾選，請擇一修正",IF($T54="V","免調理半成品（外購/僅切配等），不列入設備風險評估",IF($U54=0,"未勾選任何設備，請補填或勾選「無使用調理設備」",IF($U54=1,"僅依賴1台設備，須確認故障/排修時之備援製程","無異常"))))) -> 僅依賴1台設備，須確認故障/排修時之備援製程 | X54: 大溪_2025.10.01_海陸雙拼肉肉餐盒_2026.07校正 | Z54: =IF($D54="",0,IF(COUNTIF($D$5:$D54,$D54)=1,1,0)) -> 0 | AA54: =IF(Z54=1,SUM($Z$5:$Z54),"")
A55: 架上 | B55: 大溪 | C55: 便當 | D55: 海陸雙拼肉肉餐盒 | E55: (V)川燙小青花菜 | F55: 16 | G55: 公克 | H55: 66 | O55: V | U55: =IF($E55="","",COUNTIF($I55:$S55,"V")) -> 1 | V55: =IF($E55="","",IF(AND($T55="V",$U55>0),"⚠ 勾選矛盾",IF($T55="V","○ 免調理",IF($U55=0,"⚠ 資料缺漏",IF($U55=1,"▲ 單一設備依賴","OK"))))) -> ▲ 單一設備依賴 | W55: =IF($E55="","",IF(AND($T55="V",$U55>0),"「無使用調理設備」不可與設備欄同時勾選，請擇一修正",IF($T55="V","免調理半成品（外購/僅切配等），不列入設備風險評估",IF($U55=0,"未勾選任何設備，請補填或勾選「無使用調理設備」",IF($U55=1,"僅依賴1台設備，須確認故障/排修時之備援製程","無異常"))))) -> 僅依賴1台設備，須確認故障/排修時之備援製程 | X55: 大溪_2025.10.01_海陸雙拼肉肉餐盒_2026.07校正 | Z55: =IF($D55="",0,IF(COUNTIF($D$5:$D55,$D55)=1,1,0)) -> 0 | AA55: =IF(Z55=1,SUM($Z$5:$Z55),"")
A56: 架上 | B56: 大溪 | C56: 便當 | D56: 海陸雙拼肉肉餐盒 | E56: 烤厚烘蔥蛋(114年) | F56: 1 | G56: 個 | H56: 100 | K56: V | U56: =IF($E56="","",COUNTIF($I56:$S56,"V")) -> 1 | V56: =IF($E56="","",IF(AND($T56="V",$U56>0),"⚠ 勾選矛盾",IF($T56="V","○ 免調理",IF($U56=0,"⚠ 資料缺漏",IF($U56=1,"▲ 單一設備依賴","OK"))))) -> ▲ 單一設備依賴 | W56: =IF($E56="","",IF(AND($T56="V",$U56>0),"「無使用調理設備」不可與設備欄同時勾選，請擇一修正",IF($T56="V","免調理半成品（外購/僅切配等），不列入設備風險評估",IF($U56=0,"未勾選任何設備，請補填或勾選「無使用調理設備」",IF($U56=1,"僅依賴1台設備，須確認故障/排修時之備援製程","無異常"))))) -> 僅依賴1台設備，須確認故障/排修時之備援製程 | X56: 大溪_2025.10.01_海陸雙拼肉肉餐盒_2026.07校正 | Z56: =IF($D56="",0,IF(COUNTIF($D$5:$D56,$D56)=1,1,0)) -> 0 | AA56: =IF(Z56=1,SUM($Z$5:$Z56),"")
A57: 架上 | B57: 大溪 | C57: 便當 | D57: 海陸雙拼肉肉餐盒 | E57: 烤照燒雞腿丁 | F57: 22 | G57: 公克 | H57: 49 | K57: V | U57: =IF($E57="","",COUNTIF($I57:$S57,"V")) -> 1 | V57: =IF($E57="","",IF(AND($T57="V",$U57>0),"⚠ 勾選矛盾",IF($T57="V","○ 免調理",IF($U57=0,"⚠ 資料缺漏",IF($U57=1,"▲ 單一設備依賴","OK"))))) -> ▲ 單一設備依賴 | W57: =IF($E57="","",IF(AND($T57="V",$U57>0),"「無使用調理設備」不可與設備欄同時勾選，請擇一修正",IF($T57="V","免調理半成品（外購/僅切配等），不列入設備風險評估",IF($U57=0,"未勾選任何設備，請補填或勾選「無使用調理設備」",IF($U57=1,"僅依賴1台設備，須確認故障/排修時之備援製程","無異常"))))) -> 僅依賴1台設備，須確認故障/排修時之備援製程 | X57: 大溪_2025.10.01_海陸雙拼肉肉餐盒_2026.07校正 | Z57: =IF($D57="",0,IF(COUNTIF($D$5:$D57,$D57)=1,1,0)) -> 0 | AA57: =IF(Z57=1,SUM($Z$5:$Z57),"")
A58: 架上 | B58: 大溪 | C58: 便當 | D58: 海陸雙拼肉肉餐盒 | E58: 烤去骨鱈魚片 | F58: 3 | G58: 個 | H58: 100 | K58: V | U58: =IF($E58="","",COUNTIF($I58:$S58,"V")) -> 1 | V58: =IF($E58="","",IF(AND($T58="V",$U58>0),"⚠ 勾選矛盾",IF($T58="V","○ 免調理",IF($U58=0,"⚠ 資料缺漏",IF($U58=1,"▲ 單一設備依賴","OK"))))) -> ▲ 單一設備依賴 | W58: =IF($E58="","",IF(AND($T58="V",$U58>0),"「無使用調理設備」不可與設備欄同時勾選，請擇一修正",IF($T58="V","免調理半成品（外購/僅切配等），不列入設備風險評估",IF($U58=0,"未勾選任何設備，請補填或勾選「無使用調理設備」",IF($U58=1,"僅依賴1台設備，須確認故障/排修時之備援製程","無異常"))))) -> 僅依賴1台設備，須確認故障/排修時之備援製程 | X58: 大溪_2025.10.01_海陸雙拼肉肉餐盒_2026.07校正 | Z58: =IF($D58="",0,IF(COUNTIF($D$5:$D58,$D58)=1,1,0)) -> 0 | AA58: =IF(Z58=1,SUM($Z$5:$Z58),"")
A59: 架上 | B59: 大溪 | C59: 便當 | D59: 海陸雙拼肉肉餐盒 | E59: 炒豆酥 | F59: 3 | G59: 公克 | H59: 65 | O59: V | U59: =IF($E59="","",COUNTIF($I59:$S59,"V")) -> 1 | V59: =IF($E59="","",IF(AND($T59="V",$U59>0),"⚠ 勾選矛盾",IF($T59="V","○ 免調理",IF($U59=0,"⚠ 資料缺漏",IF($U59=1,"▲ 單一設備依賴","OK"))))) -> ▲ 單一設備依賴 | W59: =IF($E59="","",IF(AND($T59="V",$U59>0),"「無使用調理設備」不可與設備欄同時勾選，請擇一修正",IF($T59="V","免調理半成品（外購/僅切配等），不列入設備風險評估",IF($U59=0,"未勾選任何設備，請補填或勾選「無使用調理設備」",IF($U59=1,"僅依賴1台設備，須確認故障/排修時之備援製程","無異常"))))) -> 僅依賴1台設備，須確認故障/排修時之備援製程 | X59: 大溪_2025.10.01_海陸雙拼肉肉餐盒_2026.07校正 | Z59: =IF($D59="",0,IF(COUNTIF($D$5:$D59,$D59)=1,1,0)) -> 0 | AA59: =IF(Z59=1,SUM($Z$5:$Z59),"")
A60: 架上 | B60: 大溪 | C60: 便當 | D60: 烤蛋白餐盒 | E60: 十八穀米飯(112年) | F60: 172 | G60: 公克 | H60: 91 | I60: V | O60: V | U60: =IF($E60="","",COUNTIF($I60:$S60,"V")) -> 2 | V60: =IF($E60="","",IF(AND($T60="V",$U60>0),"⚠ 勾選矛盾",IF($T60="V","○ 免調理",IF($U60=0,"⚠ 資料缺漏",IF($U60=1,"▲ 單一設備依賴","OK"))))) -> OK | W60: =IF($E60="","",IF(AND($T60="V",$U60>0),"「無使用調理設備」不可與設備欄同時勾選，請擇一修正",IF($T60="V","免調理半成品（外購/僅切配等），不列入設備風險評估",IF($U60=0,"未勾選任何設備，請補填或勾選「無使用調理設備」",IF($U60=1,"僅依賴1台設備，須確認故障/排修時之備援製程","無異常"))))) -> 無異常 | X60: 大溪_2024.09.25_烤蛋白餐盒_2026.07校正 | Z60: =IF($D60="",0,IF(COUNTIF($D$5:$D60,$D60)=1,1,0)) -> 1 | AA60: =IF(Z60=1,SUM($Z$5:$Z60),"") -> 8
A61: 架上 | B61: 大溪 | C61: 便當 | D61: 烤蛋白餐盒 | E61: (V)川燙小青花菜 | F61: 46 | G61: 公克 | H61: 66 | O61: V | U61: =IF($E61="","",COUNTIF($I61:$S61,"V")) -> 1 | V61: =IF($E61="","",IF(AND($T61="V",$U61>0),"⚠ 勾選矛盾",IF($T61="V","○ 免調理",IF($U61=0,"⚠ 資料缺漏",IF($U61=1,"▲ 單一設備依賴","OK"))))) -> ▲ 單一設備依賴 | W61: =IF($E61="","",IF(AND($T61="V",$U61>0),"「無使用調理設備」不可與設備欄同時勾選，請擇一修正",IF($T61="V","免調理半成品（外購/僅切配等），不列入設備風險評估",IF($U61=0,"未勾選任何設備，請補填或勾選「無使用調理設備」",IF($U61=1,"僅依賴1台設備，須確認故障/排修時之備援製程","無異常"))))) -> 僅依賴1台設備，須確認故障/排修時之備援製程 | X61: 大溪_2024.09.25_烤蛋白餐盒_2026.07校正 | Z61: =IF($D61="",0,IF(COUNTIF($D$5:$D61,$D61)=1,1,0)) -> 0 | AA61: =IF(Z61=1,SUM($Z$5:$Z61),"")
A62: 架上 | B62: 大溪 | C62: 便當 | D62: 烤蛋白餐盒 | E62: 60切-烤豆腐蛋白丁 | F62: 4 | G62: 個 | H62: 77.27 | K62: V | U62: =IF($E62="","",COUNTIF($I62:$S62,"V")) -> 1 | V62: =IF($E62="","",IF(AND($T62="V",$U62>0),"⚠ 勾選矛盾",IF($T62="V","○ 免調理",IF($U62=0,"⚠ 資料缺漏",IF($U62=1,"▲ 單一設備依賴","OK"))))) -> ▲ 單一設備依賴 | W62: =IF($E62="","",IF(AND($T62="V",$U62>0),"「無使用調理設備」不可與設備欄同時勾選，請擇一修正",IF($T62="V","免調理半成品（外購/僅切配等），不列入設備風險評估",IF($U62=0,"未勾選任何設備，請補填或勾選「無使用調理設備」",IF($U62=1,"僅依賴1台設備，須確認故障/排修時之備援製程","無異常"))))) -> 僅依賴1台設備，須確認故障/排修時之備援製程 | X62: 大溪_2024.09.25_烤蛋白餐盒_2026.07校正 | Z62: =IF($D62="",0,IF(COUNTIF($D$5:$D62,$D62)=1,1,0)) -> 0 | AA62: =IF(Z62=1,SUM($Z$5:$Z62),"")
A63: 架上 | B63: 大溪 | C63: 便當 | D63: 烤蛋白餐盒 | E63: 6切-烤義式腿排(113年) | F63: 3 | G63: 個 | H63: 600 | K63: V | U63: =IF($E63="","",COUNTIF($I63:$S63,"V")) -> 1 | V63: =IF($E63="","",IF(AND($T63="V",$U63>0),"⚠ 勾選矛盾",IF($T63="V","○ 免調理",IF($U63=0,"⚠ 資料缺漏",IF($U63=1,"▲ 單一設備依賴","OK"))))) -> ▲ 單一設備依賴 | W63: =IF($E63="","",IF(AND($T63="V",$U63>0),"「無使用調理設備」不可與設備欄同時勾選，請擇一修正",IF($T63="V","免調理半成品（外購/僅切配等），不列入設備風險評估",IF($U63=0,"未勾選任何設備，請補填或勾選「無使用調理設備」",IF($U63=1,"僅依賴1台設備，須確認故障/排修時之備援製程","無異常"))))) -> 僅依賴1台設備，須確認故障/排修時之備援製程 | X63: 大溪_2024.09.25_烤蛋白餐盒_2026.07校正 | Z63: =IF($D63="",0,IF(COUNTIF($D$5:$D63,$D63)=1,1,0)) -> 0 | AA63: =IF(Z63=1,SUM($Z$5:$Z63),"")
A64: 架上 | B64: 大溪 | C64: 便當 | D64: 烤蛋白餐盒 | E64: 烤12切家常豆腐 | F64: 3 | G64: 個 | H64: 1200 | K64: V | U64: =IF($E64="","",COUNTIF($I64:$S64,"V")) -> 1 | V64: =IF($E64="","",IF(AND($T64="V",$U64>0),"⚠ 勾選矛盾",IF($T64="V","○ 免調理",IF($U64=0,"⚠ 資料缺漏",IF($U64=1,"▲ 單一設備依賴","OK"))))) -> ▲ 單一設備依賴 | W64: =IF($E64="","",IF(AND($T64="V",$U64>0),"「無使用調理設備」不可與設備欄同時勾選，請擇一修正",IF($T64="V","免調理半成品（外購/僅切配等），不列入設備風險評估",IF($U64=0,"未勾選任何設備，請補填或勾選「無使用調理設備」",IF($U64=1,"僅依賴1台設備，須確認故障/排修時之備援製程","無異常"))))) -> 僅依賴1台設備，須確認故障/排修時之備援製程 | X64: 大溪_2024.09.25_烤蛋白餐盒_2026.07校正 | Z64: =IF($D64="",0,IF(COUNTIF($D$5:$D64,$D64)=1,1,0)) -> 0 | AA64: =IF(Z64=1,SUM($Z$5:$Z64),"")
A65: 架上 | B65: 大溪 | C65: 便當 | D65: 烤蛋白餐盒 | E65: 炒紅K碎蛋 | F65: 20 | G65: 公克 | H65: 42 | O65: V | U65: =IF($E65="","",COUNTIF($I65:$S65,"V")) -> 1 | V65: =IF($E65="","",IF(AND($T65="V",$U65>0),"⚠ 勾選矛盾",IF($T65="V","○ 免調理",IF($U65=0,"⚠ 資料缺漏",IF($U65=1,"▲ 單一設備依賴","OK"))))) -> ▲ 單一設備依賴 | W65: =IF($E65="","",IF(AND($T65="V",$U65>0),"「無使用調理設備」不可與設備欄同時勾選，請擇一修正",IF($T65="V","免調理半成品（外購/僅切配等），不列入設備風險評估",IF($U65=0,"未勾選任何設備，請補填或勾選「無使用調理設備」",IF($U65=1,"僅依賴1台設備，須確認故障/排修時之備援製程","無異常"))))) -> 僅依賴1台設備，須確認故障/排修時之備援製程 | X65: 大溪_2024.09.25_烤蛋白餐盒_2026.07校正 | Z65: =IF($D65="",0,IF(COUNTIF($D$5:$D65,$D65)=1,1,0)) -> 0 | AA65: =IF(Z65=1,SUM($Z$5:$Z65),"")
A66: 架上 | B66: 大溪 | C66: 便當 | D66: 烤蛋白餐盒 | E66: 川燙毛豆玉米 | F66: 40 | G66: 公克 | H66: 73 | O66: V | U66: =IF($E66="","",COUNTIF($I66:$S66,"V")) -> 1 | V66: =IF($E66="","",IF(AND($T66="V",$U66>0),"⚠ 勾選矛盾",IF($T66="V","○ 免調理",IF($U66=0,"⚠ 資料缺漏",IF($U66=1,"▲ 單一設備依賴","OK"))))) -> ▲ 單一設備依賴 | W66: =IF($E66="","",IF(AND($T66="V",$U66>0),"「無使用調理設備」不可與設備欄同時勾選，請擇一修正",IF($T66="V","免調理半成品（外購/僅切配等），不列入設備風險評估",IF($U66=0,"未勾選任何設備，請補填或勾選「無使用調理設備」",IF($U66=1,"僅依賴1台設備，須確認故障/排修時之備援製程","無異常"))))) -> 僅依賴1台設備，須確認故障/排修時之備援製程 | X66: 大溪_2024.09.25_烤蛋白餐盒_2026.07校正 | Z66: =IF($D66="",0,IF(COUNTIF($D$5:$D66,$D66)=1,1,0)) -> 0 | AA66: =IF(Z66=1,SUM($Z$5:$Z66),"")
A67: 架上 | B67: 大溪 | C67: 便當 | D67: 烤蛋白餐盒 | E67: 透明湯凍(明膠) | F67: 6 | G67: 公克 | H67: 53 | O67: V | U67: =IF($E67="","",COUNTIF($I67:$S67,"V")) -> 1 | V67: =IF($E67="","",IF(AND($T67="V",$U67>0),"⚠ 勾選矛盾",IF($T67="V","○ 免調理",IF($U67=0,"⚠ 資料缺漏",IF($U67=1,"▲ 單一設備依賴","OK"))))) -> ▲ 單一設備依賴 | W67: =IF($E67="","",IF(AND($T67="V",$U67>0),"「無使用調理設備」不可與設備欄同時勾選，請擇一修正",IF($T67="V","免調理半成品（外購/僅切配等），不列入設備風險評估",IF($U67=0,"未勾選任何設備，請補填或勾選「無使用調理設備」",IF($U67=1,"僅依賴1台設備，須確認故障/排修時之備援製程","無異常"))))) -> 僅依賴1台設備，須確認故障/排修時之備援製程 | X67: 大溪_2024.09.25_烤蛋白餐盒_2026.07校正 | Z67: =IF($D67="",0,IF(COUNTIF($D$5:$D67,$D67)=1,1,0)) -> 0 | AA67: =IF(Z67=1,SUM($Z$5:$Z67),"")
A68: 架上 | B68: 大溪 | C68: 便當 | D68: 蔬活腿排補力餐盒 | E68: 煮多穀紫米飯 | F68: 210 | G68: 公克 | H68: 77.6 | I68: V | U68: =IF($E68="","",COUNTIF($I68:$S68,"V")) -> 1 | V68: =IF($E68="","",IF(AND($T68="V",$U68>0),"⚠ 勾選矛盾",IF($T68="V","○ 免調理",IF($U68=0,"⚠ 資料缺漏",IF($U68=1,"▲ 單一設備依賴","OK"))))) -> ▲ 單一設備依賴 | W68: =IF($E68="","",IF(AND($T68="V",$U68>0),"「無使用調理設備」不可與設備欄同時勾選，請擇一修正",IF($T68="V","免調理半成品（外購/僅切配等），不列入設備風險評估",IF($U68=0,"未勾選任何設備，請補填或勾選「無使用調理設備」",IF($U68=1,"僅依賴1台設備，須確認故障/排修時之備援製程","無異常"))))) -> 僅依賴1台設備，須確認故障/排修時之備援製程 | X68: 大溪_2025.10.01_蔬活腿排補力餐盒_2026.07校正 | Z68: =IF($D68="",0,IF(COUNTIF($D$5:$D68,$D68)=1,1,0)) -> 1 | AA68: =IF(Z68=1,SUM($Z$5:$Z68),"") -> 9
A69: 架上 | B69: 大溪 | C69: 便當 | D69: 蔬活腿排補力餐盒 | E69: 蒜炒紅k高麗菜(111年) | F69: 65 | G69: 公克 | H69: 51 | O69: V | U69: =IF($E69="","",COUNTIF($I69:$S69,"V")) -> 1 | V69: =IF($E69="","",IF(AND($T69="V",$U69>0),"⚠ 勾選矛盾",IF($T69="V","○ 免調理",IF($U69=0,"⚠ 資料缺漏",IF($U69=1,"▲ 單一設備依賴","OK"))))) -> ▲ 單一設備依賴 | W69: =IF($E69="","",IF(AND($T69="V",$U69>0),"「無使用調理設備」不可與設備欄同時勾選，請擇一修正",IF($T69="V","免調理半成品（外購/僅切配等），不列入設備風險評估",IF($U69=0,"未勾選任何設備，請補填或勾選「無使用調理設備」",IF($U69=1,"僅依賴1台設備，須確認故障/排修時之備援製程","無異常"))))) -> 僅依賴1台設備，須確認故障/排修時之備援製程 | X69: 大溪_2025.10.01_蔬活腿排補力餐盒_2026.07校正 | Z69: =IF($D69="",0,IF(COUNTIF($D$5:$D69,$D69)=1,1,0)) -> 0 | AA69: =IF(Z69=1,SUM($Z$5:$Z69),"")
A70: 架上 | B70: 大溪 | C70: 便當 | D70: 蔬活腿排補力餐盒 | E70: 義式烤馬鈴薯 | F70: 3 | G70: 個 | H70: 54.7 | K70: V | U70: =IF($E70="","",COUNTIF($I70:$S70,"V")) -> 1 | V70: =IF($E70="","",IF(AND($T70="V",$U70>0),"⚠ 勾選矛盾",IF($T70="V","○ 免調理",IF($U70=0,"⚠ 資料缺漏",IF($U70=1,"▲ 單一設備依賴","OK"))))) -> ▲ 單一設備依賴 | W70: =IF($E70="","",IF(AND($T70="V",$U70>0),"「無使用調理設備」不可與設備欄同時勾選，請擇一修正",IF($T70="V","免調理半成品（外購/僅切配等），不列入設備風險評估",IF($U70=0,"未勾選任何設備，請補填或勾選「無使用調理設備」",IF($U70=1,"僅依賴1台設備，須確認故障/排修時之備援製程","無異常"))))) -> 僅依賴1台設備，須確認故障/排修時之備援製程 | X70: 大溪_2025.10.01_蔬活腿排補力餐盒_2026.07校正 | Z70: =IF($D70="",0,IF(COUNTIF($D$5:$D70,$D70)=1,1,0)) -> 0 | AA70: =IF(Z70=1,SUM($Z$5:$Z70),"")
A71: 架上 | B71: 大溪 | C71: 便當 | D71: 蔬活腿排補力餐盒 | E71: (V)川燙小青花菜 | F71: 40 | G71: 公克 | H71: 66 | O71: V | U71: =IF($E71="","",COUNTIF($I71:$S71,"V")) -> 1 | V71: =IF($E71="","",IF(AND($T71="V",$U71>0),"⚠ 勾選矛盾",IF($T71="V","○ 免調理",IF($U71=0,"⚠ 資料缺漏",IF($U71=1,"▲ 單一設備依賴","OK"))))) -> ▲ 單一設備依賴 | W71: =IF($E71="","",IF(AND($T71="V",$U71>0),"「無使用調理設備」不可與設備欄同時勾選，請擇一修正",IF($T71="V","免調理半成品（外購/僅切配等），不列入設備風險評估",IF($U71=0,"未勾選任何設備，請補填或勾選「無使用調理設備」",IF($U71=1,"僅依賴1台設備，須確認故障/排修時之備援製程","無異常"))))) -> 僅依賴1台設備，須確認故障/排修時之備援製程 | X71: 大溪_2025.10.01_蔬活腿排補力餐盒_2026.07校正 | Z71: =IF($D71="",0,IF(COUNTIF($D$5:$D71,$D71)=1,1,0)) -> 0 | AA71: =IF(Z71=1,SUM($Z$5:$Z71),"")
A72: 架上 | B72: 大溪 | C72: 便當 | D72: 蔬活腿排補力餐盒 | E72: 整顆切片水煮蛋 | F72: 4 | G72: 個 | H72: 100 | M72: V | U72: =IF($E72="","",COUNTIF($I72:$S72,"V")) -> 1 | V72: =IF($E72="","",IF(AND($T72="V",$U72>0),"⚠ 勾選矛盾",IF($T72="V","○ 免調理",IF($U72=0,"⚠ 資料缺漏",IF($U72=1,"▲ 單一設備依賴","OK"))))) -> ▲ 單一設備依賴 | W72: =IF($E72="","",IF(AND($T72="V",$U72>0),"「無使用調理設備」不可與設備欄同時勾選，請擇一修正",IF($T72="V","免調理半成品（外購/僅切配等），不列入設備風險評估",IF($U72=0,"未勾選任何設備，請補填或勾選「無使用調理設備」",IF($U72=1,"僅依賴1台設備，須確認故障/排修時之備援製程","無異常"))))) -> 僅依賴1台設備，須確認故障/排修時之備援製程 | X72: 大溪_2025.10.01_蔬活腿排補力餐盒_2026.07校正 | Z72: =IF($D72="",0,IF(COUNTIF($D$5:$D72,$D72)=1,1,0)) -> 0 | AA72: =IF(Z72=1,SUM($Z$5:$Z72),"")
A73: 架上 | B73: 大溪 | C73: 便當 | D73: 蔬活腿排補力餐盒 | E73: 6切-烤醃漬咖哩腿排 | F73: 8 | G73: 個 | H73: 600 | K73: V | U73: =IF($E73="","",COUNTIF($I73:$S73,"V")) -> 1 | V73: =IF($E73="","",IF(AND($T73="V",$U73>0),"⚠ 勾選矛盾",IF($T73="V","○ 免調理",IF($U73=0,"⚠ 資料缺漏",IF($U73=1,"▲ 單一設備依賴","OK"))))) -> ▲ 單一設備依賴 | W73: =IF($E73="","",IF(AND($T73="V",$U73>0),"「無使用調理設備」不可與設備欄同時勾選，請擇一修正",IF($T73="V","免調理半成品（外購/僅切配等），不列入設備風險評估",IF($U73=0,"未勾選任何設備，請補填或勾選「無使用調理設備」",IF($U73=1,"僅依賴1台設備，須確認故障/排修時之備援製程","無異常"))))) -> 僅依賴1台設備，須確認故障/排修時之備援製程 | X73: 大溪_2025.10.01_蔬活腿排補力餐盒_2026.07校正 | Z73: =IF($D73="",0,IF(COUNTIF($D$5:$D73,$D73)=1,1,0)) -> 0 | AA73: =IF(Z73=1,SUM($Z$5:$Z73),"")
A74: 架上 | B74: 大溪 | C74: 便當 | D74: 蔬活腿排補力餐盒 | E74: 透明湯凍(明膠) | F74: 10 | G74: 公克 | H74: 53 | O74: V | U74: =IF($E74="","",COUNTIF($I74:$S74,"V")) -> 1 | V74: =IF($E74="","",IF(AND($T74="V",$U74>0),"⚠ 勾選矛盾",IF($T74="V","○ 免調理",IF($U74=0,"⚠ 資料缺漏",IF($U74=1,"▲ 單一設備依賴","OK"))))) -> ▲ 單一設備依賴 | W74: =IF($E74="","",IF(AND($T74="V",$U74>0),"「無使用調理設備」不可與設備欄同時勾選，請擇一修正",IF($T74="V","免調理半成品（外購/僅切配等），不列入設備風險評估",IF($U74=0,"未勾選任何設備，請補填或勾選「無使用調理設備」",IF($U74=1,"僅依賴1台設備，須確認故障/排修時之備援製程","無異常"))))) -> 僅依賴1台設備，須確認故障/排修時之備援製程 | X74: 大溪_2025.10.01_蔬活腿排補力餐盒_2026.07校正 | Z74: =IF($D74="",0,IF(COUNTIF($D$5:$D74,$D74)=1,1,0)) -> 0 | AA74: =IF(Z74=1,SUM($Z$5:$Z74),"")
A75: 下架 | B75: 大溪 | C75: 便當 | D75: 香檸奶油魚排蔬滿盒 | E75: 熟化帶皮黃肉地瓜滾刀7-13公克 (340公克/包) | F75: 2 | G75: 個 | H75: 99 | T75: V | U75: =IF($E75="","",COUNTIF($I75:$S75,"V")) -> 0 | V75: =IF($E75="","",IF(AND($T75="V",$U75>0),"⚠ 勾選矛盾",IF($T75="V","○ 免調理",IF($U75=0,"⚠ 資料缺漏",IF($U75=1,"▲ 單一設備依賴","OK"))))) -> ○ 免調理 | W75: =IF($E75="","",IF(AND($T75="V",$U75>0),"「無使用調理設備」不可與設備欄同時勾選，請擇一修正",IF($T75="V","免調理半成品（外購/僅切配等），不列入設備風險評估",IF($U75=0,"未勾選任何設備，請補填或勾選「無使用調理設備」",IF($U75=1,"僅依賴1台設備，須確認故障/排修時之備援製程","無異常"))))) -> 免調理半成品（外購/僅切配等），不列入設備風險評估 | X75: 大溪_2026.04.01香檸奶油魚排蔬滿盒_2026.07校正 | Z75: =IF($D75="",0,IF(COUNTIF($D$5:$D75,$D75)=1,1,0)) -> 1 | AA75: =IF(Z75=1,SUM($Z$5:$Z75),"") -> 10
A76: 下架 | B76: 大溪 | C76: 便當 | D76: 香檸奶油魚排蔬滿盒 | E76: 蒸玉米塊 | F76: 1 | G76: 個 | H76: 77.58 | M76: V | U76: =IF($E76="","",COUNTIF($I76:$S76,"V")) -> 1 | V76: =IF($E76="","",IF(AND($T76="V",$U76>0),"⚠ 勾選矛盾",IF($T76="V","○ 免調理",IF($U76=0,"⚠ 資料缺漏",IF($U76=1,"▲ 單一設備依賴","OK"))))) -> ▲ 單一設備依賴 | W76: =IF($E76="","",IF(AND($T76="V",$U76>0),"「無使用調理設備」不可與設備欄同時勾選，請擇一修正",IF($T76="V","免調理半成品（外購/僅切配等），不列入設備風險評估",IF($U76=0,"未勾選任何設備，請補填或勾選「無使用調理設備」",IF($U76=1,"僅依賴1台設備，須確認故障/排修時之備援製程","無異常"))))) -> 僅依賴1台設備，須確認故障/排修時之備援製程 | X76: 大溪_2026.04.01香檸奶油魚排蔬滿盒_2026.07校正 | Z76: =IF($D76="",0,IF(COUNTIF($D$5:$D76,$D76)=1,1,0)) -> 0 | AA76: =IF(Z76=1,SUM($Z$5:$Z76),"")
A77: 下架 | B77: 大溪 | C77: 便當 | D77: 香檸奶油魚排蔬滿盒 | E77: 餐盒用-三色高麗菜 | F77: 80 | G77: 公克 | H77: 50 | O77: V | U77: =IF($E77="","",COUNTIF($I77:$S77,"V")) -> 1 | V77: =IF($E77="","",IF(AND($T77="V",$U77>0),"⚠ 勾選矛盾",IF($T77="V","○ 免調理",IF($U77=0,"⚠ 資料缺漏",IF($U77=1,"▲ 單一設備依賴","OK"))))) -> ▲ 單一設備依賴 | W77: =IF($E77="","",IF(AND($T77="V",$U77>0),"「無使用調理設備」不可與設備欄同時勾選，請擇一修正",IF($T77="V","免調理半成品（外購/僅切配等），不列入設備風險評估",IF($U77=0,"未勾選任何設備，請補填或勾選「無使用調理設備」",IF($U77=1,"僅依賴1台設備，須確認故障/排修時之備援製程","無異常"))))) -> 僅依賴1台設備，須確認故障/排修時之備援製程 | X77: 大溪_2026.04.01香檸奶油魚排蔬滿盒_2026.07校正 | Z77: =IF($D77="",0,IF(COUNTIF($D$5:$D77,$D77)=1,1,0)) -> 0 | AA77: =IF(Z77=1,SUM($Z$5:$Z77),"")
A78: 下架 | B78: 大溪 | C78: 便當 | D78: 香檸奶油魚排蔬滿盒 | E78: 炒黑胡椒豆芽(餐盒) | F78: 70 | G78: 公克 | H78: 52 | O78: V | U78: =IF($E78="","",COUNTIF($I78:$S78,"V")) -> 1 | V78: =IF($E78="","",IF(AND($T78="V",$U78>0),"⚠ 勾選矛盾",IF($T78="V","○ 免調理",IF($U78=0,"⚠ 資料缺漏",IF($U78=1,"▲ 單一設備依賴","OK"))))) -> ▲ 單一設備依賴 | W78: =IF($E78="","",IF(AND($T78="V",$U78>0),"「無使用調理設備」不可與設備欄同時勾選，請擇一修正",IF($T78="V","免調理半成品（外購/僅切配等），不列入設備風險評估",IF($U78=0,"未勾選任何設備，請補填或勾選「無使用調理設備」",IF($U78=1,"僅依賴1台設備，須確認故障/排修時之備援製程","無異常"))))) -> 僅依賴1台設備，須確認故障/排修時之備援製程 | X78: 大溪_2026.04.01香檸奶油魚排蔬滿盒_2026.07校正 | Z78: =IF($D78="",0,IF(COUNTIF($D$5:$D78,$D78)=1,1,0)) -> 0 | AA78: =IF(Z78=1,SUM($Z$5:$Z78),"")
A79: 下架 | B79: 大溪 | C79: 便當 | D79: 香檸奶油魚排蔬滿盒 | E79: 整顆切片水煮蛋 | F79: 4 | G79: 個 | H79: 100 | M79: V | U79: =IF($E79="","",COUNTIF($I79:$S79,"V")) -> 1 | V79: =IF($E79="","",IF(AND($T79="V",$U79>0),"⚠ 勾選矛盾",IF($T79="V","○ 免調理",IF($U79=0,"⚠ 資料缺漏",IF($U79=1,"▲ 單一設備依賴","OK"))))) -> ▲ 單一設備依賴 | W79: =IF($E79="","",IF(AND($T79="V",$U79>0),"「無使用調理設備」不可與設備欄同時勾選，請擇一修正",IF($T79="V","免調理半成品（外購/僅切配等），不列入設備風險評估",IF($U79=0,"未勾選任何設備，請補填或勾選「無使用調理設備」",IF($U79=1,"僅依賴1台設備，須確認故障/排修時之備援製程","無異常"))))) -> 僅依賴1台設備，須確認故障/排修時之備援製程 | X79: 大溪_2026.04.01香檸奶油魚排蔬滿盒_2026.07校正 | Z79: =IF($D79="",0,IF(COUNTIF($D$5:$D79,$D79)=1,1,0)) -> 0 | AA79: =IF(Z79=1,SUM($Z$5:$Z79),"")
A80: 下架 | B80: 大溪 | C80: 便當 | D80: 香檸奶油魚排蔬滿盒 | E80: (V)川燙小青花菜 | F80: 32 | G80: 公克 | H80: 63 | O80: V | U80: =IF($E80="","",COUNTIF($I80:$S80,"V")) -> 1 | V80: =IF($E80="","",IF(AND($T80="V",$U80>0),"⚠ 勾選矛盾",IF($T80="V","○ 免調理",IF($U80=0,"⚠ 資料缺漏",IF($U80=1,"▲ 單一設備依賴","OK"))))) -> ▲ 單一設備依賴 | W80: =IF($E80="","",IF(AND($T80="V",$U80>0),"「無使用調理設備」不可與設備欄同時勾選，請擇一修正",IF($T80="V","免調理半成品（外購/僅切配等），不列入設備風險評估",IF($U80=0,"未勾選任何設備，請補填或勾選「無使用調理設備」",IF($U80=1,"僅依賴1台設備，須確認故障/排修時之備援製程","無異常"))))) -> 僅依賴1台設備，須確認故障/排修時之備援製程 | X80: 大溪_2026.04.01香檸奶油魚排蔬滿盒_2026.07校正 | Z80: =IF($D80="",0,IF(COUNTIF($D$5:$D80,$D80)=1,1,0)) -> 0 | AA80: =IF(Z80=1,SUM($Z$5:$Z80),"")
A81: 下架 | B81: 大溪 | C81: 便當 | D81: 香檸奶油魚排蔬滿盒 | E81: 烤12切家常豆腐 | F81: 4 | G81: 個 | H81: 1200 | K81: V | U81: =IF($E81="","",COUNTIF($I81:$S81,"V")) -> 1 | V81: =IF($E81="","",IF(AND($T81="V",$U81>0),"⚠ 勾選矛盾",IF($T81="V","○ 免調理",IF($U81=0,"⚠ 資料缺漏",IF($U81=1,"▲ 單一設備依賴","OK"))))) -> ▲ 單一設備依賴 | W81: =IF($E81="","",IF(AND($T81="V",$U81>0),"「無使用調理設備」不可與設備欄同時勾選，請擇一修正",IF($T81="V","免調理半成品（外購/僅切配等），不列入設備風險評估",IF($U81=0,"未勾選任何設備，請補填或勾選「無使用調理設備」",IF($U81=1,"僅依賴1台設備，須確認故障/排修時之備援製程","無異常"))))) -> 僅依賴1台設備，須確認故障/排修時之備援製程 | X81: 大溪_2026.04.01香檸奶油魚排蔬滿盒_2026.07校正 | Z81: =IF($D81="",0,IF(COUNTIF($D$5:$D81,$D81)=1,1,0)) -> 0 | AA81: =IF(Z81=1,SUM($Z$5:$Z81),"")
A82: 下架 | B82: 大溪 | C82: 便當 | D82: 香檸奶油魚排蔬滿盒 | E82: 烤巴沙魚排 | F82: 1 | G82: 個 | H82: 100 | K82: V | U82: =IF($E82="","",COUNTIF($I82:$S82,"V")) -> 1 | V82: =IF($E82="","",IF(AND($T82="V",$U82>0),"⚠ 勾選矛盾",IF($T82="V","○ 免調理",IF($U82=0,"⚠ 資料缺漏",IF($U82=1,"▲ 單一設備依賴","OK"))))) -> ▲ 單一設備依賴 | W82: =IF($E82="","",IF(AND($T82="V",$U82>0),"「無使用調理設備」不可與設備欄同時勾選，請擇一修正",IF($T82="V","免調理半成品（外購/僅切配等），不列入設備風險評估",IF($U82=0,"未勾選任何設備，請補填或勾選「無使用調理設備」",IF($U82=1,"僅依賴1台設備，須確認故障/排修時之備援製程","無異常"))))) -> 僅依賴1台設備，須確認故障/排修時之備援製程 | X82: 大溪_2026.04.01香檸奶油魚排蔬滿盒_2026.07校正 | Z82: =IF($D82="",0,IF(COUNTIF($D$5:$D82,$D82)=1,1,0)) -> 0 | AA82: =IF(Z82=1,SUM($Z$5:$Z82),"")
A83: 下架 | B83: 大溪 | C83: 便當 | D83: 香檸奶油魚排蔬滿盒 | E83: 蒜香奶油檸檬醬 | F83: 8 | G83: 公克 | H83: 46 | O83: V | U83: =IF($E83="","",COUNTIF($I83:$S83,"V")) -> 1 | V83: =IF($E83="","",IF(AND($T83="V",$U83>0),"⚠ 勾選矛盾",IF($T83="V","○ 免調理",IF($U83=0,"⚠ 資料缺漏",IF($U83=1,"▲ 單一設備依賴","OK"))))) -> ▲ 單一設備依賴 | W83: =IF($E83="","",IF(AND($T83="V",$U83>0),"「無使用調理設備」不可與設備欄同時勾選，請擇一修正",IF($T83="V","免調理半成品（外購/僅切配等），不列入設備風險評估",IF($U83=0,"未勾選任何設備，請補填或勾選「無使用調理設備」",IF($U83=1,"僅依賴1台設備，須確認故障/排修時之備援製程","無異常"))))) -> 僅依賴1台設備，須確認故障/排修時之備援製程 | X83: 大溪_2026.04.01香檸奶油魚排蔬滿盒_2026.07校正 | Z83: =IF($D83="",0,IF(COUNTIF($D$5:$D83,$D83)=1,1,0)) -> 0 | AA83: =IF(Z83=1,SUM($Z$5:$Z83),"")
A84: 架上 | B84: 大溪 | C84: 便當 | D84: 香腸腿排雙拼便當 | E84: 冷藏便當飯(109年) | F84: 224 | G84: 公克 | H84: 94 | I84: V | U84: =IF($E84="","",COUNTIF($I84:$S84,"V")) -> 1 | V84: =IF($E84="","",IF(AND($T84="V",$U84>0),"⚠ 勾選矛盾",IF($T84="V","○ 免調理",IF($U84=0,"⚠ 資料缺漏",IF($U84=1,"▲ 單一設備依賴","OK"))))) -> ▲ 單一設備依賴 | W84: =IF($E84="","",IF(AND($T84="V",$U84>0),"「無使用調理設備」不可與設備欄同時勾選，請擇一修正",IF($T84="V","免調理半成品（外購/僅切配等），不列入設備風險評估",IF($U84=0,"未勾選任何設備，請補填或勾選「無使用調理設備」",IF($U84=1,"僅依賴1台設備，須確認故障/排修時之備援製程","無異常"))))) -> 僅依賴1台設備，須確認故障/排修時之備援製程 | X84: 大溪_2025.10.29_香腸腿排雙拼便當_2026.07校正 | Z84: =IF($D84="",0,IF(COUNTIF($D$5:$D84,$D84)=1,1,0)) -> 1 | AA84: =IF(Z84=1,SUM($Z$5:$Z84),"") -> 11
A85: 架上 | B85: 大溪 | C85: 便當 | D85: 香腸腿排雙拼便當 | E85: 辣滷冬粉 | F85: 30 | G85: 公克 | H85: 50 | O85: V | U85: =IF($E85="","",COUNTIF($I85:$S85,"V")) -> 1 | V85: =IF($E85="","",IF(AND($T85="V",$U85>0),"⚠ 勾選矛盾",IF($T85="V","○ 免調理",IF($U85=0,"⚠ 資料缺漏",IF($U85=1,"▲ 單一設備依賴","OK"))))) -> ▲ 單一設備依賴 | W85: =IF($E85="","",IF(AND($T85="V",$U85>0),"「無使用調理設備」不可與設備欄同時勾選，請擇一修正",IF($T85="V","免調理半成品（外購/僅切配等），不列入設備風險評估",IF($U85=0,"未勾選任何設備，請補填或勾選「無使用調理設備」",IF($U85=1,"僅依賴1台設備，須確認故障/排修時之備援製程","無異常"))))) -> 僅依賴1台設備，須確認故障/排修時之備援製程 | X85: 大溪_2025.10.29_香腸腿排雙拼便當_2026.07校正 | Z85: =IF($D85="",0,IF(COUNTIF($D$5:$D85,$D85)=1,1,0)) -> 0 | AA85: =IF(Z85=1,SUM($Z$5:$Z85),"")
A86: 架上 | B86: 大溪 | C86: 便當 | D86: 香腸腿排雙拼便當 | E86: 炒蔥花碎蛋 | F86: 23 | G86: 公克 | H86: 49 | O86: V | U86: =IF($E86="","",COUNTIF($I86:$S86,"V")) -> 1 | V86: =IF($E86="","",IF(AND($T86="V",$U86>0),"⚠ 勾選矛盾",IF($T86="V","○ 免調理",IF($U86=0,"⚠ 資料缺漏",IF($U86=1,"▲ 單一設備依賴","OK"))))) -> ▲ 單一設備依賴 | W86: =IF($E86="","",IF(AND($T86="V",$U86>0),"「無使用調理設備」不可與設備欄同時勾選，請擇一修正",IF($T86="V","免調理半成品（外購/僅切配等），不列入設備風險評估",IF($U86=0,"未勾選任何設備，請補填或勾選「無使用調理設備」",IF($U86=1,"僅依賴1台設備，須確認故障/排修時之備援製程","無異常"))))) -> 僅依賴1台設備，須確認故障/排修時之備援製程 | X86: 大溪_2025.10.29_香腸腿排雙拼便當_2026.07校正 | Z86: =IF($D86="",0,IF(COUNTIF($D$5:$D86,$D86)=1,1,0)) -> 0 | AA86: =IF(Z86=1,SUM($Z$5:$Z86),"")
A87: 架上 | B87: 大溪 | C87: 便當 | D87: 香腸腿排雙拼便當 | E87: 蒜炒紅k高麗菜(111年) | F87: 23 | G87: 公克 | H87: 51 | O87: V | U87: =IF($E87="","",COUNTIF($I87:$S87,"V")) -> 1 | V87: =IF($E87="","",IF(AND($T87="V",$U87>0),"⚠ 勾選矛盾",IF($T87="V","○ 免調理",IF($U87=0,"⚠ 資料缺漏",IF($U87=1,"▲ 單一設備依賴","OK"))))) -> ▲ 單一設備依賴 | W87: =IF($E87="","",IF(AND($T87="V",$U87>0),"「無使用調理設備」不可與設備欄同時勾選，請擇一修正",IF($T87="V","免調理半成品（外購/僅切配等），不列入設備風險評估",IF($U87=0,"未勾選任何設備，請補填或勾選「無使用調理設備」",IF($U87=1,"僅依賴1台設備，須確認故障/排修時之備援製程","無異常"))))) -> 僅依賴1台設備，須確認故障/排修時之備援製程 | X87: 大溪_2025.10.29_香腸腿排雙拼便當_2026.07校正 | Z87: =IF($D87="",0,IF(COUNTIF($D$5:$D87,$D87)=1,1,0)) -> 0 | AA87: =IF(Z87=1,SUM($Z$5:$Z87),"")
A88: 架上 | B88: 大溪 | C88: 便當 | D88: 香腸腿排雙拼便當 | E88: 7切-烤蜜汁腿排 | F88: 4 | G88: 個 | H88: 700 | K88: V | U88: =IF($E88="","",COUNTIF($I88:$S88,"V")) -> 1 | V88: =IF($E88="","",IF(AND($T88="V",$U88>0),"⚠ 勾選矛盾",IF($T88="V","○ 免調理",IF($U88=0,"⚠ 資料缺漏",IF($U88=1,"▲ 單一設備依賴","OK"))))) -> ▲ 單一設備依賴 | W88: =IF($E88="","",IF(AND($T88="V",$U88>0),"「無使用調理設備」不可與設備欄同時勾選，請擇一修正",IF($T88="V","免調理半成品（外購/僅切配等），不列入設備風險評估",IF($U88=0,"未勾選任何設備，請補填或勾選「無使用調理設備」",IF($U88=1,"僅依賴1台設備，須確認故障/排修時之備援製程","無異常"))))) -> 僅依賴1台設備，須確認故障/排修時之備援製程 | X88: 大溪_2025.10.29_香腸腿排雙拼便當_2026.07校正 | Z88: =IF($D88="",0,IF(COUNTIF($D$5:$D88,$D88)=1,1,0)) -> 0 | AA88: =IF(Z88=1,SUM($Z$5:$Z88),"")
A89: 架上 | B89: 大溪 | C89: 便當 | D89: 香腸腿排雙拼便當 | E89: 對切-烤蒜味香腸(台畜) | F89: 3 | G89: 個 | H89: 200 | K89: V | U89: =IF($E89="","",COUNTIF($I89:$S89,"V")) -> 1 | V89: =IF($E89="","",IF(AND($T89="V",$U89>0),"⚠ 勾選矛盾",IF($T89="V","○ 免調理",IF($U89=0,"⚠ 資料缺漏",IF($U89=1,"▲ 單一設備依賴","OK"))))) -> ▲ 單一設備依賴 | W89: =IF($E89="","",IF(AND($T89="V",$U89>0),"「無使用調理設備」不可與設備欄同時勾選，請擇一修正",IF($T89="V","免調理半成品（外購/僅切配等），不列入設備風險評估",IF($U89=0,"未勾選任何設備，請補填或勾選「無使用調理設備」",IF($U89=1,"僅依賴1台設備，須確認故障/排修時之備援製程","無異常"))))) -> 僅依賴1台設備，須確認故障/排修時之備援製程 | X89: 大溪_2025.10.29_香腸腿排雙拼便當_2026.07校正 | Z89: =IF($D89="",0,IF(COUNTIF($D$5:$D89,$D89)=1,1,0)) -> 0 | AA89: =IF(Z89=1,SUM($Z$5:$Z89),"")
A90: 下架 | B90: 大溪 | C90: 主食 | D90: 哞哞培根奶香海陸焗飯 | E90: 冷藏便當飯(109年) | F90: 220 | G90: 公克 | H90: 94 | I90: V | U90: =IF($E90="","",COUNTIF($I90:$S90,"V")) -> 1 | V90: =IF($E90="","",IF(AND($T90="V",$U90>0),"⚠ 勾選矛盾",IF($T90="V","○ 免調理",IF($U90=0,"⚠ 資料缺漏",IF($U90=1,"▲ 單一設備依賴","OK"))))) -> ▲ 單一設備依賴 | W90: =IF($E90="","",IF(AND($T90="V",$U90>0),"「無使用調理設備」不可與設備欄同時勾選，請擇一修正",IF($T90="V","免調理半成品（外購/僅切配等），不列入設備風險評估",IF($U90=0,"未勾選任何設備，請補填或勾選「無使用調理設備」",IF($U90=1,"僅依賴1台設備，須確認故障/排修時之備援製程","無異常"))))) -> 僅依賴1台設備，須確認故障/排修時之備援製程 | X90: 大溪_2025.05.27_二配哞哞培根奶香海陸焗飯_2026.07校正 | Z90: =IF($D90="",0,IF(COUNTIF($D$5:$D90,$D90)=1,1,0)) -> 1 | AA90: =IF(Z90=1,SUM($Z$5:$Z90),"") -> 12
A91: 下架 | B91: 大溪 | C91: 主食 | D91: 哞哞培根奶香海陸焗飯 | E91: 焗飯-奶香白醬(114年) | F91: 140 | G91: 公克 | H91: 52 | O91: V | U91: =IF($E91="","",COUNTIF($I91:$S91,"V")) -> 1 | V91: =IF($E91="","",IF(AND($T91="V",$U91>0),"⚠ 勾選矛盾",IF($T91="V","○ 免調理",IF($U91=0,"⚠ 資料缺漏",IF($U91=1,"▲ 單一設備依賴","OK"))))) -> ▲ 單一設備依賴 | W91: =IF($E91="","",IF(AND($T91="V",$U91>0),"「無使用調理設備」不可與設備欄同時勾選，請擇一修正",IF($T91="V","免調理半成品（外購/僅切配等），不列入設備風險評估",IF($U91=0,"未勾選任何設備，請補填或勾選「無使用調理設備」",IF($U91=1,"僅依賴1台設備，須確認故障/排修時之備援製程","無異常"))))) -> 僅依賴1台設備，須確認故障/排修時之備援製程 | X91: 大溪_2025.05.27_二配哞哞培根奶香海陸焗飯_2026.07校正 | Z91: =IF($D91="",0,IF(COUNTIF($D$5:$D91,$D91)=1,1,0)) -> 0 | AA91: =IF(Z91=1,SUM($Z$5:$Z91),"")
A92: 下架 | B92: 大溪 | C92: 主食 | D92: 哞哞培根奶香海陸焗飯 | E92: 12切-德式香腸 | F92: 3 | G92: 個 | H92: 1200 | T92: V | U92: =IF($E92="","",COUNTIF($I92:$S92,"V")) -> 0 | V92: =IF($E92="","",IF(AND($T92="V",$U92>0),"⚠ 勾選矛盾",IF($T92="V","○ 免調理",IF($U92=0,"⚠ 資料缺漏",IF($U92=1,"▲ 單一設備依賴","OK"))))) -> ○ 免調理 | W92: =IF($E92="","",IF(AND($T92="V",$U92>0),"「無使用調理設備」不可與設備欄同時勾選，請擇一修正",IF($T92="V","免調理半成品（外購/僅切配等），不列入設備風險評估",IF($U92=0,"未勾選任何設備，請補填或勾選「無使用調理設備」",IF($U92=1,"僅依賴1台設備，須確認故障/排修時之備援製程","無異常"))))) -> 免調理半成品（外購/僅切配等），不列入設備風險評估 | X92: 大溪_2025.05.27_二配哞哞培根奶香海陸焗飯_2026.07校正 | Z92: =IF($D92="",0,IF(COUNTIF($D$5:$D92,$D92)=1,1,0)) -> 0 | AA92: =IF(Z92=1,SUM($Z$5:$Z92),"")
A93: 下架 | B93: 大溪 | C93: 主食 | D93: 哞哞培根奶香海陸焗飯 | E93: (V)川燙小青花菜 | F93: 8 | G93: 公克 | H93: 66 | O93: V | U93: =IF($E93="","",COUNTIF($I93:$S93,"V")) -> 1 | V93: =IF($E93="","",IF(AND($T93="V",$U93>0),"⚠ 勾選矛盾",IF($T93="V","○ 免調理",IF($U93=0,"⚠ 資料缺漏",IF($U93=1,"▲ 單一設備依賴","OK"))))) -> ▲ 單一設備依賴 | W93: =IF($E93="","",IF(AND($T93="V",$U93>0),"「無使用調理設備」不可與設備欄同時勾選，請擇一修正",IF($T93="V","免調理半成品（外購/僅切配等），不列入設備風險評估",IF($U93=0,"未勾選任何設備，請補填或勾選「無使用調理設備」",IF($U93=1,"僅依賴1台設備，須確認故障/排修時之備援製程","無異常"))))) -> 僅依賴1台設備，須確認故障/排修時之備援製程 | X93: 大溪_2025.05.27_二配哞哞培根奶香海陸焗飯_2026.07校正 | Z93: =IF($D93="",0,IF(COUNTIF($D$5:$D93,$D93)=1,1,0)) -> 0 | AA93: =IF(Z93=1,SUM($Z$5:$Z93),"")
A94: 下架 | B94: 大溪 | C94: 主食 | D94: 哞哞培根奶香海陸焗飯 | E94: 炒培根片(114年) | F94: 9 | G94: 公克 | H94: 54 | O94: V | U94: =IF($E94="","",COUNTIF($I94:$S94,"V")) -> 1 | V94: =IF($E94="","",IF(AND($T94="V",$U94>0),"⚠ 勾選矛盾",IF($T94="V","○ 免調理",IF($U94=0,"⚠ 資料缺漏",IF($U94=1,"▲ 單一設備依賴","OK"))))) -> ▲ 單一設備依賴 | W94: =IF($E94="","",IF(AND($T94="V",$U94>0),"「無使用調理設備」不可與設備欄同時勾選，請擇一修正",IF($T94="V","免調理半成品（外購/僅切配等），不列入設備風險評估",IF($U94=0,"未勾選任何設備，請補填或勾選「無使用調理設備」",IF($U94=1,"僅依賴1台設備，須確認故障/排修時之備援製程","無異常"))))) -> 僅依賴1台設備，須確認故障/排修時之備援製程 | X94: 大溪_2025.05.27_二配哞哞培根奶香海陸焗飯_2026.07校正 | Z94: =IF($D94="",0,IF(COUNTIF($D$5:$D94,$D94)=1,1,0)) -> 0 | AA94: =IF(Z94=1,SUM($Z$5:$Z94),"")
A95: 下架 | B95: 大溪 | C95: 主食 | D95: 哞哞培根奶香海陸焗飯 | E95: 蒸蛤蜊-肉(VN151) | F95: 11 | G95: 公克 | H95: 41 | M95: V | U95: =IF($E95="","",COUNTIF($I95:$S95,"V")) -> 1 | V95: =IF($E95="","",IF(AND($T95="V",$U95>0),"⚠ 勾選矛盾",IF($T95="V","○ 免調理",IF($U95=0,"⚠ 資料缺漏",IF($U95=1,"▲ 單一設備依賴","OK"))))) -> ▲ 單一設備依賴 | W95: =IF($E95="","",IF(AND($T95="V",$U95>0),"「無使用調理設備」不可與設備欄同時勾選，請擇一修正",IF($T95="V","免調理半成品（外購/僅切配等），不列入設備風險評估",IF($U95=0,"未勾選任何設備，請補填或勾選「無使用調理設備」",IF($U95=1,"僅依賴1台設備，須確認故障/排修時之備援製程","無異常"))))) -> 僅依賴1台設備，須確認故障/排修時之備援製程 | X95: 大溪_2025.05.27_二配哞哞培根奶香海陸焗飯_2026.07校正 | Z95: =IF($D95="",0,IF(COUNTIF($D$5:$D95,$D95)=1,1,0)) -> 0 | AA95: =IF(Z95=1,SUM($Z$5:$Z95),"")
A96: 下架 | B96: 大溪 | C96: 主食 | D96: 哞哞培根奶香海陸焗飯 | E96: 新精選雙色起司絲 | F96: 19 | G96: 公克 | H96: 97 | T96: V | U96: =IF($E96="","",COUNTIF($I96:$S96,"V")) -> 0 | V96: =IF($E96="","",IF(AND($T96="V",$U96>0),"⚠ 勾選矛盾",IF($T96="V","○ 免調理",IF($U96=0,"⚠ 資料缺漏",IF($U96=1,"▲ 單一設備依賴","OK"))))) -> ○ 免調理 | W96: =IF($E96="","",IF(AND($T96="V",$U96>0),"「無使用調理設備」不可與設備欄同時勾選，請擇一修正",IF($T96="V","免調理半成品（外購/僅切配等），不列入設備風險評估",IF($U96=0,"未勾選任何設備，請補填或勾選「無使用調理設備」",IF($U96=1,"僅依賴1台設備，須確認故障/排修時之備援製程","無異常"))))) -> 免調理半成品（外購/僅切配等），不列入設備風險評估 | X96: 大溪_2025.05.27_二配哞哞培根奶香海陸焗飯_2026.07校正 | Z96: =IF($D96="",0,IF(COUNTIF($D$5:$D96,$D96)=1,1,0)) -> 0 | AA96: =IF(Z96=1,SUM($Z$5:$Z96),"")
A97: 下架 | B97: 大溪 | C97: 主食 | D97: 哞哞培根奶香海陸焗飯 | E97: 殺菌洋香菜葉KU(250公克) | F97: 0.1 | G97: 公克 | H97: 97 | T97: V | U97: =IF($E97="","",COUNTIF($I97:$S97,"V")) -> 0 | V97: =IF($E97="","",IF(AND($T97="V",$U97>0),"⚠ 勾選矛盾",IF($T97="V","○ 免調理",IF($U97=0,"⚠ 資料缺漏",IF($U97=1,"▲ 單一設備依賴","OK"))))) -> ○ 免調理 | W97: =IF($E97="","",IF(AND($T97="V",$U97>0),"「無使用調理設備」不可與設備欄同時勾選，請擇一修正",IF($T97="V","免調理半成品（外購/僅切配等），不列入設備風險評估",IF($U97=0,"未勾選任何設備，請補填或勾選「無使用調理設備」",IF($U97=1,"僅依賴1台設備，須確認故障/排修時之備援製程","無異常"))))) -> 免調理半成品（外購/僅切配等），不列入設備風險評估 | X97: 大溪_2025.05.27_二配哞哞培根奶香海陸焗飯_2026.07校正 | Z97: =IF($D97="",0,IF(COUNTIF($D$5:$D97,$D97)=1,1,0)) -> 0 | AA97: =IF(Z97=1,SUM($Z$5:$Z97),"")
A98: 架上 | B98: 大溪 | C98: 主食 | D98: 濃起司燻腸紅醬焗烤飯 | E98: 冷藏便當飯(109年) | F98: 200 | G98: 公克 | H98: 94 | I98: V | U98: =IF($E98="","",COUNTIF($I98:$S98,"V")) -> 1 | V98: =IF($E98="","",IF(AND($T98="V",$U98>0),"⚠ 勾選矛盾",IF($T98="V","○ 免調理",IF($U98=0,"⚠ 資料缺漏",IF($U98=1,"▲ 單一設備依賴","OK"))))) -> ▲ 單一設備依賴 | W98: =IF($E98="","",IF(AND($T98="V",$U98>0),"「無使用調理設備」不可與設備欄同時勾選，請擇一修正",IF($T98="V","免調理半成品（外購/僅切配等），不列入設備風險評估",IF($U98=0,"未勾選任何設備，請補填或勾選「無使用調理設備」",IF($U98=1,"僅依賴1台設備，須確認故障/排修時之備援製程","無異常"))))) -> 僅依賴1台設備，須確認故障/排修時之備援製程 | X98: 大溪_2026.03.03.二配濃起司燻腸紅醬焗烤飯_2026.07校正 | Z98: =IF($D98="",0,IF(COUNTIF($D$5:$D98,$D98)=1,1,0)) -> 1 | AA98: =IF(Z98=1,SUM($Z$5:$Z98),"") -> 13
A99: 架上 | B99: 大溪 | C99: 主食 | D99: 濃起司燻腸紅醬焗烤飯 | E99: 焗飯-義式蕃茄紅醬 | F99: 125 | G99: 公克 | H99: 61.5 | O99: V | U99: =IF($E99="","",COUNTIF($I99:$S99,"V")) -> 1 | V99: =IF($E99="","",IF(AND($T99="V",$U99>0),"⚠ 勾選矛盾",IF($T99="V","○ 免調理",IF($U99=0,"⚠ 資料缺漏",IF($U99=1,"▲ 單一設備依賴","OK"))))) -> ▲ 單一設備依賴 | W99: =IF($E99="","",IF(AND($T99="V",$U99>0),"「無使用調理設備」不可與設備欄同時勾選，請擇一修正",IF($T99="V","免調理半成品（外購/僅切配等），不列入設備風險評估",IF($U99=0,"未勾選任何設備，請補填或勾選「無使用調理設備」",IF($U99=1,"僅依賴1台設備，須確認故障/排修時之備援製程","無異常"))))) -> 僅依賴1台設備，須確認故障/排修時之備援製程 | X99: 大溪_2026.03.03.二配濃起司燻腸紅醬焗烤飯_2026.07校正 | Z99: =IF($D99="",0,IF(COUNTIF($D$5:$D99,$D99)=1,1,0)) -> 0 | AA99: =IF(Z99=1,SUM($Z$5:$Z99),"")
A100: 架上 | B100: 大溪 | C100: 主食 | D100: 濃起司燻腸紅醬焗烤飯 | E100: 4切-焗烤起司片(大) | F100: 1 | G100: 個 | H100: 400 | K100: V | O100: V | U100: =IF($E100="","",COUNTIF($I100:$S100,"V")) -> 2 | V100: =IF($E100="","",IF(AND($T100="V",$U100>0),"⚠ 勾選矛盾",IF($T100="V","○ 免調理",IF($U100=0,"⚠ 資料缺漏",IF($U100=1,"▲ 單一設備依賴","OK"))))) -> OK | W100: =IF($E100="","",IF(AND($T100="V",$U100>0),"「無使用調理設備」不可與設備欄同時勾選，請擇一修正",IF($T100="V","免調理半成品（外購/僅切配等），不列入設備風險評估",IF($U100=0,"未勾選任何設備，請補填或勾選「無使用調理設備」",IF($U100=1,"僅依賴1台設備，須確認故障/排修時之備援製程","無異常"))))) -> 無異常 | X100: 大溪_2026.03.03.二配濃起司燻腸紅醬焗烤飯_2026.07校正 | Z100: =IF($D100="",0,IF(COUNTIF($D$5:$D100,$D100)=1,1,0)) -> 0 | AA100: =IF(Z100=1,SUM($Z$5:$Z100),"")
...

Sheet 4℃麵
B1: 商品半成品與調理設備應用展開一覽表｜4℃麵
B2: 商品資訊 | I2: 熱調理區（使用者填「V」；免調理者勾最右欄） | U2: 自動計算與風險檢核（勿手動修改） | X2: 建檔資訊（手填）
A3: 狀態 | B3: 工廠 | C3: 商品分類 (細分品類) | D3: 商品名稱 | E3: 半成品名稱 | F3: 單位用量 | H3: 製程率 (填數字) | I3: 炊飯 | J3: 煮麵 | K3: 烤箱 | L3: 炙燒 | M3: 蒸箱 | N3: 油炸機 | O3: 二重釜 | P3: 平釜 (日) | Q3: 平釜 (台) | R3: 蛋皮機 | S3: 壓力鍋 | T3: 無使用 調理設備 | U3: 使用 設備數 | V3: 檢核結果 | W3: 風險說明 | X3: 備註 (指示書編號/版本) | Y3: 建檔人員 | Z3: 系統用Y | AA3: 系統用Z
F4: 數值 | G4: 單位
A5: 架上 | B5: 大溪 | C5: 季節調理麵 | D5: 和風涓絲冷麵 | E5: 2021傳統芥茉醬 | F5: 1 | G5: 個 | H5: 99 | T5: V | U5: =IF($E5="","",COUNTIF($I5:$S5,"V")) -> 0 | V5: =IF($E5="","",IF(AND($T5="V",$U5>0),"⚠ 勾選矛盾",IF($T5="V","○ 免調理",IF($U5=0,"⚠ 資料缺漏",IF($U5=1,"▲ 單一設備依賴","OK"))))) -> ○ 免調理 | W5: =IF($E5="","",IF(AND($T5="V",$U5>0),"「無使用調理設備」不可與設備欄同時勾選，請擇一修正",IF($T5="V","免調理半成品（外購/僅切配等），不列入設備風險評估",IF($U5=0,"未勾選任何設備，請補填或勾選「無使用調理設備」",IF($U5=1,"僅依賴1台設備，須確認故障/排修時之備援製程","無異常"))))) -> 免調理半成品（外購/僅切配等），不列入設備風險評估 | X5: 大溪_2026.04.15_和風涓絲冷麵_2026.07校正 | Z5: =IF($D5="",0,IF(COUNTIF($D$5:$D5,$D5)=1,1,0)) -> 1 | AA5: =IF(Z5=1,SUM($Z$5:$Z5),"") -> 1
A6: 架上 | B6: 大溪 | C6: 季節調理麵 | D6: 和風涓絲冷麵 | E6: 鰹魚昆布醬油包 | F6: 1 | G6: 個 | H6: 99 | T6: V | U6: =IF($E6="","",COUNTIF($I6:$S6,"V")) -> 0 | V6: =IF($E6="","",IF(AND($T6="V",$U6>0),"⚠ 勾選矛盾",IF($T6="V","○ 免調理",IF($U6=0,"⚠ 資料缺漏",IF($U6=1,"▲ 單一設備依賴","OK"))))) -> ○ 免調理 | W6: =IF($E6="","",IF(AND($T6="V",$U6>0),"「無使用調理設備」不可與設備欄同時勾選，請擇一修正",IF($T6="V","免調理半成品（外購/僅切配等），不列入設備風險評估",IF($U6=0,"未勾選任何設備，請補填或勾選「無使用調理設備」",IF($U6=1,"僅依賴1台設備，須確認故障/排修時之備援製程","無異常"))))) -> 免調理半成品（外購/僅切配等），不列入設備風險評估 | X6: 大溪_2026.04.15_和風涓絲冷麵_2026.07校正 | Z6: =IF($D6="",0,IF(COUNTIF($D$5:$D6,$D6)=1,1,0)) -> 0 | AA6: =IF(Z6=1,SUM($Z$5:$Z6),"")
A7: 架上 | B7: 大溪 | C7: 季節調理麵 | D7: 和風涓絲冷麵 | E7: 煮白細麵生(方#12)(113年) | F7: 195 | G7: 公克 | H7: 155.8 | J7: V | U7: =IF($E7="","",COUNTIF($I7:$S7,"V")) -> 1 | V7: =IF($E7="","",IF(AND($T7="V",$U7>0),"⚠ 勾選矛盾",IF($T7="V","○ 免調理",IF($U7=0,"⚠ 資料缺漏",IF($U7=1,"▲ 單一設備依賴","OK"))))) -> ▲ 單一設備依賴 | W7: =IF($E7="","",IF(AND($T7="V",$U7>0),"「無使用調理設備」不可與設備欄同時勾選，請擇一修正",IF($T7="V","免調理半成品（外購/僅切配等），不列入設備風險評估",IF($U7=0,"未勾選任何設備，請補填或勾選「無使用調理設備」",IF($U7=1,"僅依賴1台設備，須確認故障/排修時之備援製程","無異常"))))) -> 僅依賴1台設備，須確認故障/排修時之備援製程 | X7: 大溪_2026.04.15_和風涓絲冷麵_2026.07校正 | Z7: =IF($D7="",0,IF(COUNTIF($D$5:$D7,$D7)=1,1,0)) -> 0 | AA7: =IF(Z7=1,SUM($Z$5:$Z7),"")
A8: 架上 | B8: 大溪 | C8: 季節調理麵 | D8: 和風涓絲冷麵 | E8: 清洗蔥花 | F8: 8 | G8: 公克 | H8: 70 | T8: V | U8: =IF($E8="","",COUNTIF($I8:$S8,"V")) -> 0 | V8: =IF($E8="","",IF(AND($T8="V",$U8>0),"⚠ 勾選矛盾",IF($T8="V","○ 免調理",IF($U8=0,"⚠ 資料缺漏",IF($U8=1,"▲ 單一設備依賴","OK"))))) -> ○ 免調理 | W8: =IF($E8="","",IF(AND($T8="V",$U8>0),"「無使用調理設備」不可與設備欄同時勾選，請擇一修正",IF($T8="V","免調理半成品（外購/僅切配等），不列入設備風險評估",IF($U8=0,"未勾選任何設備，請補填或勾選「無使用調理設備」",IF($U8=1,"僅依賴1台設備，須確認故障/排修時之備援製程","無異常"))))) -> 免調理半成品（外購/僅切配等），不列入設備風險評估 | X8: 大溪_2026.04.15_和風涓絲冷麵_2026.07校正 | Z8: =IF($D8="",0,IF(COUNTIF($D$5:$D8,$D8)=1,1,0)) -> 0 | AA8: =IF(Z8=1,SUM($Z$5:$Z8),"")
A9: 下架 | B9: 大溪 | C9: 季節調理麵 | D9: 嘉義崇文白醋涼麵 | E9: F-生蒜包 | F9: 3 | G9: 公克 | H9: 97 | T9: V | U9: =IF($E9="","",COUNTIF($I9:$S9,"V")) -> 0 | V9: =IF($E9="","",IF(AND($T9="V",$U9>0),"⚠ 勾選矛盾",IF($T9="V","○ 免調理",IF($U9=0,"⚠ 資料缺漏",IF($U9=1,"▲ 單一設備依賴","OK"))))) -> ○ 免調理 | W9: =IF($E9="","",IF(AND($T9="V",$U9>0),"「無使用調理設備」不可與設備欄同時勾選，請擇一修正",IF($T9="V","免調理半成品（外購/僅切配等），不列入設備風險評估",IF($U9=0,"未勾選任何設備，請補填或勾選「無使用調理設備」",IF($U9=1,"僅依賴1台設備，須確認故障/排修時之備援製程","無異常"))))) -> 免調理半成品（外購/僅切配等），不列入設備風險評估 | X9: 大溪_2026.05.27_嘉義崇文白醋涼麵_2026.07校正 | Z9: =IF($D9="",0,IF(COUNTIF($D$5:$D9,$D9)=1,1,0)) -> 1 | AA9: =IF(Z9=1,SUM($Z$5:$Z9),"") -> 2
