Workbook

Sheet 總覽
B1: 商品半成品與調理設備應用盤點｜總覽目錄
B3: 盤點基本資訊（黃底請填寫） | E3: 本廠總體統計（自動計算）
B4: 盤點工廠 | C4: 新豐 | E4: 生產總品項數 | F4: =SUM(MAX('18℃'!$Z$5:$Z$304),MAX('4℃飯'!$AA$5:$AA$302),MAX('4℃麵'!$AA$5:$AA$305),MAX('4℃其他'!$AA$5:$AA$302),MAX(冷凍品!$Z$5:$Z$304)) -> 79
B5: 盤點日期 | C5: 46220 | E5: 半成品總筆數 | F5: =COUNTA('18℃'!$D$5:$D$304)+COUNTA('4℃飯'!$E$5:$E$302)+COUNTA('4℃麵'!$E$5:$E$305)+COUNTA('4℃其他'!$E$5:$E$302)+COUNTA(冷凍品!$D$5:$D$304) -> 422
B6: 盤點負責人 | C6: 王安淇 | E6: 資料缺漏/矛盾筆數 | F6: =COUNTIF('18℃'!$U$5:$U$304,"⚠*")+COUNTIF('4℃飯'!$V$5:$V$302,"⚠*")+COUNTIF('4℃麵'!$V$5:$V$305,"⚠*")+COUNTIF('4℃其他'!$V$5:$V$302,"⚠*")+COUNTIF(冷凍品!$U$5:$U$304,"⚠*") -> 0
E7: 單一設備依賴筆數 | F7: =COUNTIF('18℃'!$U$5:$U$304,"▲ 單一設備依賴")+COUNTIF('4℃飯'!$V$5:$V$302,"▲ 單一設備依賴")+COUNTIF('4℃麵'!$V$5:$V$305,"▲ 單一設備依賴")+COUNTIF('4℃其他'!$V$5:$V$302,"▲ 單一設備依賴")+COUNTIF(冷凍品!$U$5:$U$304,"▲ 單一設備依賴") -> 198
E8: 免調理半成品筆數 | F8: =COUNTIF('18℃'!$U$5:$U$304,"○ 免調理")+COUNTIF('4℃飯'!$V$5:$V$302,"○ 免調理")+COUNTIF('4℃麵'!$V$5:$V$305,"○ 免調理")+COUNTIF('4℃其他'!$V$5:$V$302,"○ 免調理")+COUNTIF(冷凍品!$U$5:$U$304,"○ 免調理") -> 209
B10: 商品分類分布
B11: 分類 | C11: 品項數 | D11: 品項佔比 | E11: 半成品筆數 | F11: 半成品佔比
B12: 18℃ | C12: =MAX('18℃'!$Z$5:$Z$304) -> 0 | D12: =IF($F$4=0,0,C12/$F$4) -> 0 | E12: =COUNTA('18℃'!$D$5:$D$304) -> 0 | F12: =IF($F$5=0,0,E12/$F$5) -> 0
B13: 4℃飯 | C13: =MAX('4℃飯'!$AA$5:$AA$302) -> 28 | D13: =IF($F$4=0,0,C13/$F$4) -> 0.35443038 | E13: =COUNTA('4℃飯'!$E$5:$E$302) -> 164 | F13: =IF($F$5=0,0,E13/$F$5) -> 0.38862559
B14: 4℃麵 | C14: =MAX('4℃麵'!$AA$5:$AA$305) -> 4 | D14: =IF($F$4=0,0,C14/$F$4) -> 0.050632911 | E14: =COUNTA('4℃麵'!$E$5:$E$305) -> 23 | F14: =IF($F$5=0,0,E14/$F$5) -> 0.05450237
B15: 4℃其他 | C15: =MAX('4℃其他'!$AA$5:$AA$302) -> 47 | D15: =IF($F$4=0,0,C15/$F$4) -> 0.59493671 | E15: =COUNTA('4℃其他'!$E$5:$E$302) -> 235 | F15: =IF($F$5=0,0,E15/$F$5) -> 0.55687204
B16: 冷凍品 | C16: =MAX(冷凍品!$Z$5:$Z$304) -> 0 | D16: =IF($F$4=0,0,C16/$F$4) -> 0 | E16: =COUNTA(冷凍品!$D$5:$D$304) -> 0 | F16: =IF($F$5=0,0,E16/$F$5) -> 0
B17: 合計 | C17: =SUM(C12:C16) -> 79 | E17: =SUM(E12:E16) -> 422
B19: 商品目錄（自動列出各分頁不重複品項，勿手動修改）
B20: 18℃ | C20: 4℃飯 | D20: 4℃麵 | E20: 4℃其他 | F20: 冷凍品
B21: ="品項數："&MAX('18℃'!$Z$5:$Z$304) -> 品項數：0 | C21: ="品項數："&MAX('4℃飯'!$AA$5:$AA$302) -> 品項數：28 | D21: ="品項數："&MAX('4℃麵'!$AA$5:$AA$305) -> 品項數：4 | E21: ="品項數："&MAX('4℃其他'!$AA$5:$AA$302) -> 品項數：47 | F21: ="品項數："&MAX(冷凍品!$Z$5:$Z$304) -> 品項數：0
B22: =IF(1>MAX('18℃'!$Z$5:$Z$304),"",HYPERLINK("#'18℃'!C"&(MATCH(1,'18℃'!$Z$5:$Z$304,0)+4),INDEX('18℃'!$C$5:$C$304,MATCH(1,'18℃'!$Z$5:$Z$304,0)))) | C22: =IF(1>MAX('4℃飯'!$AA$5:$AA$302),"",HYPERLINK("#'4℃飯'!D"&(MATCH(1,'4℃飯'!$AA$5:$AA$302,0)+4),INDEX('4℃飯'!$D$5:$D$302,MATCH(1,'4℃飯'!$AA$5:$AA$302,0)))) -> 鐵板滑蛋炸豬排丼 | D22: =IF(1>MAX('4℃麵'!$AA$5:$AA$305),"",HYPERLINK("#'4℃麵'!D"&(MATCH(1,'4℃麵'!$AA$5:$AA$305,0)+4),INDEX('4℃麵'!$D$5:$D$305,MATCH(1,'4℃麵'!$AA$5:$AA$305,0)))) -> 台式麻醬涼麵 | E22: =IF(1>MAX('4℃其他'!$AA$5:$AA$302),"",HYPERLINK("#'4℃其他'!D"&(MATCH(1,'4℃其他'!$AA$5:$AA$302,0)+4),INDEX('4℃其他'!$D$5:$D$302,MATCH(1,'4℃其他'!$AA$5:$AA$302,0)))) -> 厚蛋時蔬握沙拉 | F22: =IF(1>MAX(冷凍品!$Z$5:$Z$304),"",HYPERLINK("#'冷凍品'!C"&(MATCH(1,冷凍品!$Z$5:$Z$304,0)+4),INDEX(冷凍品!$C$5:$C$304,MATCH(1,冷凍品!$Z$5:$Z$304,0))))
B23: =IF(2>MAX('18℃'!$Z$5:$Z$304),"",HYPERLINK("#'18℃'!C"&(MATCH(2,'18℃'!$Z$5:$Z$304,0)+4),INDEX('18℃'!$C$5:$C$304,MATCH(2,'18℃'!$Z$5:$Z$304,0)))) | C23: =IF(2>MAX('4℃飯'!$AA$5:$AA$302),"",HYPERLINK("#'4℃飯'!D"&(MATCH(2,'4℃飯'!$AA$5:$AA$302,0)+4),INDEX('4℃飯'!$D$5:$D$302,MATCH(2,'4℃飯'!$AA$5:$AA$302,0)))) -> 炙烤醬香燒豚飯 | D23: =IF(2>MAX('4℃麵'!$AA$5:$AA$305),"",HYPERLINK("#'4℃麵'!D"&(MATCH(2,'4℃麵'!$AA$5:$AA$305,0)+4),INDEX('4℃麵'!$D$5:$D$305,MATCH(2,'4℃麵'!$AA$5:$AA$305,0)))) -> 鰹魚烏龍冷麵 | E23: =IF(2>MAX('4℃其他'!$AA$5:$AA$302),"",HYPERLINK("#'4℃其他'!D"&(MATCH(2,'4℃其他'!$AA$5:$AA$302,0)+4),INDEX('4℃其他'!$D$5:$D$302,MATCH(2,'4℃其他'!$AA$5:$AA$302,0)))) -> 莎莎烤雞麵沙拉 | F23: =IF(2>MAX(冷凍品!$Z$5:$Z$304),"",HYPERLINK("#'冷凍品'!C"&(MATCH(2,冷凍品!$Z$5:$Z$304,0)+4),INDEX(冷凍品!$C$5:$C$304,MATCH(2,冷凍品!$Z$5:$Z$304,0))))
B24: =IF(3>MAX('18℃'!$Z$5:$Z$304),"",HYPERLINK("#'18℃'!C"&(MATCH(3,'18℃'!$Z$5:$Z$304,0)+4),INDEX('18℃'!$C$5:$C$304,MATCH(3,'18℃'!$Z$5:$Z$304,0)))) | C24: =IF(3>MAX('4℃飯'!$AA$5:$AA$302),"",HYPERLINK("#'4℃飯'!D"&(MATCH(3,'4℃飯'!$AA$5:$AA$302,0)+4),INDEX('4℃飯'!$D$5:$D$302,MATCH(3,'4℃飯'!$AA$5:$AA$302,0)))) -> 壹號醬雞豚雙拼 | D24: =IF(3>MAX('4℃麵'!$AA$5:$AA$305),"",HYPERLINK("#'4℃麵'!D"&(MATCH(3,'4℃麵'!$AA$5:$AA$305,0)+4),INDEX('4℃麵'!$D$5:$D$305,MATCH(3,'4℃麵'!$AA$5:$AA$305,0)))) -> 泰式炒河粉 | E24: =IF(3>MAX('4℃其他'!$AA$5:$AA$302),"",HYPERLINK("#'4℃其他'!D"&(MATCH(3,'4℃其他'!$AA$5:$AA$302,0)+4),INDEX('4℃其他'!$D$5:$D$302,MATCH(3,'4℃其他'!$AA$5:$AA$302,0)))) -> 青檸烤雞握沙拉 | F24: =IF(3>MAX(冷凍品!$Z$5:$Z$304),"",HYPERLINK("#'冷凍品'!C"&(MATCH(3,冷凍品!$Z$5:$Z$304,0)+4),INDEX(冷凍品!$C$5:$C$304,MATCH(3,冷凍品!$Z$5:$Z$304,0))))
B25: =IF(4>MAX('18℃'!$Z$5:$Z$304),"",HYPERLINK("#'18℃'!C"&(MATCH(4,'18℃'!$Z$5:$Z$304,0)+4),INDEX('18℃'!$C$5:$C$304,MATCH(4,'18℃'!$Z$5:$Z$304,0)))) | C25: =IF(4>MAX('4℃飯'!$AA$5:$AA$302),"",HYPERLINK("#'4℃飯'!D"&(MATCH(4,'4℃飯'!$AA$5:$AA$302,0)+4),INDEX('4℃飯'!$D$5:$D$302,MATCH(4,'4℃飯'!$AA$5:$AA$302,0)))) -> 香辣醬蒜味香腸蛋炒飯 | D25: =IF(4>MAX('4℃麵'!$AA$5:$AA$305),"",HYPERLINK("#'4℃麵'!D"&(MATCH(4,'4℃麵'!$AA$5:$AA$305,0)+4),INDEX('4℃麵'!$D$5:$D$305,MATCH(4,'4℃麵'!$AA$5:$AA$305,0)))) -> 嫩烤魚排佐花椰菜義大利麵 | E25: =IF(4>MAX('4℃其他'!$AA$5:$AA$302),"",HYPERLINK("#'4℃其他'!D"&(MATCH(4,'4℃其他'!$AA$5:$AA$302,0)+4),INDEX('4℃其他'!$D$5:$D$302,MATCH(4,'4℃其他'!$AA$5:$AA$302,0)))) -> 青醬優格雞肉握沙拉 | F25: =IF(4>MAX(冷凍品!$Z$5:$Z$304),"",HYPERLINK("#'冷凍品'!C"&(MATCH(4,冷凍品!$Z$5:$Z$304,0)+4),INDEX(冷凍品!$C$5:$C$304,MATCH(4,冷凍品!$Z$5:$Z$304,0))))
B26: =IF(5>MAX('18℃'!$Z$5:$Z$304),"",HYPERLINK("#'18℃'!C"&(MATCH(5,'18℃'!$Z$5:$Z$304,0)+4),INDEX('18℃'!$C$5:$C$304,MATCH(5,'18℃'!$Z$5:$Z$304,0)))) | C26: =IF(5>MAX('4℃飯'!$AA$5:$AA$302),"",HYPERLINK("#'4℃飯'!D"&(MATCH(5,'4℃飯'!$AA$5:$AA$302,0)+4),INDEX('4℃飯'!$D$5:$D$302,MATCH(5,'4℃飯'!$AA$5:$AA$302,0)))) -> 藤椒雞丁炒飯 | D26: =IF(5>MAX('4℃麵'!$AA$5:$AA$305),"",HYPERLINK("#'4℃麵'!D"&(MATCH(5,'4℃麵'!$AA$5:$AA$305,0)+4),INDEX('4℃麵'!$D$5:$D$305,MATCH(5,'4℃麵'!$AA$5:$AA$305,0)))) | E26: =IF(5>MAX('4℃其他'!$AA$5:$AA$302),"",HYPERLINK("#'4℃其他'!D"&(MATCH(5,'4℃其他'!$AA$5:$AA$302,0)+4),INDEX('4℃其他'!$D$5:$D$302,MATCH(5,'4℃其他'!$AA$5:$AA$302,0)))) -> 蔥鹽雞肉麵沙拉 | F26: =IF(5>MAX(冷凍品!$Z$5:$Z$304),"",HYPERLINK("#'冷凍品'!C"&(MATCH(5,冷凍品!$Z$5:$Z$304,0)+4),INDEX(冷凍品!$C$5:$C$304,MATCH(5,冷凍品!$Z$5:$Z$304,0))))
B27: =IF(6>MAX('18℃'!$Z$5:$Z$304),"",HYPERLINK("#'18℃'!C"&(MATCH(6,'18℃'!$Z$5:$Z$304,0)+4),INDEX('18℃'!$C$5:$C$304,MATCH(6,'18℃'!$Z$5:$Z$304,0)))) | C27: =IF(6>MAX('4℃飯'!$AA$5:$AA$302),"",HYPERLINK("#'4℃飯'!D"&(MATCH(6,'4℃飯'!$AA$5:$AA$302,0)+4),INDEX('4℃飯'!$D$5:$D$302,MATCH(6,'4℃飯'!$AA$5:$AA$302,0)))) -> 川味麻婆燒豆腐燴飯 | D27: =IF(6>MAX('4℃麵'!$AA$5:$AA$305),"",HYPERLINK("#'4℃麵'!D"&(MATCH(6,'4℃麵'!$AA$5:$AA$305,0)+4),INDEX('4℃麵'!$D$5:$D$305,MATCH(6,'4℃麵'!$AA$5:$AA$305,0)))) | E27: =IF(6>MAX('4℃其他'!$AA$5:$AA$302),"",HYPERLINK("#'4℃其他'!D"&(MATCH(6,'4℃其他'!$AA$5:$AA$302,0)+4),INDEX('4℃其他'!$D$5:$D$302,MATCH(6,'4℃其他'!$AA$5:$AA$302,0)))) -> 地瓜瓜握沙拉 | F27: =IF(6>MAX(冷凍品!$Z$5:$Z$304),"",HYPERLINK("#'冷凍品'!C"&(MATCH(6,冷凍品!$Z$5:$Z$304,0)+4),INDEX(冷凍品!$C$5:$C$304,MATCH(6,冷凍品!$Z$5:$Z$304,0))))
B28: =IF(7>MAX('18℃'!$Z$5:$Z$304),"",HYPERLINK("#'18℃'!C"&(MATCH(7,'18℃'!$Z$5:$Z$304,0)+4),INDEX('18℃'!$C$5:$C$304,MATCH(7,'18℃'!$Z$5:$Z$304,0)))) | C28: =IF(7>MAX('4℃飯'!$AA$5:$AA$302),"",HYPERLINK("#'4℃飯'!D"&(MATCH(7,'4℃飯'!$AA$5:$AA$302,0)+4),INDEX('4℃飯'!$D$5:$D$302,MATCH(7,'4℃飯'!$AA$5:$AA$302,0)))) -> 金咖哩濃厚辛口咖哩飯 | D28: =IF(7>MAX('4℃麵'!$AA$5:$AA$305),"",HYPERLINK("#'4℃麵'!D"&(MATCH(7,'4℃麵'!$AA$5:$AA$305,0)+4),INDEX('4℃麵'!$D$5:$D$305,MATCH(7,'4℃麵'!$AA$5:$AA$305,0)))) | E28: =IF(7>MAX('4℃其他'!$AA$5:$AA$302),"",HYPERLINK("#'4℃其他'!D"&(MATCH(7,'4℃其他'!$AA$5:$AA$302,0)+4),INDEX('4℃其他'!$D$5:$D$302,MATCH(7,'4℃其他'!$AA$5:$AA$302,0)))) -> 香雞蛋堡 | F28: =IF(7>MAX(冷凍品!$Z$5:$Z$304),"",HYPERLINK("#'冷凍品'!C"&(MATCH(7,冷凍品!$Z$5:$Z$304,0)+4),INDEX(冷凍品!$C$5:$C$304,MATCH(7,冷凍品!$Z$5:$Z$304,0))))
B29: =IF(8>MAX('18℃'!$Z$5:$Z$304),"",HYPERLINK("#'18℃'!C"&(MATCH(8,'18℃'!$Z$5:$Z$304,0)+4),INDEX('18℃'!$C$5:$C$304,MATCH(8,'18℃'!$Z$5:$Z$304,0)))) | C29: =IF(8>MAX('4℃飯'!$AA$5:$AA$302),"",HYPERLINK("#'4℃飯'!D"&(MATCH(8,'4℃飯'!$AA$5:$AA$302,0)+4),INDEX('4℃飯'!$D$5:$D$302,MATCH(8,'4℃飯'!$AA$5:$AA$302,0)))) -> 金咖哩果香甘口咖哩飯 | D29: =IF(8>MAX('4℃麵'!$AA$5:$AA$305),"",HYPERLINK("#'4℃麵'!D"&(MATCH(8,'4℃麵'!$AA$5:$AA$305,0)+4),INDEX('4℃麵'!$D$5:$D$305,MATCH(8,'4℃麵'!$AA$5:$AA$305,0)))) | E29: =IF(8>MAX('4℃其他'!$AA$5:$AA$302),"",HYPERLINK("#'4℃其他'!D"&(MATCH(8,'4℃其他'!$AA$5:$AA$302,0)+4),INDEX('4℃其他'!$D$5:$D$302,MATCH(8,'4℃其他'!$AA$5:$AA$302,0)))) -> 經典雙牛起司堡 | F29: =IF(8>MAX(冷凍品!$Z$5:$Z$304),"",HYPERLINK("#'冷凍品'!C"&(MATCH(8,冷凍品!$Z$5:$Z$304,0)+4),INDEX(冷凍品!$C$5:$C$304,MATCH(8,冷凍品!$Z$5:$Z$304,0))))
B30: =IF(9>MAX('18℃'!$Z$5:$Z$304),"",HYPERLINK("#'18℃'!C"&(MATCH(9,'18℃'!$Z$5:$Z$304,0)+4),INDEX('18℃'!$C$5:$C$304,MATCH(9,'18℃'!$Z$5:$Z$304,0)))) | C30: =IF(9>MAX('4℃飯'!$AA$5:$AA$302),"",HYPERLINK("#'4℃飯'!D"&(MATCH(9,'4℃飯'!$AA$5:$AA$302,0)+4),INDEX('4℃飯'!$D$5:$D$302,MATCH(9,'4℃飯'!$AA$5:$AA$302,0)))) -> 港式香滑嫩蛋牛肉燴飯 | D30: =IF(9>MAX('4℃麵'!$AA$5:$AA$305),"",HYPERLINK("#'4℃麵'!D"&(MATCH(9,'4℃麵'!$AA$5:$AA$305,0)+4),INDEX('4℃麵'!$D$5:$D$305,MATCH(9,'4℃麵'!$AA$5:$AA$305,0)))) | E30: =IF(9>MAX('4℃其他'!$AA$5:$AA$302),"",HYPERLINK("#'4℃其他'!D"&(MATCH(9,'4℃其他'!$AA$5:$AA$302,0)+4),INDEX('4℃其他'!$D$5:$D$302,MATCH(9,'4℃其他'!$AA$5:$AA$302,0)))) -> 豬肉起司堡 | F30: =IF(9>MAX(冷凍品!$Z$5:$Z$304),"",HYPERLINK("#'冷凍品'!C"&(MATCH(9,冷凍品!$Z$5:$Z$304,0)+4),INDEX(冷凍品!$C$5:$C$304,MATCH(9,冷凍品!$Z$5:$Z$304,0))))
B31: =IF(10>MAX('18℃'!$Z$5:$Z$304),"",HYPERLINK("#'18℃'!C"&(MATCH(10,'18℃'!$Z$5:$Z$304,0)+4),INDEX('18℃'!$C$5:$C$304,MATCH(10,'18℃'!$Z$5:$Z$304,0)))) | C31: =IF(10>MAX('4℃飯'!$AA$5:$AA$302),"",HYPERLINK("#'4℃飯'!D"&(MATCH(10,'4℃飯'!$AA$5:$AA$302,0)+4),INDEX('4℃飯'!$D$5:$D$302,MATCH(10,'4℃飯'!$AA$5:$AA$302,0)))) -> 泰式綠咖哩雞 | D31: =IF(10>MAX('4℃麵'!$AA$5:$AA$305),"",HYPERLINK("#'4℃麵'!D"&(MATCH(10,'4℃麵'!$AA$5:$AA$305,0)+4),INDEX('4℃麵'!$D$5:$D$305,MATCH(10,'4℃麵'!$AA$5:$AA$305,0)))) | E31: =IF(10>MAX('4℃其他'!$AA$5:$AA$302),"",HYPERLINK("#'4℃其他'!D"&(MATCH(10,'4℃其他'!$AA$5:$AA$302,0)+4),INDEX('4℃其他'!$D$5:$D$302,MATCH(10,'4℃其他'!$AA$5:$AA$302,0)))) -> 豬肉起司蛋堡 | F31: =IF(10>MAX(冷凍品!$Z$5:$Z$304),"",HYPERLINK("#'冷凍品'!C"&(MATCH(10,冷凍品!$Z$5:$Z$304,0)+4),INDEX(冷凍品!$C$5:$C$304,MATCH(10,冷凍品!$Z$5:$Z$304,0))))
B32: =IF(11>MAX('18℃'!$Z$5:$Z$304),"",HYPERLINK("#'18℃'!C"&(MATCH(11,'18℃'!$Z$5:$Z$304,0)+4),INDEX('18℃'!$C$5:$C$304,MATCH(11,'18℃'!$Z$5:$Z$304,0)))) | C32: =IF(11>MAX('4℃飯'!$AA$5:$AA$302),"",HYPERLINK("#'4℃飯'!D"&(MATCH(11,'4℃飯'!$AA$5:$AA$302,0)+4),INDEX('4℃飯'!$D$5:$D$302,MATCH(11,'4℃飯'!$AA$5:$AA$302,0)))) -> 打拋風味豬肉飯 | D32: =IF(11>MAX('4℃麵'!$AA$5:$AA$305),"",HYPERLINK("#'4℃麵'!D"&(MATCH(11,'4℃麵'!$AA$5:$AA$305,0)+4),INDEX('4℃麵'!$D$5:$D$305,MATCH(11,'4℃麵'!$AA$5:$AA$305,0)))) | E32: =IF(11>MAX('4℃其他'!$AA$5:$AA$302),"",HYPERLINK("#'4℃其他'!D"&(MATCH(11,'4℃其他'!$AA$5:$AA$302,0)+4),INDEX('4℃其他'!$D$5:$D$302,MATCH(11,'4℃其他'!$AA$5:$AA$302,0)))) -> 美式雞腿堡 | F32: =IF(11>MAX(冷凍品!$Z$5:$Z$304),"",HYPERLINK("#'冷凍品'!C"&(MATCH(11,冷凍品!$Z$5:$Z$304,0)+4),INDEX(冷凍品!$C$5:$C$304,MATCH(11,冷凍品!$Z$5:$Z$304,0))))
B33: =IF(12>MAX('18℃'!$Z$5:$Z$304),"",HYPERLINK("#'18℃'!C"&(MATCH(12,'18℃'!$Z$5:$Z$304,0)+4),INDEX('18℃'!$C$5:$C$304,MATCH(12,'18℃'!$Z$5:$Z$304,0)))) | C33: =IF(12>MAX('4℃飯'!$AA$5:$AA$302),"",HYPERLINK("#'4℃飯'!D"&(MATCH(12,'4℃飯'!$AA$5:$AA$302,0)+4),INDEX('4℃飯'!$D$5:$D$302,MATCH(12,'4℃飯'!$AA$5:$AA$302,0)))) -> 厚香料優格咖哩雞排飯 | D33: =IF(12>MAX('4℃麵'!$AA$5:$AA$305),"",HYPERLINK("#'4℃麵'!D"&(MATCH(12,'4℃麵'!$AA$5:$AA$305,0)+4),INDEX('4℃麵'!$D$5:$D$305,MATCH(12,'4℃麵'!$AA$5:$AA$305,0)))) | E33: =IF(12>MAX('4℃其他'!$AA$5:$AA$302),"",HYPERLINK("#'4℃其他'!D"&(MATCH(12,'4℃其他'!$AA$5:$AA$302,0)+4),INDEX('4℃其他'!$D$5:$D$302,MATCH(12,'4℃其他'!$AA$5:$AA$302,0)))) -> 厚豆腐蛋白蕈菇豬肉堡 | F33: =IF(12>MAX(冷凍品!$Z$5:$Z$304),"",HYPERLINK("#'冷凍品'!C"&(MATCH(12,冷凍品!$Z$5:$Z$304,0)+4),INDEX(冷凍品!$C$5:$C$304,MATCH(12,冷凍品!$Z$5:$Z$304,0))))
B34: =IF(13>MAX('18℃'!$Z$5:$Z$304),"",HYPERLINK("#'18℃'!C"&(MATCH(13,'18℃'!$Z$5:$Z$304,0)+4),INDEX('18℃'!$C$5:$C$304,MATCH(13,'18℃'!$Z$5:$Z$304,0)))) | C34: =IF(13>MAX('4℃飯'!$AA$5:$AA$302),"",HYPERLINK("#'4℃飯'!D"&(MATCH(13,'4℃飯'!$AA$5:$AA$302,0)+4),INDEX('4℃飯'!$D$5:$D$302,MATCH(13,'4℃飯'!$AA$5:$AA$302,0)))) -> 玉米濃湯焗烤飯 | D34: =IF(13>MAX('4℃麵'!$AA$5:$AA$305),"",HYPERLINK("#'4℃麵'!D"&(MATCH(13,'4℃麵'!$AA$5:$AA$305,0)+4),INDEX('4℃麵'!$D$5:$D$305,MATCH(13,'4℃麵'!$AA$5:$AA$305,0)))) | E34: =IF(13>MAX('4℃其他'!$AA$5:$AA$302),"",HYPERLINK("#'4℃其他'!D"&(MATCH(13,'4℃其他'!$AA$5:$AA$302,0)+4),INDEX('4℃其他'!$D$5:$D$302,MATCH(13,'4℃其他'!$AA$5:$AA$302,0)))) -> 黃金魚堡(114年) | F34: =IF(13>MAX(冷凍品!$Z$5:$Z$304),"",HYPERLINK("#'冷凍品'!C"&(MATCH(13,冷凍品!$Z$5:$Z$304,0)+4),INDEX(冷凍品!$C$5:$C$304,MATCH(13,冷凍品!$Z$5:$Z$304,0))))
B35: =IF(14>MAX('18℃'!$Z$5:$Z$304),"",HYPERLINK("#'18℃'!C"&(MATCH(14,'18℃'!$Z$5:$Z$304,0)+4),INDEX('18℃'!$C$5:$C$304,MATCH(14,'18℃'!$Z$5:$Z$304,0)))) | C35: =IF(14>MAX('4℃飯'!$AA$5:$AA$302),"",HYPERLINK("#'4℃飯'!D"&(MATCH(14,'4℃飯'!$AA$5:$AA$302,0)+4),INDEX('4℃飯'!$D$5:$D$302,MATCH(14,'4℃飯'!$AA$5:$AA$302,0)))) -> 美味蟹煲 | D35: =IF(14>MAX('4℃麵'!$AA$5:$AA$305),"",HYPERLINK("#'4℃麵'!D"&(MATCH(14,'4℃麵'!$AA$5:$AA$305,0)+4),INDEX('4℃麵'!$D$5:$D$305,MATCH(14,'4℃麵'!$AA$5:$AA$305,0)))) | E35: =IF(14>MAX('4℃其他'!$AA$5:$AA$302),"",HYPERLINK("#'4℃其他'!D"&(MATCH(14,'4℃其他'!$AA$5:$AA$302,0)+4),INDEX('4℃其他'!$D$5:$D$302,MATCH(14,'4℃其他'!$AA$5:$AA$302,0)))) -> 元氣起司鱈魚堡 | F35: =IF(14>MAX(冷凍品!$Z$5:$Z$304),"",HYPERLINK("#'冷凍品'!C"&(MATCH(14,冷凍品!$Z$5:$Z$304,0)+4),INDEX(冷凍品!$C$5:$C$304,MATCH(14,冷凍品!$Z$5:$Z$304,0))))
B36: =IF(15>MAX('18℃'!$Z$5:$Z$304),"",HYPERLINK("#'18℃'!C"&(MATCH(15,'18℃'!$Z$5:$Z$304,0)+4),INDEX('18℃'!$C$5:$C$304,MATCH(15,'18℃'!$Z$5:$Z$304,0)))) | C36: =IF(15>MAX('4℃飯'!$AA$5:$AA$302),"",HYPERLINK("#'4℃飯'!D"&(MATCH(15,'4℃飯'!$AA$5:$AA$302,0)+4),INDEX('4℃飯'!$D$5:$D$302,MATCH(15,'4℃飯'!$AA$5:$AA$302,0)))) -> 韓式泡菜豬肉豆腐丼飯 | D36: =IF(15>MAX('4℃麵'!$AA$5:$AA$305),"",HYPERLINK("#'4℃麵'!D"&(MATCH(15,'4℃麵'!$AA$5:$AA$305,0)+4),INDEX('4℃麵'!$D$5:$D$305,MATCH(15,'4℃麵'!$AA$5:$AA$305,0)))) | E36: =IF(15>MAX('4℃其他'!$AA$5:$AA$302),"",HYPERLINK("#'4℃其他'!D"&(MATCH(15,'4℃其他'!$AA$5:$AA$302,0)+4),INDEX('4℃其他'!$D$5:$D$302,MATCH(15,'4℃其他'!$AA$5:$AA$302,0)))) -> 剝皮辣椒雞湯 | F36: =IF(15>MAX(冷凍品!$Z$5:$Z$304),"",HYPERLINK("#'冷凍品'!C"&(MATCH(15,冷凍品!$Z$5:$Z$304,0)+4),INDEX(冷凍品!$C$5:$C$304,MATCH(15,冷凍品!$Z$5:$Z$304,0))))
B37: =IF(16>MAX('18℃'!$Z$5:$Z$304),"",HYPERLINK("#'18℃'!C"&(MATCH(16,'18℃'!$Z$5:$Z$304,0)+4),INDEX('18℃'!$C$5:$C$304,MATCH(16,'18℃'!$Z$5:$Z$304,0)))) | C37: =IF(16>MAX('4℃飯'!$AA$5:$AA$302),"",HYPERLINK("#'4℃飯'!D"&(MATCH(16,'4℃飯'!$AA$5:$AA$302,0)+4),INDEX('4℃飯'!$D$5:$D$302,MATCH(16,'4℃飯'!$AA$5:$AA$302,0)))) -> 日式炙烤親子丼 | D37: =IF(16>MAX('4℃麵'!$AA$5:$AA$305),"",HYPERLINK("#'4℃麵'!D"&(MATCH(16,'4℃麵'!$AA$5:$AA$305,0)+4),INDEX('4℃麵'!$D$5:$D$305,MATCH(16,'4℃麵'!$AA$5:$AA$305,0)))) | E37: =IF(16>MAX('4℃其他'!$AA$5:$AA$302),"",HYPERLINK("#'4℃其他'!D"&(MATCH(16,'4℃其他'!$AA$5:$AA$302,0)+4),INDEX('4℃其他'!$D$5:$D$302,MATCH(16,'4℃其他'!$AA$5:$AA$302,0)))) -> 香菇雞燉湯 | F37: =IF(16>MAX(冷凍品!$Z$5:$Z$304),"",HYPERLINK("#'冷凍品'!C"&(MATCH(16,冷凍品!$Z$5:$Z$304,0)+4),INDEX(冷凍品!$C$5:$C$304,MATCH(16,冷凍品!$Z$5:$Z$304,0))))
B38: =IF(17>MAX('18℃'!$Z$5:$Z$304),"",HYPERLINK("#'18℃'!C"&(MATCH(17,'18℃'!$Z$5:$Z$304,0)+4),INDEX('18℃'!$C$5:$C$304,MATCH(17,'18℃'!$Z$5:$Z$304,0)))) | C38: =IF(17>MAX('4℃飯'!$AA$5:$AA$302),"",HYPERLINK("#'4℃飯'!D"&(MATCH(17,'4℃飯'!$AA$5:$AA$302,0)+4),INDEX('4℃飯'!$D$5:$D$302,MATCH(17,'4℃飯'!$AA$5:$AA$302,0)))) -> 爆炒雞丁飯 | D38: =IF(17>MAX('4℃麵'!$AA$5:$AA$305),"",HYPERLINK("#'4℃麵'!D"&(MATCH(17,'4℃麵'!$AA$5:$AA$305,0)+4),INDEX('4℃麵'!$D$5:$D$305,MATCH(17,'4℃麵'!$AA$5:$AA$305,0)))) | E38: =IF(17>MAX('4℃其他'!$AA$5:$AA$302),"",HYPERLINK("#'4℃其他'!D"&(MATCH(17,'4℃其他'!$AA$5:$AA$302,0)+4),INDEX('4℃其他'!$D$5:$D$302,MATCH(17,'4℃其他'!$AA$5:$AA$302,0)))) -> 火腿起司蛋三明治 | F38: =IF(17>MAX(冷凍品!$Z$5:$Z$304),"",HYPERLINK("#'冷凍品'!C"&(MATCH(17,冷凍品!$Z$5:$Z$304,0)+4),INDEX(冷凍品!$C$5:$C$304,MATCH(17,冷凍品!$Z$5:$Z$304,0))))
B39: =IF(18>MAX('18℃'!$Z$5:$Z$304),"",HYPERLINK("#'18℃'!C"&(MATCH(18,'18℃'!$Z$5:$Z$304,0)+4),INDEX('18℃'!$C$5:$C$304,MATCH(18,'18℃'!$Z$5:$Z$304,0)))) | C39: =IF(18>MAX('4℃飯'!$AA$5:$AA$302),"",HYPERLINK("#'4℃飯'!D"&(MATCH(18,'4℃飯'!$AA$5:$AA$302,0)+4),INDEX('4℃飯'!$D$5:$D$302,MATCH(18,'4℃飯'!$AA$5:$AA$302,0)))) -> 泰式檸檬魚飯 | D39: =IF(18>MAX('4℃麵'!$AA$5:$AA$305),"",HYPERLINK("#'4℃麵'!D"&(MATCH(18,'4℃麵'!$AA$5:$AA$305,0)+4),INDEX('4℃麵'!$D$5:$D$305,MATCH(18,'4℃麵'!$AA$5:$AA$305,0)))) | E39: =IF(18>MAX('4℃其他'!$AA$5:$AA$302),"",HYPERLINK("#'4℃其他'!D"&(MATCH(18,'4℃其他'!$AA$5:$AA$302,0)+4),INDEX('4℃其他'!$D$5:$D$302,MATCH(18,'4℃其他'!$AA$5:$AA$302,0)))) -> 紐奧良風味烤雞鮮蔬三明治 | F39: =IF(18>MAX(冷凍品!$Z$5:$Z$304),"",HYPERLINK("#'冷凍品'!C"&(MATCH(18,冷凍品!$Z$5:$Z$304,0)+4),INDEX(冷凍品!$C$5:$C$304,MATCH(18,冷凍品!$Z$5:$Z$304,0))))
B40: =IF(19>MAX('18℃'!$Z$5:$Z$304),"",HYPERLINK("#'18℃'!C"&(MATCH(19,'18℃'!$Z$5:$Z$304,0)+4),INDEX('18℃'!$C$5:$C$304,MATCH(19,'18℃'!$Z$5:$Z$304,0)))) | C40: =IF(19>MAX('4℃飯'!$AA$5:$AA$302),"",HYPERLINK("#'4℃飯'!D"&(MATCH(19,'4℃飯'!$AA$5:$AA$302,0)+4),INDEX('4℃飯'!$D$5:$D$302,MATCH(19,'4℃飯'!$AA$5:$AA$302,0)))) -> 香菇雞粥 | D40: =IF(19>MAX('4℃麵'!$AA$5:$AA$305),"",HYPERLINK("#'4℃麵'!D"&(MATCH(19,'4℃麵'!$AA$5:$AA$305,0)+4),INDEX('4℃麵'!$D$5:$D$305,MATCH(19,'4℃麵'!$AA$5:$AA$305,0)))) | E40: =IF(19>MAX('4℃其他'!$AA$5:$AA$302),"",HYPERLINK("#'4℃其他'!D"&(MATCH(19,'4℃其他'!$AA$5:$AA$302,0)+4),INDEX('4℃其他'!$D$5:$D$302,MATCH(19,'4℃其他'!$AA$5:$AA$302,0)))) -> 經典火腿玉米蛋三明治 | F40: =IF(19>MAX(冷凍品!$Z$5:$Z$304),"",HYPERLINK("#'冷凍品'!C"&(MATCH(19,冷凍品!$Z$5:$Z$304,0)+4),INDEX(冷凍品!$C$5:$C$304,MATCH(19,冷凍品!$Z$5:$Z$304,0))))
B41: =IF(20>MAX('18℃'!$Z$5:$Z$304),"",HYPERLINK("#'18℃'!C"&(MATCH(20,'18℃'!$Z$5:$Z$304,0)+4),INDEX('18℃'!$C$5:$C$304,MATCH(20,'18℃'!$Z$5:$Z$304,0)))) | C41: =IF(20>MAX('4℃飯'!$AA$5:$AA$302),"",HYPERLINK("#'4℃飯'!D"&(MATCH(20,'4℃飯'!$AA$5:$AA$302,0)+4),INDEX('4℃飯'!$D$5:$D$302,MATCH(20,'4℃飯'!$AA$5:$AA$302,0)))) -> 柚見極炙烤牛 | D41: =IF(20>MAX('4℃麵'!$AA$5:$AA$305),"",HYPERLINK("#'4℃麵'!D"&(MATCH(20,'4℃麵'!$AA$5:$AA$305,0)+4),INDEX('4℃麵'!$D$5:$D$305,MATCH(20,'4℃麵'!$AA$5:$AA$305,0)))) | E41: =IF(20>MAX('4℃其他'!$AA$5:$AA$302),"",HYPERLINK("#'4℃其他'!D"&(MATCH(20,'4℃其他'!$AA$5:$AA$302,0)+4),INDEX('4℃其他'!$D$5:$D$302,MATCH(20,'4℃其他'!$AA$5:$AA$302,0)))) -> 雞蛋沙拉三明治 | F41: =IF(20>MAX(冷凍品!$Z$5:$Z$304),"",HYPERLINK("#'冷凍品'!C"&(MATCH(20,冷凍品!$Z$5:$Z$304,0)+4),INDEX(冷凍品!$C$5:$C$304,MATCH(20,冷凍品!$Z$5:$Z$304,0))))
B42: =IF(21>MAX('18℃'!$Z$5:$Z$304),"",HYPERLINK("#'18℃'!C"&(MATCH(21,'18℃'!$Z$5:$Z$304,0)+4),INDEX('18℃'!$C$5:$C$304,MATCH(21,'18℃'!$Z$5:$Z$304,0)))) | C42: =IF(21>MAX('4℃飯'!$AA$5:$AA$302),"",HYPERLINK("#'4℃飯'!D"&(MATCH(21,'4℃飯'!$AA$5:$AA$302,0)+4),INDEX('4℃飯'!$D$5:$D$302,MATCH(21,'4℃飯'!$AA$5:$AA$302,0)))) -> 叉燒蛋炒飯 | D42: =IF(21>MAX('4℃麵'!$AA$5:$AA$305),"",HYPERLINK("#'4℃麵'!D"&(MATCH(21,'4℃麵'!$AA$5:$AA$305,0)+4),INDEX('4℃麵'!$D$5:$D$305,MATCH(21,'4℃麵'!$AA$5:$AA$305,0)))) | E42: =IF(21>MAX('4℃其他'!$AA$5:$AA$302),"",HYPERLINK("#'4℃其他'!D"&(MATCH(21,'4℃其他'!$AA$5:$AA$302,0)+4),INDEX('4℃其他'!$D$5:$D$302,MATCH(21,'4℃其他'!$AA$5:$AA$302,0)))) -> 肉鬆火腿三明治(115年) | F42: =IF(21>MAX(冷凍品!$Z$5:$Z$304),"",HYPERLINK("#'冷凍品'!C"&(MATCH(21,冷凍品!$Z$5:$Z$304,0)+4),INDEX(冷凍品!$C$5:$C$304,MATCH(21,冷凍品!$Z$5:$Z$304,0))))
B43: =IF(22>MAX('18℃'!$Z$5:$Z$304),"",HYPERLINK("#'18℃'!C"&(MATCH(22,'18℃'!$Z$5:$Z$304,0)+4),INDEX('18℃'!$C$5:$C$304,MATCH(22,'18℃'!$Z$5:$Z$304,0)))) | C43: =IF(22>MAX('4℃飯'!$AA$5:$AA$302),"",HYPERLINK("#'4℃飯'!D"&(MATCH(22,'4℃飯'!$AA$5:$AA$302,0)+4),INDEX('4℃飯'!$D$5:$D$302,MATCH(22,'4℃飯'!$AA$5:$AA$302,0)))) -> 金沙醬牛豚雙饗飯 | D43: =IF(22>MAX('4℃麵'!$AA$5:$AA$305),"",HYPERLINK("#'4℃麵'!D"&(MATCH(22,'4℃麵'!$AA$5:$AA$305,0)+4),INDEX('4℃麵'!$D$5:$D$305,MATCH(22,'4℃麵'!$AA$5:$AA$305,0)))) | E43: =IF(22>MAX('4℃其他'!$AA$5:$AA$302),"",HYPERLINK("#'4℃其他'!D"&(MATCH(22,'4℃其他'!$AA$5:$AA$302,0)+4),INDEX('4℃其他'!$D$5:$D$302,MATCH(22,'4℃其他'!$AA$5:$AA$302,0)))) -> 醬燒烤雞三明治(115年) | F43: =IF(22>MAX(冷凍品!$Z$5:$Z$304),"",HYPERLINK("#'冷凍品'!C"&(MATCH(22,冷凍品!$Z$5:$Z$304,0)+4),INDEX(冷凍品!$C$5:$C$304,MATCH(22,冷凍品!$Z$5:$Z$304,0))))
B44: =IF(23>MAX('18℃'!$Z$5:$Z$304),"",HYPERLINK("#'18℃'!C"&(MATCH(23,'18℃'!$Z$5:$Z$304,0)+4),INDEX('18℃'!$C$5:$C$304,MATCH(23,'18℃'!$Z$5:$Z$304,0)))) | C44: =IF(23>MAX('4℃飯'!$AA$5:$AA$302),"",HYPERLINK("#'4℃飯'!D"&(MATCH(23,'4℃飯'!$AA$5:$AA$302,0)+4),INDEX('4℃飯'!$D$5:$D$302,MATCH(23,'4℃飯'!$AA$5:$AA$302,0)))) -> 港式滑蛋牛肉燴飯 | D44: =IF(23>MAX('4℃麵'!$AA$5:$AA$305),"",HYPERLINK("#'4℃麵'!D"&(MATCH(23,'4℃麵'!$AA$5:$AA$305,0)+4),INDEX('4℃麵'!$D$5:$D$305,MATCH(23,'4℃麵'!$AA$5:$AA$305,0)))) | E44: =IF(23>MAX('4℃其他'!$AA$5:$AA$302),"",HYPERLINK("#'4℃其他'!D"&(MATCH(23,'4℃其他'!$AA$5:$AA$302,0)+4),INDEX('4℃其他'!$D$5:$D$302,MATCH(23,'4℃其他'!$AA$5:$AA$302,0)))) -> 好多蛋三明治 | F44: =IF(23>MAX(冷凍品!$Z$5:$Z$304),"",HYPERLINK("#'冷凍品'!C"&(MATCH(23,冷凍品!$Z$5:$Z$304,0)+4),INDEX(冷凍品!$C$5:$C$304,MATCH(23,冷凍品!$Z$5:$Z$304,0))))
B45: =IF(24>MAX('18℃'!$Z$5:$Z$304),"",HYPERLINK("#'18℃'!C"&(MATCH(24,'18℃'!$Z$5:$Z$304,0)+4),INDEX('18℃'!$C$5:$C$304,MATCH(24,'18℃'!$Z$5:$Z$304,0)))) | C45: =IF(24>MAX('4℃飯'!$AA$5:$AA$302),"",HYPERLINK("#'4℃飯'!D"&(MATCH(24,'4℃飯'!$AA$5:$AA$302,0)+4),INDEX('4℃飯'!$D$5:$D$302,MATCH(24,'4℃飯'!$AA$5:$AA$302,0)))) -> 熊本麥味噌炸豬排丼飯 | D45: =IF(24>MAX('4℃麵'!$AA$5:$AA$305),"",HYPERLINK("#'4℃麵'!D"&(MATCH(24,'4℃麵'!$AA$5:$AA$305,0)+4),INDEX('4℃麵'!$D$5:$D$305,MATCH(24,'4℃麵'!$AA$5:$AA$305,0)))) | E45: =IF(24>MAX('4℃其他'!$AA$5:$AA$302),"",HYPERLINK("#'4℃其他'!D"&(MATCH(24,'4℃其他'!$AA$5:$AA$302,0)+4),INDEX('4℃其他'!$D$5:$D$302,MATCH(24,'4℃其他'!$AA$5:$AA$302,0)))) -> 經典總匯三明治(115年) | F45: =IF(24>MAX(冷凍品!$Z$5:$Z$304),"",HYPERLINK("#'冷凍品'!C"&(MATCH(24,冷凍品!$Z$5:$Z$304,0)+4),INDEX(冷凍品!$C$5:$C$304,MATCH(24,冷凍品!$Z$5:$Z$304,0))))
B46: =IF(25>MAX('18℃'!$Z$5:$Z$304),"",HYPERLINK("#'18℃'!C"&(MATCH(25,'18℃'!$Z$5:$Z$304,0)+4),INDEX('18℃'!$C$5:$C$304,MATCH(25,'18℃'!$Z$5:$Z$304,0)))) | C46: =IF(25>MAX('4℃飯'!$AA$5:$AA$302),"",HYPERLINK("#'4℃飯'!D"&(MATCH(25,'4℃飯'!$AA$5:$AA$302,0)+4),INDEX('4℃飯'!$D$5:$D$302,MATCH(25,'4℃飯'!$AA$5:$AA$302,0)))) -> 排骨蛋炒飯 | D46: =IF(25>MAX('4℃麵'!$AA$5:$AA$305),"",HYPERLINK("#'4℃麵'!D"&(MATCH(25,'4℃麵'!$AA$5:$AA$305,0)+4),INDEX('4℃麵'!$D$5:$D$305,MATCH(25,'4℃麵'!$AA$5:$AA$305,0)))) | E46: =IF(25>MAX('4℃其他'!$AA$5:$AA$302),"",HYPERLINK("#'4℃其他'!D"&(MATCH(25,'4℃其他'!$AA$5:$AA$302,0)+4),INDEX('4℃其他'!$D$5:$D$302,MATCH(25,'4℃其他'!$AA$5:$AA$302,0)))) -> 鮪魚起司溏心蛋三明治(115年) | F46: =IF(25>MAX(冷凍品!$Z$5:$Z$304),"",HYPERLINK("#'冷凍品'!C"&(MATCH(25,冷凍品!$Z$5:$Z$304,0)+4),INDEX(冷凍品!$C$5:$C$304,MATCH(25,冷凍品!$Z$5:$Z$304,0))))
B47: =IF(26>MAX('18℃'!$Z$5:$Z$304),"",HYPERLINK("#'18℃'!C"&(MATCH(26,'18℃'!$Z$5:$Z$304,0)+4),INDEX('18℃'!$C$5:$C$304,MATCH(26,'18℃'!$Z$5:$Z$304,0)))) | C47: =IF(26>MAX('4℃飯'!$AA$5:$AA$302),"",HYPERLINK("#'4℃飯'!D"&(MATCH(26,'4℃飯'!$AA$5:$AA$302,0)+4),INDEX('4℃飯'!$D$5:$D$302,MATCH(26,'4℃飯'!$AA$5:$AA$302,0)))) -> 青辣椒檸檬炭香漢堡排飯 | D47: =IF(26>MAX('4℃麵'!$AA$5:$AA$305),"",HYPERLINK("#'4℃麵'!D"&(MATCH(26,'4℃麵'!$AA$5:$AA$305,0)+4),INDEX('4℃麵'!$D$5:$D$305,MATCH(26,'4℃麵'!$AA$5:$AA$305,0)))) | E47: =IF(26>MAX('4℃其他'!$AA$5:$AA$302),"",HYPERLINK("#'4℃其他'!D"&(MATCH(26,'4℃其他'!$AA$5:$AA$302,0)+4),INDEX('4℃其他'!$D$5:$D$302,MATCH(26,'4℃其他'!$AA$5:$AA$302,0)))) -> 榛果摩卡脆脆三明治 | F47: =IF(26>MAX(冷凍品!$Z$5:$Z$304),"",HYPERLINK("#'冷凍品'!C"&(MATCH(26,冷凍品!$Z$5:$Z$304,0)+4),INDEX(冷凍品!$C$5:$C$304,MATCH(26,冷凍品!$Z$5:$Z$304,0))))
B48: =IF(27>MAX('18℃'!$Z$5:$Z$304),"",HYPERLINK("#'18℃'!C"&(MATCH(27,'18℃'!$Z$5:$Z$304,0)+4),INDEX('18℃'!$C$5:$C$304,MATCH(27,'18℃'!$Z$5:$Z$304,0)))) | C48: =IF(27>MAX('4℃飯'!$AA$5:$AA$302),"",HYPERLINK("#'4℃飯'!D"&(MATCH(27,'4℃飯'!$AA$5:$AA$302,0)+4),INDEX('4℃飯'!$D$5:$D$302,MATCH(27,'4℃飯'!$AA$5:$AA$302,0)))) -> 韓式泡菜海陸豆腐丼飯 | D48: =IF(27>MAX('4℃麵'!$AA$5:$AA$305),"",HYPERLINK("#'4℃麵'!D"&(MATCH(27,'4℃麵'!$AA$5:$AA$305,0)+4),INDEX('4℃麵'!$D$5:$D$305,MATCH(27,'4℃麵'!$AA$5:$AA$305,0)))) | E48: =IF(27>MAX('4℃其他'!$AA$5:$AA$302),"",HYPERLINK("#'4℃其他'!D"&(MATCH(27,'4℃其他'!$AA$5:$AA$302,0)+4),INDEX('4℃其他'!$D$5:$D$302,MATCH(27,'4℃其他'!$AA$5:$AA$302,0)))) -> 茄汁厚起司三明治 | F48: =IF(27>MAX(冷凍品!$Z$5:$Z$304),"",HYPERLINK("#'冷凍品'!C"&(MATCH(27,冷凍品!$Z$5:$Z$304,0)+4),INDEX(冷凍品!$C$5:$C$304,MATCH(27,冷凍品!$Z$5:$Z$304,0))))
B49: =IF(28>MAX('18℃'!$Z$5:$Z$304),"",HYPERLINK("#'18℃'!C"&(MATCH(28,'18℃'!$Z$5:$Z$304,0)+4),INDEX('18℃'!$C$5:$C$304,MATCH(28,'18℃'!$Z$5:$Z$304,0)))) | C49: =IF(28>MAX('4℃飯'!$AA$5:$AA$302),"",HYPERLINK("#'4℃飯'!D"&(MATCH(28,'4℃飯'!$AA$5:$AA$302,0)+4),INDEX('4℃飯'!$D$5:$D$302,MATCH(28,'4℃飯'!$AA$5:$AA$302,0)))) -> 鮭魚蛋炒飯 | D49: =IF(28>MAX('4℃麵'!$AA$5:$AA$305),"",HYPERLINK("#'4℃麵'!D"&(MATCH(28,'4℃麵'!$AA$5:$AA$305,0)+4),INDEX('4℃麵'!$D$5:$D$305,MATCH(28,'4℃麵'!$AA$5:$AA$305,0)))) | E49: =IF(28>MAX('4℃其他'!$AA$5:$AA$302),"",HYPERLINK("#'4℃其他'!D"&(MATCH(28,'4℃其他'!$AA$5:$AA$302,0)+4),INDEX('4℃其他'!$D$5:$D$302,MATCH(28,'4℃其他'!$AA$5:$AA$302,0)))) -> 起司芋見肉鬆三明治 | F49: =IF(28>MAX(冷凍品!$Z$5:$Z$304),"",HYPERLINK("#'冷凍品'!C"&(MATCH(28,冷凍品!$Z$5:$Z$304,0)+4),INDEX(冷凍品!$C$5:$C$304,MATCH(28,冷凍品!$Z$5:$Z$304,0))))
B50: =IF(29>MAX('18℃'!$Z$5:$Z$304),"",HYPERLINK("#'18℃'!C"&(MATCH(29,'18℃'!$Z$5:$Z$304,0)+4),INDEX('18℃'!$C$5:$C$304,MATCH(29,'18℃'!$Z$5:$Z$304,0)))) | C50: =IF(29>MAX('4℃飯'!$AA$5:$AA$302),"",HYPERLINK("#'4℃飯'!D"&(MATCH(29,'4℃飯'!$AA$5:$AA$302,0)+4),INDEX('4℃飯'!$D$5:$D$302,MATCH(29,'4℃飯'!$AA$5:$AA$302,0)))) | D50: =IF(29>MAX('4℃麵'!$AA$5:$AA$305),"",HYPERLINK("#'4℃麵'!D"&(MATCH(29,'4℃麵'!$AA$5:$AA$305,0)+4),INDEX('4℃麵'!$D$5:$D$305,MATCH(29,'4℃麵'!$AA$5:$AA$305,0)))) | E50: =IF(29>MAX('4℃其他'!$AA$5:$AA$302),"",HYPERLINK("#'4℃其他'!D"&(MATCH(29,'4℃其他'!$AA$5:$AA$302,0)+4),INDEX('4℃其他'!$D$5:$D$302,MATCH(29,'4℃其他'!$AA$5:$AA$302,0)))) -> 五彩鮮蔬三明治 | F50: =IF(29>MAX(冷凍品!$Z$5:$Z$304),"",HYPERLINK("#'冷凍品'!C"&(MATCH(29,冷凍品!$Z$5:$Z$304,0)+4),INDEX(冷凍品!$C$5:$C$304,MATCH(29,冷凍品!$Z$5:$Z$304,0))))
B51: =IF(30>MAX('18℃'!$Z$5:$Z$304),"",HYPERLINK("#'18℃'!C"&(MATCH(30,'18℃'!$Z$5:$Z$304,0)+4),INDEX('18℃'!$C$5:$C$304,MATCH(30,'18℃'!$Z$5:$Z$304,0)))) | C51: =IF(30>MAX('4℃飯'!$AA$5:$AA$302),"",HYPERLINK("#'4℃飯'!D"&(MATCH(30,'4℃飯'!$AA$5:$AA$302,0)+4),INDEX('4℃飯'!$D$5:$D$302,MATCH(30,'4℃飯'!$AA$5:$AA$302,0)))) | D51: =IF(30>MAX('4℃麵'!$AA$5:$AA$305),"",HYPERLINK("#'4℃麵'!D"&(MATCH(30,'4℃麵'!$AA$5:$AA$305,0)+4),INDEX('4℃麵'!$D$5:$D$305,MATCH(30,'4℃麵'!$AA$5:$AA$305,0)))) | E51: =IF(30>MAX('4℃其他'!$AA$5:$AA$302),"",HYPERLINK("#'4℃其他'!D"&(MATCH(30,'4℃其他'!$AA$5:$AA$302,0)+4),INDEX('4℃其他'!$D$5:$D$302,MATCH(30,'4℃其他'!$AA$5:$AA$302,0)))) -> 金黃玉米蛋三明治 | F51: =IF(30>MAX(冷凍品!$Z$5:$Z$304),"",HYPERLINK("#'冷凍品'!C"&(MATCH(30,冷凍品!$Z$5:$Z$304,0)+4),INDEX(冷凍品!$C$5:$C$304,MATCH(30,冷凍品!$Z$5:$Z$304,0))))
B52: =IF(31>MAX('18℃'!$Z$5:$Z$304),"",HYPERLINK("#'18℃'!C"&(MATCH(31,'18℃'!$Z$5:$Z$304,0)+4),INDEX('18℃'!$C$5:$C$304,MATCH(31,'18℃'!$Z$5:$Z$304,0)))) | C52: =IF(31>MAX('4℃飯'!$AA$5:$AA$302),"",HYPERLINK("#'4℃飯'!D"&(MATCH(31,'4℃飯'!$AA$5:$AA$302,0)+4),INDEX('4℃飯'!$D$5:$D$302,MATCH(31,'4℃飯'!$AA$5:$AA$302,0)))) | D52: =IF(31>MAX('4℃麵'!$AA$5:$AA$305),"",HYPERLINK("#'4℃麵'!D"&(MATCH(31,'4℃麵'!$AA$5:$AA$305,0)+4),INDEX('4℃麵'!$D$5:$D$305,MATCH(31,'4℃麵'!$AA$5:$AA$305,0)))) | E52: =IF(31>MAX('4℃其他'!$AA$5:$AA$302),"",HYPERLINK("#'4℃其他'!D"&(MATCH(31,'4℃其他'!$AA$5:$AA$302,0)+4),INDEX('4℃其他'!$D$5:$D$302,MATCH(31,'4℃其他'!$AA$5:$AA$302,0)))) -> 水果聖代三明治 | F52: =IF(31>MAX(冷凍品!$Z$5:$Z$304),"",HYPERLINK("#'冷凍品'!C"&(MATCH(31,冷凍品!$Z$5:$Z$304,0)+4),INDEX(冷凍品!$C$5:$C$304,MATCH(31,冷凍品!$Z$5:$Z$304,0))))
B53: =IF(32>MAX('18℃'!$Z$5:$Z$304),"",HYPERLINK("#'18℃'!C"&(MATCH(32,'18℃'!$Z$5:$Z$304,0)+4),INDEX('18℃'!$C$5:$C$304,MATCH(32,'18℃'!$Z$5:$Z$304,0)))) | C53: =IF(32>MAX('4℃飯'!$AA$5:$AA$302),"",HYPERLINK("#'4℃飯'!D"&(MATCH(32,'4℃飯'!$AA$5:$AA$302,0)+4),INDEX('4℃飯'!$D$5:$D$302,MATCH(32,'4℃飯'!$AA$5:$AA$302,0)))) | D53: =IF(32>MAX('4℃麵'!$AA$5:$AA$305),"",HYPERLINK("#'4℃麵'!D"&(MATCH(32,'4℃麵'!$AA$5:$AA$305,0)+4),INDEX('4℃麵'!$D$5:$D$305,MATCH(32,'4℃麵'!$AA$5:$AA$305,0)))) | E53: =IF(32>MAX('4℃其他'!$AA$5:$AA$302),"",HYPERLINK("#'4℃其他'!D"&(MATCH(32,'4℃其他'!$AA$5:$AA$302,0)+4),INDEX('4℃其他'!$D$5:$D$302,MATCH(32,'4℃其他'!$AA$5:$AA$302,0)))) -> 紅豆黑糖麻糬三明治 | F53: =IF(32>MAX(冷凍品!$Z$5:$Z$304),"",HYPERLINK("#'冷凍品'!C"&(MATCH(32,冷凍品!$Z$5:$Z$304,0)+4),INDEX(冷凍品!$C$5:$C$304,MATCH(32,冷凍品!$Z$5:$Z$304,0))))
B54: =IF(33>MAX('18℃'!$Z$5:$Z$304),"",HYPERLINK("#'18℃'!C"&(MATCH(33,'18℃'!$Z$5:$Z$304,0)+4),INDEX('18℃'!$C$5:$C$304,MATCH(33,'18℃'!$Z$5:$Z$304,0)))) | C54: =IF(33>MAX('4℃飯'!$AA$5:$AA$302),"",HYPERLINK("#'4℃飯'!D"&(MATCH(33,'4℃飯'!$AA$5:$AA$302,0)+4),INDEX('4℃飯'!$D$5:$D$302,MATCH(33,'4℃飯'!$AA$5:$AA$302,0)))) | D54: =IF(33>MAX('4℃麵'!$AA$5:$AA$305),"",HYPERLINK("#'4℃麵'!D"&(MATCH(33,'4℃麵'!$AA$5:$AA$305,0)+4),INDEX('4℃麵'!$D$5:$D$305,MATCH(33,'4℃麵'!$AA$5:$AA$305,0)))) | E54: =IF(33>MAX('4℃其他'!$AA$5:$AA$302),"",HYPERLINK("#'4℃其他'!D"&(MATCH(33,'4℃其他'!$AA$5:$AA$302,0)+4),INDEX('4℃其他'!$D$5:$D$302,MATCH(33,'4℃其他'!$AA$5:$AA$302,0)))) -> 雙泰奶QQ三明治 | F54: =IF(33>MAX(冷凍品!$Z$5:$Z$304),"",HYPERLINK("#'冷凍品'!C"&(MATCH(33,冷凍品!$Z$5:$Z$304,0)+4),INDEX(冷凍品!$C$5:$C$304,MATCH(33,冷凍品!$Z$5:$Z$304,0))))
B55: =IF(34>MAX('18℃'!$Z$5:$Z$304),"",HYPERLINK("#'18℃'!C"&(MATCH(34,'18℃'!$Z$5:$Z$304,0)+4),INDEX('18℃'!$C$5:$C$304,MATCH(34,'18℃'!$Z$5:$Z$304,0)))) | C55: =IF(34>MAX('4℃飯'!$AA$5:$AA$302),"",HYPERLINK("#'4℃飯'!D"&(MATCH(34,'4℃飯'!$AA$5:$AA$302,0)+4),INDEX('4℃飯'!$D$5:$D$302,MATCH(34,'4℃飯'!$AA$5:$AA$302,0)))) | D55: =IF(34>MAX('4℃麵'!$AA$5:$AA$305),"",HYPERLINK("#'4℃麵'!D"&(MATCH(34,'4℃麵'!$AA$5:$AA$305,0)+4),INDEX('4℃麵'!$D$5:$D$305,MATCH(34,'4℃麵'!$AA$5:$AA$305,0)))) | E55: =IF(34>MAX('4℃其他'!$AA$5:$AA$302),"",HYPERLINK("#'4℃其他'!D"&(MATCH(34,'4℃其他'!$AA$5:$AA$302,0)+4),INDEX('4℃其他'!$D$5:$D$302,MATCH(34,'4℃其他'!$AA$5:$AA$302,0)))) -> 超HOT雞腿堡 | F55: =IF(34>MAX(冷凍品!$Z$5:$Z$304),"",HYPERLINK("#'冷凍品'!C"&(MATCH(34,冷凍品!$Z$5:$Z$304,0)+4),INDEX(冷凍品!$C$5:$C$304,MATCH(34,冷凍品!$Z$5:$Z$304,0))))
B56: =IF(35>MAX('18℃'!$Z$5:$Z$304),"",HYPERLINK("#'18℃'!C"&(MATCH(35,'18℃'!$Z$5:$Z$304,0)+4),INDEX('18℃'!$C$5:$C$304,MATCH(35,'18℃'!$Z$5:$Z$304,0)))) | C56: =IF(35>MAX('4℃飯'!$AA$5:$AA$302),"",HYPERLINK("#'4℃飯'!D"&(MATCH(35,'4℃飯'!$AA$5:$AA$302,0)+4),INDEX('4℃飯'!$D$5:$D$302,MATCH(35,'4℃飯'!$AA$5:$AA$302,0)))) | D56: =IF(35>MAX('4℃麵'!$AA$5:$AA$305),"",HYPERLINK("#'4℃麵'!D"&(MATCH(35,'4℃麵'!$AA$5:$AA$305,0)+4),INDEX('4℃麵'!$D$5:$D$305,MATCH(35,'4℃麵'!$AA$5:$AA$305,0)))) | E56: =IF(35>MAX('4℃其他'!$AA$5:$AA$302),"",HYPERLINK("#'4℃其他'!D"&(MATCH(35,'4℃其他'!$AA$5:$AA$302,0)+4),INDEX('4℃其他'!$D$5:$D$302,MATCH(35,'4℃其他'!$AA$5:$AA$302,0)))) -> 厚蛋時蔬握沙拉(切換墨西哥餅皮-原味(8英吋)新+美生菜版) | F56: =IF(35>MAX(冷凍品!$Z$5:$Z$304),"",HYPERLINK("#'冷凍品'!C"&(MATCH(35,冷凍品!$Z$5:$Z$304,0)+4),INDEX(冷凍品!$C$5:$C$304,MATCH(35,冷凍品!$Z$5:$Z$304,0))))
B57: =IF(36>MAX('18℃'!$Z$5:$Z$304),"",HYPERLINK("#'18℃'!C"&(MATCH(36,'18℃'!$Z$5:$Z$304,0)+4),INDEX('18℃'!$C$5:$C$304,MATCH(36,'18℃'!$Z$5:$Z$304,0)))) | C57: =IF(36>MAX('4℃飯'!$AA$5:$AA$302),"",HYPERLINK("#'4℃飯'!D"&(MATCH(36,'4℃飯'!$AA$5:$AA$302,0)+4),INDEX('4℃飯'!$D$5:$D$302,MATCH(36,'4℃飯'!$AA$5:$AA$302,0)))) | D57: =IF(36>MAX('4℃麵'!$AA$5:$AA$305),"",HYPERLINK("#'4℃麵'!D"&(MATCH(36,'4℃麵'!$AA$5:$AA$305,0)+4),INDEX('4℃麵'!$D$5:$D$305,MATCH(36,'4℃麵'!$AA$5:$AA$305,0)))) | E57: =IF(36>MAX('4℃其他'!$AA$5:$AA$302),"",HYPERLINK("#'4℃其他'!D"&(MATCH(36,'4℃其他'!$AA$5:$AA$302,0)+4),INDEX('4℃其他'!$D$5:$D$302,MATCH(36,'4℃其他'!$AA$5:$AA$302,0)))) -> 厚蛋時蔬握沙拉(區)(切換墨西哥餅皮-原味(8英吋)新+美生菜版) | F57: =IF(36>MAX(冷凍品!$Z$5:$Z$304),"",HYPERLINK("#'冷凍品'!C"&(MATCH(36,冷凍品!$Z$5:$Z$304,0)+4),INDEX(冷凍品!$C$5:$C$304,MATCH(36,冷凍品!$Z$5:$Z$304,0))))
B58: =IF(37>MAX('18℃'!$Z$5:$Z$304),"",HYPERLINK("#'18℃'!C"&(MATCH(37,'18℃'!$Z$5:$Z$304,0)+4),INDEX('18℃'!$C$5:$C$304,MATCH(37,'18℃'!$Z$5:$Z$304,0)))) | C58: =IF(37>MAX('4℃飯'!$AA$5:$AA$302),"",HYPERLINK("#'4℃飯'!D"&(MATCH(37,'4℃飯'!$AA$5:$AA$302,0)+4),INDEX('4℃飯'!$D$5:$D$302,MATCH(37,'4℃飯'!$AA$5:$AA$302,0)))) | D58: =IF(37>MAX('4℃麵'!$AA$5:$AA$305),"",HYPERLINK("#'4℃麵'!D"&(MATCH(37,'4℃麵'!$AA$5:$AA$305,0)+4),INDEX('4℃麵'!$D$5:$D$305,MATCH(37,'4℃麵'!$AA$5:$AA$305,0)))) | E58: =IF(37>MAX('4℃其他'!$AA$5:$AA$302),"",HYPERLINK("#'4℃其他'!D"&(MATCH(37,'4℃其他'!$AA$5:$AA$302,0)+4),INDEX('4℃其他'!$D$5:$D$302,MATCH(37,'4℃其他'!$AA$5:$AA$302,0)))) -> 益活雞力能量堡 | F58: =IF(37>MAX(冷凍品!$Z$5:$Z$304),"",HYPERLINK("#'冷凍品'!C"&(MATCH(37,冷凍品!$Z$5:$Z$304,0)+4),INDEX(冷凍品!$C$5:$C$304,MATCH(37,冷凍品!$Z$5:$Z$304,0))))
B59: =IF(38>MAX('18℃'!$Z$5:$Z$304),"",HYPERLINK("#'18℃'!C"&(MATCH(38,'18℃'!$Z$5:$Z$304,0)+4),INDEX('18℃'!$C$5:$C$304,MATCH(38,'18℃'!$Z$5:$Z$304,0)))) | C59: =IF(38>MAX('4℃飯'!$AA$5:$AA$302),"",HYPERLINK("#'4℃飯'!D"&(MATCH(38,'4℃飯'!$AA$5:$AA$302,0)+4),INDEX('4℃飯'!$D$5:$D$302,MATCH(38,'4℃飯'!$AA$5:$AA$302,0)))) | D59: =IF(38>MAX('4℃麵'!$AA$5:$AA$305),"",HYPERLINK("#'4℃麵'!D"&(MATCH(38,'4℃麵'!$AA$5:$AA$305,0)+4),INDEX('4℃麵'!$D$5:$D$305,MATCH(38,'4℃麵'!$AA$5:$AA$305,0)))) | E59: =IF(38>MAX('4℃其他'!$AA$5:$AA$302),"",HYPERLINK("#'4℃其他'!D"&(MATCH(38,'4℃其他'!$AA$5:$AA$302,0)+4),INDEX('4℃其他'!$D$5:$D$302,MATCH(38,'4℃其他'!$AA$5:$AA$302,0)))) -> 好多菜三明治 | F59: =IF(38>MAX(冷凍品!$Z$5:$Z$304),"",HYPERLINK("#'冷凍品'!C"&(MATCH(38,冷凍品!$Z$5:$Z$304,0)+4),INDEX(冷凍品!$C$5:$C$304,MATCH(38,冷凍品!$Z$5:$Z$304,0))))
B60: =IF(39>MAX('18℃'!$Z$5:$Z$304),"",HYPERLINK("#'18℃'!C"&(MATCH(39,'18℃'!$Z$5:$Z$304,0)+4),INDEX('18℃'!$C$5:$C$304,MATCH(39,'18℃'!$Z$5:$Z$304,0)))) | C60: =IF(39>MAX('4℃飯'!$AA$5:$AA$302),"",HYPERLINK("#'4℃飯'!D"&(MATCH(39,'4℃飯'!$AA$5:$AA$302,0)+4),INDEX('4℃飯'!$D$5:$D$302,MATCH(39,'4℃飯'!$AA$5:$AA$302,0)))) | D60: =IF(39>MAX('4℃麵'!$AA$5:$AA$305),"",HYPERLINK("#'4℃麵'!D"&(MATCH(39,'4℃麵'!$AA$5:$AA$305,0)+4),INDEX('4℃麵'!$D$5:$D$305,MATCH(39,'4℃麵'!$AA$5:$AA$305,0)))) | E60: =IF(39>MAX('4℃其他'!$AA$5:$AA$302),"",HYPERLINK("#'4℃其他'!D"&(MATCH(39,'4℃其他'!$AA$5:$AA$302,0)+4),INDEX('4℃其他'!$D$5:$D$302,MATCH(39,'4℃其他'!$AA$5:$AA$302,0)))) -> 陽光地瓜總匯三明治 | F60: =IF(39>MAX(冷凍品!$Z$5:$Z$304),"",HYPERLINK("#'冷凍品'!C"&(MATCH(39,冷凍品!$Z$5:$Z$304,0)+4),INDEX(冷凍品!$C$5:$C$304,MATCH(39,冷凍品!$Z$5:$Z$304,0))))
B61: =IF(40>MAX('18℃'!$Z$5:$Z$304),"",HYPERLINK("#'18℃'!C"&(MATCH(40,'18℃'!$Z$5:$Z$304,0)+4),INDEX('18℃'!$C$5:$C$304,MATCH(40,'18℃'!$Z$5:$Z$304,0)))) | C61: =IF(40>MAX('4℃飯'!$AA$5:$AA$302),"",HYPERLINK("#'4℃飯'!D"&(MATCH(40,'4℃飯'!$AA$5:$AA$302,0)+4),INDEX('4℃飯'!$D$5:$D$302,MATCH(40,'4℃飯'!$AA$5:$AA$302,0)))) | D61: =IF(40>MAX('4℃麵'!$AA$5:$AA$305),"",HYPERLINK("#'4℃麵'!D"&(MATCH(40,'4℃麵'!$AA$5:$AA$305,0)+4),INDEX('4℃麵'!$D$5:$D$305,MATCH(40,'4℃麵'!$AA$5:$AA$305,0)))) | E61: =IF(40>MAX('4℃其他'!$AA$5:$AA$302),"",HYPERLINK("#'4℃其他'!D"&(MATCH(40,'4℃其他'!$AA$5:$AA$302,0)+4),INDEX('4℃其他'!$D$5:$D$302,MATCH(40,'4℃其他'!$AA$5:$AA$302,0)))) -> 輕乳酪巧克力三明治 | F61: =IF(40>MAX(冷凍品!$Z$5:$Z$304),"",HYPERLINK("#'冷凍品'!C"&(MATCH(40,冷凍品!$Z$5:$Z$304,0)+4),INDEX(冷凍品!$C$5:$C$304,MATCH(40,冷凍品!$Z$5:$Z$304,0))))
B62: =IF(41>MAX('18℃'!$Z$5:$Z$304),"",HYPERLINK("#'18℃'!C"&(MATCH(41,'18℃'!$Z$5:$Z$304,0)+4),INDEX('18℃'!$C$5:$C$304,MATCH(41,'18℃'!$Z$5:$Z$304,0)))) | C62: =IF(41>MAX('4℃飯'!$AA$5:$AA$302),"",HYPERLINK("#'4℃飯'!D"&(MATCH(41,'4℃飯'!$AA$5:$AA$302,0)+4),INDEX('4℃飯'!$D$5:$D$302,MATCH(41,'4℃飯'!$AA$5:$AA$302,0)))) | D62: =IF(41>MAX('4℃麵'!$AA$5:$AA$305),"",HYPERLINK("#'4℃麵'!D"&(MATCH(41,'4℃麵'!$AA$5:$AA$305,0)+4),INDEX('4℃麵'!$D$5:$D$305,MATCH(41,'4℃麵'!$AA$5:$AA$305,0)))) | E62: =IF(41>MAX('4℃其他'!$AA$5:$AA$302),"",HYPERLINK("#'4℃其他'!D"&(MATCH(41,'4℃其他'!$AA$5:$AA$302,0)+4),INDEX('4℃其他'!$D$5:$D$302,MATCH(41,'4℃其他'!$AA$5:$AA$302,0)))) -> 煙燻風味捲捲腸堡 | F62: =IF(41>MAX(冷凍品!$Z$5:$Z$304),"",HYPERLINK("#'冷凍品'!C"&(MATCH(41,冷凍品!$Z$5:$Z$304,0)+4),INDEX(冷凍品!$C$5:$C$304,MATCH(41,冷凍品!$Z$5:$Z$304,0))))
B63: =IF(42>MAX('18℃'!$Z$5:$Z$304),"",HYPERLINK("#'18℃'!C"&(MATCH(42,'18℃'!$Z$5:$Z$304,0)+4),INDEX('18℃'!$C$5:$C$304,MATCH(42,'18℃'!$Z$5:$Z$304,0)))) | C63: =IF(42>MAX('4℃飯'!$AA$5:$AA$302),"",HYPERLINK("#'4℃飯'!D"&(MATCH(42,'4℃飯'!$AA$5:$AA$302,0)+4),INDEX('4℃飯'!$D$5:$D$302,MATCH(42,'4℃飯'!$AA$5:$AA$302,0)))) | D63: =IF(42>MAX('4℃麵'!$AA$5:$AA$305),"",HYPERLINK("#'4℃麵'!D"&(MATCH(42,'4℃麵'!$AA$5:$AA$305,0)+4),INDEX('4℃麵'!$D$5:$D$305,MATCH(42,'4℃麵'!$AA$5:$AA$305,0)))) | E63: =IF(42>MAX('4℃其他'!$AA$5:$AA$302),"",HYPERLINK("#'4℃其他'!D"&(MATCH(42,'4℃其他'!$AA$5:$AA$302,0)+4),INDEX('4℃其他'!$D$5:$D$302,MATCH(42,'4℃其他'!$AA$5:$AA$302,0)))) -> 藍莓優格三明治 | F63: =IF(42>MAX(冷凍品!$Z$5:$Z$304),"",HYPERLINK("#'冷凍品'!C"&(MATCH(42,冷凍品!$Z$5:$Z$304,0)+4),INDEX(冷凍品!$C$5:$C$304,MATCH(42,冷凍品!$Z$5:$Z$304,0))))
B64: =IF(43>MAX('18℃'!$Z$5:$Z$304),"",HYPERLINK("#'18℃'!C"&(MATCH(43,'18℃'!$Z$5:$Z$304,0)+4),INDEX('18℃'!$C$5:$C$304,MATCH(43,'18℃'!$Z$5:$Z$304,0)))) | C64: =IF(43>MAX('4℃飯'!$AA$5:$AA$302),"",HYPERLINK("#'4℃飯'!D"&(MATCH(43,'4℃飯'!$AA$5:$AA$302,0)+4),INDEX('4℃飯'!$D$5:$D$302,MATCH(43,'4℃飯'!$AA$5:$AA$302,0)))) | D64: =IF(43>MAX('4℃麵'!$AA$5:$AA$305),"",HYPERLINK("#'4℃麵'!D"&(MATCH(43,'4℃麵'!$AA$5:$AA$305,0)+4),INDEX('4℃麵'!$D$5:$D$305,MATCH(43,'4℃麵'!$AA$5:$AA$305,0)))) | E64: =IF(43>MAX('4℃其他'!$AA$5:$AA$302),"",HYPERLINK("#'4℃其他'!D"&(MATCH(43,'4℃其他'!$AA$5:$AA$302,0)+4),INDEX('4℃其他'!$D$5:$D$302,MATCH(43,'4℃其他'!$AA$5:$AA$302,0)))) -> 古早味香鬆起司三明治 | F64: =IF(43>MAX(冷凍品!$Z$5:$Z$304),"",HYPERLINK("#'冷凍品'!C"&(MATCH(43,冷凍品!$Z$5:$Z$304,0)+4),INDEX(冷凍品!$C$5:$C$304,MATCH(43,冷凍品!$Z$5:$Z$304,0))))
B65: =IF(44>MAX('18℃'!$Z$5:$Z$304),"",HYPERLINK("#'18℃'!C"&(MATCH(44,'18℃'!$Z$5:$Z$304,0)+4),INDEX('18℃'!$C$5:$C$304,MATCH(44,'18℃'!$Z$5:$Z$304,0)))) | C65: =IF(44>MAX('4℃飯'!$AA$5:$AA$302),"",HYPERLINK("#'4℃飯'!D"&(MATCH(44,'4℃飯'!$AA$5:$AA$302,0)+4),INDEX('4℃飯'!$D$5:$D$302,MATCH(44,'4℃飯'!$AA$5:$AA$302,0)))) | D65: =IF(44>MAX('4℃麵'!$AA$5:$AA$305),"",HYPERLINK("#'4℃麵'!D"&(MATCH(44,'4℃麵'!$AA$5:$AA$305,0)+4),INDEX('4℃麵'!$D$5:$D$305,MATCH(44,'4℃麵'!$AA$5:$AA$305,0)))) | E65: =IF(44>MAX('4℃其他'!$AA$5:$AA$302),"",HYPERLINK("#'4℃其他'!D"&(MATCH(44,'4℃其他'!$AA$5:$AA$302,0)+4),INDEX('4℃其他'!$D$5:$D$302,MATCH(44,'4℃其他'!$AA$5:$AA$302,0)))) -> 巧克力肉鬆三明治 | F65: =IF(44>MAX(冷凍品!$Z$5:$Z$304),"",HYPERLINK("#'冷凍品'!C"&(MATCH(44,冷凍品!$Z$5:$Z$304,0)+4),INDEX(冷凍品!$C$5:$C$304,MATCH(44,冷凍品!$Z$5:$Z$304,0))))
B66: =IF(45>MAX('18℃'!$Z$5:$Z$304),"",HYPERLINK("#'18℃'!C"&(MATCH(45,'18℃'!$Z$5:$Z$304,0)+4),INDEX('18℃'!$C$5:$C$304,MATCH(45,'18℃'!$Z$5:$Z$304,0)))) | C66: =IF(45>MAX('4℃飯'!$AA$5:$AA$302),"",HYPERLINK("#'4℃飯'!D"&(MATCH(45,'4℃飯'!$AA$5:$AA$302,0)+4),INDEX('4℃飯'!$D$5:$D$302,MATCH(45,'4℃飯'!$AA$5:$AA$302,0)))) | D66: =IF(45>MAX('4℃麵'!$AA$5:$AA$305),"",HYPERLINK("#'4℃麵'!D"&(MATCH(45,'4℃麵'!$AA$5:$AA$305,0)+4),INDEX('4℃麵'!$D$5:$D$305,MATCH(45,'4℃麵'!$AA$5:$AA$305,0)))) | E66: =IF(45>MAX('4℃其他'!$AA$5:$AA$302),"",HYPERLINK("#'4℃其他'!D"&(MATCH(45,'4℃其他'!$AA$5:$AA$302,0)+4),INDEX('4℃其他'!$D$5:$D$302,MATCH(45,'4℃其他'!$AA$5:$AA$302,0)))) -> 彩蔬纖麥麵沙拉(區) | F66: =IF(45>MAX(冷凍品!$Z$5:$Z$304),"",HYPERLINK("#'冷凍品'!C"&(MATCH(45,冷凍品!$Z$5:$Z$304,0)+4),INDEX(冷凍品!$C$5:$C$304,MATCH(45,冷凍品!$Z$5:$Z$304,0))))
B67: =IF(46>MAX('18℃'!$Z$5:$Z$304),"",HYPERLINK("#'18℃'!C"&(MATCH(46,'18℃'!$Z$5:$Z$304,0)+4),INDEX('18℃'!$C$5:$C$304,MATCH(46,'18℃'!$Z$5:$Z$304,0)))) | C67: =IF(46>MAX('4℃飯'!$AA$5:$AA$302),"",HYPERLINK("#'4℃飯'!D"&(MATCH(46,'4℃飯'!$AA$5:$AA$302,0)+4),INDEX('4℃飯'!$D$5:$D$302,MATCH(46,'4℃飯'!$AA$5:$AA$302,0)))) | D67: =IF(46>MAX('4℃麵'!$AA$5:$AA$305),"",HYPERLINK("#'4℃麵'!D"&(MATCH(46,'4℃麵'!$AA$5:$AA$305,0)+4),INDEX('4℃麵'!$D$5:$D$305,MATCH(46,'4℃麵'!$AA$5:$AA$305,0)))) | E67: =IF(46>MAX('4℃其他'!$AA$5:$AA$302),"",HYPERLINK("#'4℃其他'!D"&(MATCH(46,'4℃其他'!$AA$5:$AA$302,0)+4),INDEX('4℃其他'!$D$5:$D$302,MATCH(46,'4℃其他'!$AA$5:$AA$302,0)))) -> 熔岩起司火腿堡 | F67: =IF(46>MAX(冷凍品!$Z$5:$Z$304),"",HYPERLINK("#'冷凍品'!C"&(MATCH(46,冷凍品!$Z$5:$Z$304,0)+4),INDEX(冷凍品!$C$5:$C$304,MATCH(46,冷凍品!$Z$5:$Z$304,0))))
B68: =IF(47>MAX('18℃'!$Z$5:$Z$304),"",HYPERLINK("#'18℃'!C"&(MATCH(47,'18℃'!$Z$5:$Z$304,0)+4),INDEX('18℃'!$C$5:$C$304,MATCH(47,'18℃'!$Z$5:$Z$304,0)))) | C68: =IF(47>MAX('4℃飯'!$AA$5:$AA$302),"",HYPERLINK("#'4℃飯'!D"&(MATCH(47,'4℃飯'!$AA$5:$AA$302,0)+4),INDEX('4℃飯'!$D$5:$D$302,MATCH(47,'4℃飯'!$AA$5:$AA$302,0)))) | D68: =IF(47>MAX('4℃麵'!$AA$5:$AA$305),"",HYPERLINK("#'4℃麵'!D"&(MATCH(47,'4℃麵'!$AA$5:$AA$305,0)+4),INDEX('4℃麵'!$D$5:$D$305,MATCH(47,'4℃麵'!$AA$5:$AA$305,0)))) | E68: =IF(47>MAX('4℃其他'!$AA$5:$AA$302),"",HYPERLINK("#'4℃其他'!D"&(MATCH(47,'4℃其他'!$AA$5:$AA$302,0)+4),INDEX('4℃其他'!$D$5:$D$302,MATCH(47,'4℃其他'!$AA$5:$AA$302,0)))) -> 雙蛋白薯餅起司堡 | F68: =IF(47>MAX(冷凍品!$Z$5:$Z$304),"",HYPERLINK("#'冷凍品'!C"&(MATCH(47,冷凍品!$Z$5:$Z$304,0)+4),INDEX(冷凍品!$C$5:$C$304,MATCH(47,冷凍品!$Z$5:$Z$304,0))))
B69: =IF(48>MAX('18℃'!$Z$5:$Z$304),"",HYPERLINK("#'18℃'!C"&(MATCH(48,'18℃'!$Z$5:$Z$304,0)+4),INDEX('18℃'!$C$5:$C$304,MATCH(48,'18℃'!$Z$5:$Z$304,0)))) | C69: =IF(48>MAX('4℃飯'!$AA$5:$AA$302),"",HYPERLINK("#'4℃飯'!D"&(MATCH(48,'4℃飯'!$AA$5:$AA$302,0)+4),INDEX('4℃飯'!$D$5:$D$302,MATCH(48,'4℃飯'!$AA$5:$AA$302,0)))) | D69: =IF(48>MAX('4℃麵'!$AA$5:$AA$305),"",HYPERLINK("#'4℃麵'!D"&(MATCH(48,'4℃麵'!$AA$5:$AA$305,0)+4),INDEX('4℃麵'!$D$5:$D$305,MATCH(48,'4℃麵'!$AA$5:$AA$305,0)))) | E69: =IF(48>MAX('4℃其他'!$AA$5:$AA$302),"",HYPERLINK("#'4℃其他'!D"&(MATCH(48,'4℃其他'!$AA$5:$AA$302,0)+4),INDEX('4℃其他'!$D$5:$D$302,MATCH(48,'4℃其他'!$AA$5:$AA$302,0)))) | F69: =IF(48>MAX(冷凍品!$Z$5:$Z$304),"",HYPERLINK("#'冷凍品'!C"&(MATCH(48,冷凍品!$Z$5:$Z$304,0)+4),INDEX(冷凍品!$C$5:$C$304,MATCH(48,冷凍品!$Z$5:$Z$304,0))))
B70: =IF(49>MAX('18℃'!$Z$5:$Z$304),"",HYPERLINK("#'18℃'!C"&(MATCH(49,'18℃'!$Z$5:$Z$304,0)+4),INDEX('18℃'!$C$5:$C$304,MATCH(49,'18℃'!$Z$5:$Z$304,0)))) | C70: =IF(49>MAX('4℃飯'!$AA$5:$AA$302),"",HYPERLINK("#'4℃飯'!D"&(MATCH(49,'4℃飯'!$AA$5:$AA$302,0)+4),INDEX('4℃飯'!$D$5:$D$302,MATCH(49,'4℃飯'!$AA$5:$AA$302,0)))) | D70: =IF(49>MAX('4℃麵'!$AA$5:$AA$305),"",HYPERLINK("#'4℃麵'!D"&(MATCH(49,'4℃麵'!$AA$5:$AA$305,0)+4),INDEX('4℃麵'!$D$5:$D$305,MATCH(49,'4℃麵'!$AA$5:$AA$305,0)))) | E70: =IF(49>MAX('4℃其他'!$AA$5:$AA$302),"",HYPERLINK("#'4℃其他'!D"&(MATCH(49,'4℃其他'!$AA$5:$AA$302,0)+4),INDEX('4℃其他'!$D$5:$D$302,MATCH(49,'4℃其他'!$AA$5:$AA$302,0)))) | F70: =IF(49>MAX(冷凍品!$Z$5:$Z$304),"",HYPERLINK("#'冷凍品'!C"&(MATCH(49,冷凍品!$Z$5:$Z$304,0)+4),INDEX(冷凍品!$C$5:$C$304,MATCH(49,冷凍品!$Z$5:$Z$304,0))))
B71: =IF(50>MAX('18℃'!$Z$5:$Z$304),"",HYPERLINK("#'18℃'!C"&(MATCH(50,'18℃'!$Z$5:$Z$304,0)+4),INDEX('18℃'!$C$5:$C$304,MATCH(50,'18℃'!$Z$5:$Z$304,0)))) | C71: =IF(50>MAX('4℃飯'!$AA$5:$AA$302),"",HYPERLINK("#'4℃飯'!D"&(MATCH(50,'4℃飯'!$AA$5:$AA$302,0)+4),INDEX('4℃飯'!$D$5:$D$302,MATCH(50,'4℃飯'!$AA$5:$AA$302,0)))) | D71: =IF(50>MAX('4℃麵'!$AA$5:$AA$305),"",HYPERLINK("#'4℃麵'!D"&(MATCH(50,'4℃麵'!$AA$5:$AA$305,0)+4),INDEX('4℃麵'!$D$5:$D$305,MATCH(50,'4℃麵'!$AA$5:$AA$305,0)))) | E71: =IF(50>MAX('4℃其他'!$AA$5:$AA$302),"",HYPERLINK("#'4℃其他'!D"&(MATCH(50,'4℃其他'!$AA$5:$AA$302,0)+4),INDEX('4℃其他'!$D$5:$D$302,MATCH(50,'4℃其他'!$AA$5:$AA$302,0)))) | F71: =IF(50>MAX(冷凍品!$Z$5:$Z$304),"",HYPERLINK("#'冷凍品'!C"&(MATCH(50,冷凍品!$Z$5:$Z$304,0)+4),INDEX(冷凍品!$C$5:$C$304,MATCH(50,冷凍品!$Z$5:$Z$304,0))))
B72: =IF(51>MAX('18℃'!$Z$5:$Z$304),"",HYPERLINK("#'18℃'!C"&(MATCH(51,'18℃'!$Z$5:$Z$304,0)+4),INDEX('18℃'!$C$5:$C$304,MATCH(51,'18℃'!$Z$5:$Z$304,0)))) | C72: =IF(51>MAX('4℃飯'!$AA$5:$AA$302),"",HYPERLINK("#'4℃飯'!D"&(MATCH(51,'4℃飯'!$AA$5:$AA$302,0)+4),INDEX('4℃飯'!$D$5:$D$302,MATCH(51,'4℃飯'!$AA$5:$AA$302,0)))) | D72: =IF(51>MAX('4℃麵'!$AA$5:$AA$305),"",HYPERLINK("#'4℃麵'!D"&(MATCH(51,'4℃麵'!$AA$5:$AA$305,0)+4),INDEX('4℃麵'!$D$5:$D$305,MATCH(51,'4℃麵'!$AA$5:$AA$305,0)))) | E72: =IF(51>MAX('4℃其他'!$AA$5:$AA$302),"",HYPERLINK("#'4℃其他'!D"&(MATCH(51,'4℃其他'!$AA$5:$AA$302,0)+4),INDEX('4℃其他'!$D$5:$D$302,MATCH(51,'4℃其他'!$AA$5:$AA$302,0)))) | F72: =IF(51>MAX(冷凍品!$Z$5:$Z$304),"",HYPERLINK("#'冷凍品'!C"&(MATCH(51,冷凍品!$Z$5:$Z$304,0)+4),INDEX(冷凍品!$C$5:$C$304,MATCH(51,冷凍品!$Z$5:$Z$304,0))))
B73: =IF(52>MAX('18℃'!$Z$5:$Z$304),"",HYPERLINK("#'18℃'!C"&(MATCH(52,'18℃'!$Z$5:$Z$304,0)+4),INDEX('18℃'!$C$5:$C$304,MATCH(52,'18℃'!$Z$5:$Z$304,0)))) | C73: =IF(52>MAX('4℃飯'!$AA$5:$AA$302),"",HYPERLINK("#'4℃飯'!D"&(MATCH(52,'4℃飯'!$AA$5:$AA$302,0)+4),INDEX('4℃飯'!$D$5:$D$302,MATCH(52,'4℃飯'!$AA$5:$AA$302,0)))) | D73: =IF(52>MAX('4℃麵'!$AA$5:$AA$305),"",HYPERLINK("#'4℃麵'!D"&(MATCH(52,'4℃麵'!$AA$5:$AA$305,0)+4),INDEX('4℃麵'!$D$5:$D$305,MATCH(52,'4℃麵'!$AA$5:$AA$305,0)))) | E73: =IF(52>MAX('4℃其他'!$AA$5:$AA$302),"",HYPERLINK("#'4℃其他'!D"&(MATCH(52,'4℃其他'!$AA$5:$AA$302,0)+4),INDEX('4℃其他'!$D$5:$D$302,MATCH(52,'4℃其他'!$AA$5:$AA$302,0)))) | F73: =IF(52>MAX(冷凍品!$Z$5:$Z$304),"",HYPERLINK("#'冷凍品'!C"&(MATCH(52,冷凍品!$Z$5:$Z$304,0)+4),INDEX(冷凍品!$C$5:$C$304,MATCH(52,冷凍品!$Z$5:$Z$304,0))))
B74: =IF(53>MAX('18℃'!$Z$5:$Z$304),"",HYPERLINK("#'18℃'!C"&(MATCH(53,'18℃'!$Z$5:$Z$304,0)+4),INDEX('18℃'!$C$5:$C$304,MATCH(53,'18℃'!$Z$5:$Z$304,0)))) | C74: =IF(53>MAX('4℃飯'!$AA$5:$AA$302),"",HYPERLINK("#'4℃飯'!D"&(MATCH(53,'4℃飯'!$AA$5:$AA$302,0)+4),INDEX('4℃飯'!$D$5:$D$302,MATCH(53,'4℃飯'!$AA$5:$AA$302,0)))) | D74: =IF(53>MAX('4℃麵'!$AA$5:$AA$305),"",HYPERLINK("#'4℃麵'!D"&(MATCH(53,'4℃麵'!$AA$5:$AA$305,0)+4),INDEX('4℃麵'!$D$5:$D$305,MATCH(53,'4℃麵'!$AA$5:$AA$305,0)))) | E74: =IF(53>MAX('4℃其他'!$AA$5:$AA$302),"",HYPERLINK("#'4℃其他'!D"&(MATCH(53,'4℃其他'!$AA$5:$AA$302,0)+4),INDEX('4℃其他'!$D$5:$D$302,MATCH(53,'4℃其他'!$AA$5:$AA$302,0)))) | F74: =IF(53>MAX(冷凍品!$Z$5:$Z$304),"",HYPERLINK("#'冷凍品'!C"&(MATCH(53,冷凍品!$Z$5:$Z$304,0)+4),INDEX(冷凍品!$C$5:$C$304,MATCH(53,冷凍品!$Z$5:$Z$304,0))))
B75: =IF(54>MAX('18℃'!$Z$5:$Z$304),"",HYPERLINK("#'18℃'!C"&(MATCH(54,'18℃'!$Z$5:$Z$304,0)+4),INDEX('18℃'!$C$5:$C$304,MATCH(54,'18℃'!$Z$5:$Z$304,0)))) | C75: =IF(54>MAX('4℃飯'!$AA$5:$AA$302),"",HYPERLINK("#'4℃飯'!D"&(MATCH(54,'4℃飯'!$AA$5:$AA$302,0)+4),INDEX('4℃飯'!$D$5:$D$302,MATCH(54,'4℃飯'!$AA$5:$AA$302,0)))) | D75: =IF(54>MAX('4℃麵'!$AA$5:$AA$305),"",HYPERLINK("#'4℃麵'!D"&(MATCH(54,'4℃麵'!$AA$5:$AA$305,0)+4),INDEX('4℃麵'!$D$5:$D$305,MATCH(54,'4℃麵'!$AA$5:$AA$305,0)))) | E75: =IF(54>MAX('4℃其他'!$AA$5:$AA$302),"",HYPERLINK("#'4℃其他'!D"&(MATCH(54,'4℃其他'!$AA$5:$AA$302,0)+4),INDEX('4℃其他'!$D$5:$D$302,MATCH(54,'4℃其他'!$AA$5:$AA$302,0)))) | F75: =IF(54>MAX(冷凍品!$Z$5:$Z$304),"",HYPERLINK("#'冷凍品'!C"&(MATCH(54,冷凍品!$Z$5:$Z$304,0)+4),INDEX(冷凍品!$C$5:$C$304,MATCH(54,冷凍品!$Z$5:$Z$304,0))))
B76: =IF(55>MAX('18℃'!$Z$5:$Z$304),"",HYPERLINK("#'18℃'!C"&(MATCH(55,'18℃'!$Z$5:$Z$304,0)+4),INDEX('18℃'!$C$5:$C$304,MATCH(55,'18℃'!$Z$5:$Z$304,0)))) | C76: =IF(55>MAX('4℃飯'!$AA$5:$AA$302),"",HYPERLINK("#'4℃飯'!D"&(MATCH(55,'4℃飯'!$AA$5:$AA$302,0)+4),INDEX('4℃飯'!$D$5:$D$302,MATCH(55,'4℃飯'!$AA$5:$AA$302,0)))) | D76: =IF(55>MAX('4℃麵'!$AA$5:$AA$305),"",HYPERLINK("#'4℃麵'!D"&(MATCH(55,'4℃麵'!$AA$5:$AA$305,0)+4),INDEX('4℃麵'!$D$5:$D$305,MATCH(55,'4℃麵'!$AA$5:$AA$305,0)))) | E76: =IF(55>MAX('4℃其他'!$AA$5:$AA$302),"",HYPERLINK("#'4℃其他'!D"&(MATCH(55,'4℃其他'!$AA$5:$AA$302,0)+4),INDEX('4℃其他'!$D$5:$D$302,MATCH(55,'4℃其他'!$AA$5:$AA$302,0)))) | F76: =IF(55>MAX(冷凍品!$Z$5:$Z$304),"",HYPERLINK("#'冷凍品'!C"&(MATCH(55,冷凍品!$Z$5:$Z$304,0)+4),INDEX(冷凍品!$C$5:$C$304,MATCH(55,冷凍品!$Z$5:$Z$304,0))))
B77: =IF(56>MAX('18℃'!$Z$5:$Z$304),"",HYPERLINK("#'18℃'!C"&(MATCH(56,'18℃'!$Z$5:$Z$304,0)+4),INDEX('18℃'!$C$5:$C$304,MATCH(56,'18℃'!$Z$5:$Z$304,0)))) | C77: =IF(56>MAX('4℃飯'!$AA$5:$AA$302),"",HYPERLINK("#'4℃飯'!D"&(MATCH(56,'4℃飯'!$AA$5:$AA$302,0)+4),INDEX('4℃飯'!$D$5:$D$302,MATCH(56,'4℃飯'!$AA$5:$AA$302,0)))) | D77: =IF(56>MAX('4℃麵'!$AA$5:$AA$305),"",HYPERLINK("#'4℃麵'!D"&(MATCH(56,'4℃麵'!$AA$5:$AA$305,0)+4),INDEX('4℃麵'!$D$5:$D$305,MATCH(56,'4℃麵'!$AA$5:$AA$305,0)))) | E77: =IF(56>MAX('4℃其他'!$AA$5:$AA$302),"",HYPERLINK("#'4℃其他'!D"&(MATCH(56,'4℃其他'!$AA$5:$AA$302,0)+4),INDEX('4℃其他'!$D$5:$D$302,MATCH(56,'4℃其他'!$AA$5:$AA$302,0)))) | F77: =IF(56>MAX(冷凍品!$Z$5:$Z$304),"",HYPERLINK("#'冷凍品'!C"&(MATCH(56,冷凍品!$Z$5:$Z$304,0)+4),INDEX(冷凍品!$C$5:$C$304,MATCH(56,冷凍品!$Z$5:$Z$304,0))))
B78: =IF(57>MAX('18℃'!$Z$5:$Z$304),"",HYPERLINK("#'18℃'!C"&(MATCH(57,'18℃'!$Z$5:$Z$304,0)+4),INDEX('18℃'!$C$5:$C$304,MATCH(57,'18℃'!$Z$5:$Z$304,0)))) | C78: =IF(57>MAX('4℃飯'!$AA$5:$AA$302),"",HYPERLINK("#'4℃飯'!D"&(MATCH(57,'4℃飯'!$AA$5:$AA$302,0)+4),INDEX('4℃飯'!$D$5:$D$302,MATCH(57,'4℃飯'!$AA$5:$AA$302,0)))) | D78: =IF(57>MAX('4℃麵'!$AA$5:$AA$305),"",HYPERLINK("#'4℃麵'!D"&(MATCH(57,'4℃麵'!$AA$5:$AA$305,0)+4),INDEX('4℃麵'!$D$5:$D$305,MATCH(57,'4℃麵'!$AA$5:$AA$305,0)))) | E78: =IF(57>MAX('4℃其他'!$AA$5:$AA$302),"",HYPERLINK("#'4℃其他'!D"&(MATCH(57,'4℃其他'!$AA$5:$AA$302,0)+4),INDEX('4℃其他'!$D$5:$D$302,MATCH(57,'4℃其他'!$AA$5:$AA$302,0)))) | F78: =IF(57>MAX(冷凍品!$Z$5:$Z$304),"",HYPERLINK("#'冷凍品'!C"&(MATCH(57,冷凍品!$Z$5:$Z$304,0)+4),INDEX(冷凍品!$C$5:$C$304,MATCH(57,冷凍品!$Z$5:$Z$304,0))))
B79: =IF(58>MAX('18℃'!$Z$5:$Z$304),"",HYPERLINK("#'18℃'!C"&(MATCH(58,'18℃'!$Z$5:$Z$304,0)+4),INDEX('18℃'!$C$5:$C$304,MATCH(58,'18℃'!$Z$5:$Z$304,0)))) | C79: =IF(58>MAX('4℃飯'!$AA$5:$AA$302),"",HYPERLINK("#'4℃飯'!D"&(MATCH(58,'4℃飯'!$AA$5:$AA$302,0)+4),INDEX('4℃飯'!$D$5:$D$302,MATCH(58,'4℃飯'!$AA$5:$AA$302,0)))) | D79: =IF(58>MAX('4℃麵'!$AA$5:$AA$305),"",HYPERLINK("#'4℃麵'!D"&(MATCH(58,'4℃麵'!$AA$5:$AA$305,0)+4),INDEX('4℃麵'!$D$5:$D$305,MATCH(58,'4℃麵'!$AA$5:$AA$305,0)))) | E79: =IF(58>MAX('4℃其他'!$AA$5:$AA$302),"",HYPERLINK("#'4℃其他'!D"&(MATCH(58,'4℃其他'!$AA$5:$AA$302,0)+4),INDEX('4℃其他'!$D$5:$D$302,MATCH(58,'4℃其他'!$AA$5:$AA$302,0)))) | F79: =IF(58>MAX(冷凍品!$Z$5:$Z$304),"",HYPERLINK("#'冷凍品'!C"&(MATCH(58,冷凍品!$Z$5:$Z$304,0)+4),INDEX(冷凍品!$C$5:$C$304,MATCH(58,冷凍品!$Z$5:$Z$304,0))))
B80: =IF(59>MAX('18℃'!$Z$5:$Z$304),"",HYPERLINK("#'18℃'!C"&(MATCH(59,'18℃'!$Z$5:$Z$304,0)+4),INDEX('18℃'!$C$5:$C$304,MATCH(59,'18℃'!$Z$5:$Z$304,0)))) | C80: =IF(59>MAX('4℃飯'!$AA$5:$AA$302),"",HYPERLINK("#'4℃飯'!D"&(MATCH(59,'4℃飯'!$AA$5:$AA$302,0)+4),INDEX('4℃飯'!$D$5:$D$302,MATCH(59,'4℃飯'!$AA$5:$AA$302,0)))) | D80: =IF(59>MAX('4℃麵'!$AA$5:$AA$305),"",HYPERLINK("#'4℃麵'!D"&(MATCH(59,'4℃麵'!$AA$5:$AA$305,0)+4),INDEX('4℃麵'!$D$5:$D$305,MATCH(59,'4℃麵'!$AA$5:$AA$305,0)))) | E80: =IF(59>MAX('4℃其他'!$AA$5:$AA$302),"",HYPERLINK("#'4℃其他'!D"&(MATCH(59,'4℃其他'!$AA$5:$AA$302,0)+4),INDEX('4℃其他'!$D$5:$D$302,MATCH(59,'4℃其他'!$AA$5:$AA$302,0)))) | F80: =IF(59>MAX(冷凍品!$Z$5:$Z$304),"",HYPERLINK("#'冷凍品'!C"&(MATCH(59,冷凍品!$Z$5:$Z$304,0)+4),INDEX(冷凍品!$C$5:$C$304,MATCH(59,冷凍品!$Z$5:$Z$304,0))))
B81: =IF(60>MAX('18℃'!$Z$5:$Z$304),"",HYPERLINK("#'18℃'!C"&(MATCH(60,'18℃'!$Z$5:$Z$304,0)+4),INDEX('18℃'!$C$5:$C$304,MATCH(60,'18℃'!$Z$5:$Z$304,0)))) | C81: =IF(60>MAX('4℃飯'!$AA$5:$AA$302),"",HYPERLINK("#'4℃飯'!D"&(MATCH(60,'4℃飯'!$AA$5:$AA$302,0)+4),INDEX('4℃飯'!$D$5:$D$302,MATCH(60,'4℃飯'!$AA$5:$AA$302,0)))) | D81: =IF(60>MAX('4℃麵'!$AA$5:$AA$305),"",HYPERLINK("#'4℃麵'!D"&(MATCH(60,'4℃麵'!$AA$5:$AA$305,0)+4),INDEX('4℃麵'!$D$5:$D$305,MATCH(60,'4℃麵'!$AA$5:$AA$305,0)))) | E81: =IF(60>MAX('4℃其他'!$AA$5:$AA$302),"",HYPERLINK("#'4℃其他'!D"&(MATCH(60,'4℃其他'!$AA$5:$AA$302,0)+4),INDEX('4℃其他'!$D$5:$D$302,MATCH(60,'4℃其他'!$AA$5:$AA$302,0)))) | F81: =IF(60>MAX(冷凍品!$Z$5:$Z$304),"",HYPERLINK("#'冷凍品'!C"&(MATCH(60,冷凍品!$Z$5:$Z$304,0)+4),INDEX(冷凍品!$C$5:$C$304,MATCH(60,冷凍品!$Z$5:$Z$304,0))))
B82: =IF(61>MAX('18℃'!$Z$5:$Z$304),"",HYPERLINK("#'18℃'!C"&(MATCH(61,'18℃'!$Z$5:$Z$304,0)+4),INDEX('18℃'!$C$5:$C$304,MATCH(61,'18℃'!$Z$5:$Z$304,0)))) | C82: =IF(61>MAX('4℃飯'!$AA$5:$AA$302),"",HYPERLINK("#'4℃飯'!D"&(MATCH(61,'4℃飯'!$AA$5:$AA$302,0)+4),INDEX('4℃飯'!$D$5:$D$302,MATCH(61,'4℃飯'!$AA$5:$AA$302,0)))) | D82: =IF(61>MAX('4℃麵'!$AA$5:$AA$305),"",HYPERLINK("#'4℃麵'!D"&(MATCH(61,'4℃麵'!$AA$5:$AA$305,0)+4),INDEX('4℃麵'!$D$5:$D$305,MATCH(61,'4℃麵'!$AA$5:$AA$305,0)))) | E82: =IF(61>MAX('4℃其他'!$AA$5:$AA$302),"",HYPERLINK("#'4℃其他'!D"&(MATCH(61,'4℃其他'!$AA$5:$AA$302,0)+4),INDEX('4℃其他'!$D$5:$D$302,MATCH(61,'4℃其他'!$AA$5:$AA$302,0)))) | F82: =IF(61>MAX(冷凍品!$Z$5:$Z$304),"",HYPERLINK("#'冷凍品'!C"&(MATCH(61,冷凍品!$Z$5:$Z$304,0)+4),INDEX(冷凍品!$C$5:$C$304,MATCH(61,冷凍品!$Z$5:$Z$304,0))))
B83: =IF(62>MAX('18℃'!$Z$5:$Z$304),"",HYPERLINK("#'18℃'!C"&(MATCH(62,'18℃'!$Z$5:$Z$304,0)+4),INDEX('18℃'!$C$5:$C$304,MATCH(62,'18℃'!$Z$5:$Z$304,0)))) | C83: =IF(62>MAX('4℃飯'!$AA$5:$AA$302),"",HYPERLINK("#'4℃飯'!D"&(MATCH(62,'4℃飯'!$AA$5:$AA$302,0)+4),INDEX('4℃飯'!$D$5:$D$302,MATCH(62,'4℃飯'!$AA$5:$AA$302,0)))) | D83: =IF(62>MAX('4℃麵'!$AA$5:$AA$305),"",HYPERLINK("#'4℃麵'!D"&(MATCH(62,'4℃麵'!$AA$5:$AA$305,0)+4),INDEX('4℃麵'!$D$5:$D$305,MATCH(62,'4℃麵'!$AA$5:$AA$305,0)))) | E83: =IF(62>MAX('4℃其他'!$AA$5:$AA$302),"",HYPERLINK("#'4℃其他'!D"&(MATCH(62,'4℃其他'!$AA$5:$AA$302,0)+4),INDEX('4℃其他'!$D$5:$D$302,MATCH(62,'4℃其他'!$AA$5:$AA$302,0)))) | F83: =IF(62>MAX(冷凍品!$Z$5:$Z$304),"",HYPERLINK("#'冷凍品'!C"&(MATCH(62,冷凍品!$Z$5:$Z$304,0)+4),INDEX(冷凍品!$C$5:$C$304,MATCH(62,冷凍品!$Z$5:$Z$304,0))))
B84: =IF(63>MAX('18℃'!$Z$5:$Z$304),"",HYPERLINK("#'18℃'!C"&(MATCH(63,'18℃'!$Z$5:$Z$304,0)+4),INDEX('18℃'!$C$5:$C$304,MATCH(63,'18℃'!$Z$5:$Z$304,0)))) | C84: =IF(63>MAX('4℃飯'!$AA$5:$AA$302),"",HYPERLINK("#'4℃飯'!D"&(MATCH(63,'4℃飯'!$AA$5:$AA$302,0)+4),INDEX('4℃飯'!$D$5:$D$302,MATCH(63,'4℃飯'!$AA$5:$AA$302,0)))) | D84: =IF(63>MAX('4℃麵'!$AA$5:$AA$305),"",HYPERLINK("#'4℃麵'!D"&(MATCH(63,'4℃麵'!$AA$5:$AA$305,0)+4),INDEX('4℃麵'!$D$5:$D$305,MATCH(63,'4℃麵'!$AA$5:$AA$305,0)))) | E84: =IF(63>MAX('4℃其他'!$AA$5:$AA$302),"",HYPERLINK("#'4℃其他'!D"&(MATCH(63,'4℃其他'!$AA$5:$AA$302,0)+4),INDEX('4℃其他'!$D$5:$D$302,MATCH(63,'4℃其他'!$AA$5:$AA$302,0)))) | F84: =IF(63>MAX(冷凍品!$Z$5:$Z$304),"",HYPERLINK("#'冷凍品'!C"&(MATCH(63,冷凍品!$Z$5:$Z$304,0)+4),INDEX(冷凍品!$C$5:$C$304,MATCH(63,冷凍品!$Z$5:$Z$304,0))))
B85: =IF(64>MAX('18℃'!$Z$5:$Z$304),"",HYPERLINK("#'18℃'!C"&(MATCH(64,'18℃'!$Z$5:$Z$304,0)+4),INDEX('18℃'!$C$5:$C$304,MATCH(64,'18℃'!$Z$5:$Z$304,0)))) | C85: =IF(64>MAX('4℃飯'!$AA$5:$AA$302),"",HYPERLINK("#'4℃飯'!D"&(MATCH(64,'4℃飯'!$AA$5:$AA$302,0)+4),INDEX('4℃飯'!$D$5:$D$302,MATCH(64,'4℃飯'!$AA$5:$AA$302,0)))) | D85: =IF(64>MAX('4℃麵'!$AA$5:$AA$305),"",HYPERLINK("#'4℃麵'!D"&(MATCH(64,'4℃麵'!$AA$5:$AA$305,0)+4),INDEX('4℃麵'!$D$5:$D$305,MATCH(64,'4℃麵'!$AA$5:$AA$305,0)))) | E85: =IF(64>MAX('4℃其他'!$AA$5:$AA$302),"",HYPERLINK("#'4℃其他'!D"&(MATCH(64,'4℃其他'!$AA$5:$AA$302,0)+4),INDEX('4℃其他'!$D$5:$D$302,MATCH(64,'4℃其他'!$AA$5:$AA$302,0)))) | F85: =IF(64>MAX(冷凍品!$Z$5:$Z$304),"",HYPERLINK("#'冷凍品'!C"&(MATCH(64,冷凍品!$Z$5:$Z$304,0)+4),INDEX(冷凍品!$C$5:$C$304,MATCH(64,冷凍品!$Z$5:$Z$304,0))))
B86: =IF(65>MAX('18℃'!$Z$5:$Z$304),"",HYPERLINK("#'18℃'!C"&(MATCH(65,'18℃'!$Z$5:$Z$304,0)+4),INDEX('18℃'!$C$5:$C$304,MATCH(65,'18℃'!$Z$5:$Z$304,0)))) | C86: =IF(65>MAX('4℃飯'!$AA$5:$AA$302),"",HYPERLINK("#'4℃飯'!D"&(MATCH(65,'4℃飯'!$AA$5:$AA$302,0)+4),INDEX('4℃飯'!$D$5:$D$302,MATCH(65,'4℃飯'!$AA$5:$AA$302,0)))) | D86: =IF(65>MAX('4℃麵'!$AA$5:$AA$305),"",HYPERLINK("#'4℃麵'!D"&(MATCH(65,'4℃麵'!$AA$5:$AA$305,0)+4),INDEX('4℃麵'!$D$5:$D$305,MATCH(65,'4℃麵'!$AA$5:$AA$305,0)))) | E86: =IF(65>MAX('4℃其他'!$AA$5:$AA$302),"",HYPERLINK("#'4℃其他'!D"&(MATCH(65,'4℃其他'!$AA$5:$AA$302,0)+4),INDEX('4℃其他'!$D$5:$D$302,MATCH(65,'4℃其他'!$AA$5:$AA$302,0)))) | F86: =IF(65>MAX(冷凍品!$Z$5:$Z$304),"",HYPERLINK("#'冷凍品'!C"&(MATCH(65,冷凍品!$Z$5:$Z$304,0)+4),INDEX(冷凍品!$C$5:$C$304,MATCH(65,冷凍品!$Z$5:$Z$304,0))))
B87: =IF(66>MAX('18℃'!$Z$5:$Z$304),"",HYPERLINK("#'18℃'!C"&(MATCH(66,'18℃'!$Z$5:$Z$304,0)+4),INDEX('18℃'!$C$5:$C$304,MATCH(66,'18℃'!$Z$5:$Z$304,0)))) | C87: =IF(66>MAX('4℃飯'!$AA$5:$AA$302),"",HYPERLINK("#'4℃飯'!D"&(MATCH(66,'4℃飯'!$AA$5:$AA$302,0)+4),INDEX('4℃飯'!$D$5:$D$302,MATCH(66,'4℃飯'!$AA$5:$AA$302,0)))) | D87: =IF(66>MAX('4℃麵'!$AA$5:$AA$305),"",HYPERLINK("#'4℃麵'!D"&(MATCH(66,'4℃麵'!$AA$5:$AA$305,0)+4),INDEX('4℃麵'!$D$5:$D$305,MATCH(66,'4℃麵'!$AA$5:$AA$305,0)))) | E87: =IF(66>MAX('4℃其他'!$AA$5:$AA$302),"",HYPERLINK("#'4℃其他'!D"&(MATCH(66,'4℃其他'!$AA$5:$AA$302,0)+4),INDEX('4℃其他'!$D$5:$D$302,MATCH(66,'4℃其他'!$AA$5:$AA$302,0)))) | F87: =IF(66>MAX(冷凍品!$Z$5:$Z$304),"",HYPERLINK("#'冷凍品'!C"&(MATCH(66,冷凍品!$Z$5:$Z$304,0)+4),INDEX(冷凍品!$C$5:$C$304,MATCH(66,冷凍品!$Z$5:$Z$304,0))))
B88: =IF(67>MAX('18℃'!$Z$5:$Z$304),"",HYPERLINK("#'18℃'!C"&(MATCH(67,'18℃'!$Z$5:$Z$304,0)+4),INDEX('18℃'!$C$5:$C$304,MATCH(67,'18℃'!$Z$5:$Z$304,0)))) | C88: =IF(67>MAX('4℃飯'!$AA$5:$AA$302),"",HYPERLINK("#'4℃飯'!D"&(MATCH(67,'4℃飯'!$AA$5:$AA$302,0)+4),INDEX('4℃飯'!$D$5:$D$302,MATCH(67,'4℃飯'!$AA$5:$AA$302,0)))) | D88: =IF(67>MAX('4℃麵'!$AA$5:$AA$305),"",HYPERLINK("#'4℃麵'!D"&(MATCH(67,'4℃麵'!$AA$5:$AA$305,0)+4),INDEX('4℃麵'!$D$5:$D$305,MATCH(67,'4℃麵'!$AA$5:$AA$305,0)))) | E88: =IF(67>MAX('4℃其他'!$AA$5:$AA$302),"",HYPERLINK("#'4℃其他'!D"&(MATCH(67,'4℃其他'!$AA$5:$AA$302,0)+4),INDEX('4℃其他'!$D$5:$D$302,MATCH(67,'4℃其他'!$AA$5:$AA$302,0)))) | F88: =IF(67>MAX(冷凍品!$Z$5:$Z$304),"",HYPERLINK("#'冷凍品'!C"&(MATCH(67,冷凍品!$Z$5:$Z$304,0)+4),INDEX(冷凍品!$C$5:$C$304,MATCH(67,冷凍品!$Z$5:$Z$304,0))))
B89: =IF(68>MAX('18℃'!$Z$5:$Z$304),"",HYPERLINK("#'18℃'!C"&(MATCH(68,'18℃'!$Z$5:$Z$304,0)+4),INDEX('18℃'!$C$5:$C$304,MATCH(68,'18℃'!$Z$5:$Z$304,0)))) | C89: =IF(68>MAX('4℃飯'!$AA$5:$AA$302),"",HYPERLINK("#'4℃飯'!D"&(MATCH(68,'4℃飯'!$AA$5:$AA$302,0)+4),INDEX('4℃飯'!$D$5:$D$302,MATCH(68,'4℃飯'!$AA$5:$AA$302,0)))) | D89: =IF(68>MAX('4℃麵'!$AA$5:$AA$305),"",HYPERLINK("#'4℃麵'!D"&(MATCH(68,'4℃麵'!$AA$5:$AA$305,0)+4),INDEX('4℃麵'!$D$5:$D$305,MATCH(68,'4℃麵'!$AA$5:$AA$305,0)))) | E89: =IF(68>MAX('4℃其他'!$AA$5:$AA$302),"",HYPERLINK("#'4℃其他'!D"&(MATCH(68,'4℃其他'!$AA$5:$AA$302,0)+4),INDEX('4℃其他'!$D$5:$D$302,MATCH(68,'4℃其他'!$AA$5:$AA$302,0)))) | F89: =IF(68>MAX(冷凍品!$Z$5:$Z$304),"",HYPERLINK("#'冷凍品'!C"&(MATCH(68,冷凍品!$Z$5:$Z$304,0)+4),INDEX(冷凍品!$C$5:$C$304,MATCH(68,冷凍品!$Z$5:$Z$304,0))))
B90: =IF(69>MAX('18℃'!$Z$5:$Z$304),"",HYPERLINK("#'18℃'!C"&(MATCH(69,'18℃'!$Z$5:$Z$304,0)+4),INDEX('18℃'!$C$5:$C$304,MATCH(69,'18℃'!$Z$5:$Z$304,0)))) | C90: =IF(69>MAX('4℃飯'!$AA$5:$AA$302),"",HYPERLINK("#'4℃飯'!D"&(MATCH(69,'4℃飯'!$AA$5:$AA$302,0)+4),INDEX('4℃飯'!$D$5:$D$302,MATCH(69,'4℃飯'!$AA$5:$AA$302,0)))) | D90: =IF(69>MAX('4℃麵'!$AA$5:$AA$305),"",HYPERLINK("#'4℃麵'!D"&(MATCH(69,'4℃麵'!$AA$5:$AA$305,0)+4),INDEX('4℃麵'!$D$5:$D$305,MATCH(69,'4℃麵'!$AA$5:$AA$305,0)))) | E90: =IF(69>MAX('4℃其他'!$AA$5:$AA$302),"",HYPERLINK("#'4℃其他'!D"&(MATCH(69,'4℃其他'!$AA$5:$AA$302,0)+4),INDEX('4℃其他'!$D$5:$D$302,MATCH(69,'4℃其他'!$AA$5:$AA$302,0)))) | F90: =IF(69>MAX(冷凍品!$Z$5:$Z$304),"",HYPERLINK("#'冷凍品'!C"&(MATCH(69,冷凍品!$Z$5:$Z$304,0)+4),INDEX(冷凍品!$C$5:$C$304,MATCH(69,冷凍品!$Z$5:$Z$304,0))))
B91: =IF(70>MAX('18℃'!$Z$5:$Z$304),"",HYPERLINK("#'18℃'!C"&(MATCH(70,'18℃'!$Z$5:$Z$304,0)+4),INDEX('18℃'!$C$5:$C$304,MATCH(70,'18℃'!$Z$5:$Z$304,0)))) | C91: =IF(70>MAX('4℃飯'!$AA$5:$AA$302),"",HYPERLINK("#'4℃飯'!D"&(MATCH(70,'4℃飯'!$AA$5:$AA$302,0)+4),INDEX('4℃飯'!$D$5:$D$302,MATCH(70,'4℃飯'!$AA$5:$AA$302,0)))) | D91: =IF(70>MAX('4℃麵'!$AA$5:$AA$305),"",HYPERLINK("#'4℃麵'!D"&(MATCH(70,'4℃麵'!$AA$5:$AA$305,0)+4),INDEX('4℃麵'!$D$5:$D$305,MATCH(70,'4℃麵'!$AA$5:$AA$305,0)))) | E91: =IF(70>MAX('4℃其他'!$AA$5:$AA$302),"",HYPERLINK("#'4℃其他'!D"&(MATCH(70,'4℃其他'!$AA$5:$AA$302,0)+4),INDEX('4℃其他'!$D$5:$D$302,MATCH(70,'4℃其他'!$AA$5:$AA$302,0)))) | F91: =IF(70>MAX(冷凍品!$Z$5:$Z$304),"",HYPERLINK("#'冷凍品'!C"&(MATCH(70,冷凍品!$Z$5:$Z$304,0)+4),INDEX(冷凍品!$C$5:$C$304,MATCH(70,冷凍品!$Z$5:$Z$304,0))))
B92: =IF(71>MAX('18℃'!$Z$5:$Z$304),"",HYPERLINK("#'18℃'!C"&(MATCH(71,'18℃'!$Z$5:$Z$304,0)+4),INDEX('18℃'!$C$5:$C$304,MATCH(71,'18℃'!$Z$5:$Z$304,0)))) | C92: =IF(71>MAX('4℃飯'!$AA$5:$AA$302),"",HYPERLINK("#'4℃飯'!D"&(MATCH(71,'4℃飯'!$AA$5:$AA$302,0)+4),INDEX('4℃飯'!$D$5:$D$302,MATCH(71,'4℃飯'!$AA$5:$AA$302,0)))) | D92: =IF(71>MAX('4℃麵'!$AA$5:$AA$305),"",HYPERLINK("#'4℃麵'!D"&(MATCH(71,'4℃麵'!$AA$5:$AA$305,0)+4),INDEX('4℃麵'!$D$5:$D$305,MATCH(71,'4℃麵'!$AA$5:$AA$305,0)))) | E92: =IF(71>MAX('4℃其他'!$AA$5:$AA$302),"",HYPERLINK("#'4℃其他'!D"&(MATCH(71,'4℃其他'!$AA$5:$AA$302,0)+4),INDEX('4℃其他'!$D$5:$D$302,MATCH(71,'4℃其他'!$AA$5:$AA$302,0)))) | F92: =IF(71>MAX(冷凍品!$Z$5:$Z$304),"",HYPERLINK("#'冷凍品'!C"&(MATCH(71,冷凍品!$Z$5:$Z$304,0)+4),INDEX(冷凍品!$C$5:$C$304,MATCH(71,冷凍品!$Z$5:$Z$304,0))))
B93: =IF(72>MAX('18℃'!$Z$5:$Z$304),"",HYPERLINK("#'18℃'!C"&(MATCH(72,'18℃'!$Z$5:$Z$304,0)+4),INDEX('18℃'!$C$5:$C$304,MATCH(72,'18℃'!$Z$5:$Z$304,0)))) | C93: =IF(72>MAX('4℃飯'!$AA$5:$AA$302),"",HYPERLINK("#'4℃飯'!D"&(MATCH(72,'4℃飯'!$AA$5:$AA$302,0)+4),INDEX('4℃飯'!$D$5:$D$302,MATCH(72,'4℃飯'!$AA$5:$AA$302,0)))) | D93: =IF(72>MAX('4℃麵'!$AA$5:$AA$305),"",HYPERLINK("#'4℃麵'!D"&(MATCH(72,'4℃麵'!$AA$5:$AA$305,0)+4),INDEX('4℃麵'!$D$5:$D$305,MATCH(72,'4℃麵'!$AA$5:$AA$305,0)))) | E93: =IF(72>MAX('4℃其他'!$AA$5:$AA$302),"",HYPERLINK("#'4℃其他'!D"&(MATCH(72,'4℃其他'!$AA$5:$AA$302,0)+4),INDEX('4℃其他'!$D$5:$D$302,MATCH(72,'4℃其他'!$AA$5:$AA$302,0)))) | F93: =IF(72>MAX(冷凍品!$Z$5:$Z$304),"",HYPERLINK("#'冷凍品'!C"&(MATCH(72,冷凍品!$Z$5:$Z$304,0)+4),INDEX(冷凍品!$C$5:$C$304,MATCH(72,冷凍品!$Z$5:$Z$304,0))))
B94: =IF(73>MAX('18℃'!$Z$5:$Z$304),"",HYPERLINK("#'18℃'!C"&(MATCH(73,'18℃'!$Z$5:$Z$304,0)+4),INDEX('18℃'!$C$5:$C$304,MATCH(73,'18℃'!$Z$5:$Z$304,0)))) | C94: =IF(73>MAX('4℃飯'!$AA$5:$AA$302),"",HYPERLINK("#'4℃飯'!D"&(MATCH(73,'4℃飯'!$AA$5:$AA$302,0)+4),INDEX('4℃飯'!$D$5:$D$302,MATCH(73,'4℃飯'!$AA$5:$AA$302,0)))) | D94: =IF(73>MAX('4℃麵'!$AA$5:$AA$305),"",HYPERLINK("#'4℃麵'!D"&(MATCH(73,'4℃麵'!$AA$5:$AA$305,0)+4),INDEX('4℃麵'!$D$5:$D$305,MATCH(73,'4℃麵'!$AA$5:$AA$305,0)))) | E94: =IF(73>MAX('4℃其他'!$AA$5:$AA$302),"",HYPERLINK("#'4℃其他'!D"&(MATCH(73,'4℃其他'!$AA$5:$AA$302,0)+4),INDEX('4℃其他'!$D$5:$D$302,MATCH(73,'4℃其他'!$AA$5:$AA$302,0)))) | F94: =IF(73>MAX(冷凍品!$Z$5:$Z$304),"",HYPERLINK("#'冷凍品'!C"&(MATCH(73,冷凍品!$Z$5:$Z$304,0)+4),INDEX(冷凍品!$C$5:$C$304,MATCH(73,冷凍品!$Z$5:$Z$304,0))))
B95: =IF(74>MAX('18℃'!$Z$5:$Z$304),"",HYPERLINK("#'18℃'!C"&(MATCH(74,'18℃'!$Z$5:$Z$304,0)+4),INDEX('18℃'!$C$5:$C$304,MATCH(74,'18℃'!$Z$5:$Z$304,0)))) | C95: =IF(74>MAX('4℃飯'!$AA$5:$AA$302),"",HYPERLINK("#'4℃飯'!D"&(MATCH(74,'4℃飯'!$AA$5:$AA$302,0)+4),INDEX('4℃飯'!$D$5:$D$302,MATCH(74,'4℃飯'!$AA$5:$AA$302,0)))) | D95: =IF(74>MAX('4℃麵'!$AA$5:$AA$305),"",HYPERLINK("#'4℃麵'!D"&(MATCH(74,'4℃麵'!$AA$5:$AA$305,0)+4),INDEX('4℃麵'!$D$5:$D$305,MATCH(74,'4℃麵'!$AA$5:$AA$305,0)))) | E95: =IF(74>MAX('4℃其他'!$AA$5:$AA$302),"",HYPERLINK("#'4℃其他'!D"&(MATCH(74,'4℃其他'!$AA$5:$AA$302,0)+4),INDEX('4℃其他'!$D$5:$D$302,MATCH(74,'4℃其他'!$AA$5:$AA$302,0)))) | F95: =IF(74>MAX(冷凍品!$Z$5:$Z$304),"",HYPERLINK("#'冷凍品'!C"&(MATCH(74,冷凍品!$Z$5:$Z$304,0)+4),INDEX(冷凍品!$C$5:$C$304,MATCH(74,冷凍品!$Z$5:$Z$304,0))))
B96: =IF(75>MAX('18℃'!$Z$5:$Z$304),"",HYPERLINK("#'18℃'!C"&(MATCH(75,'18℃'!$Z$5:$Z$304,0)+4),INDEX('18℃'!$C$5:$C$304,MATCH(75,'18℃'!$Z$5:$Z$304,0)))) | C96: =IF(75>MAX('4℃飯'!$AA$5:$AA$302),"",HYPERLINK("#'4℃飯'!D"&(MATCH(75,'4℃飯'!$AA$5:$AA$302,0)+4),INDEX('4℃飯'!$D$5:$D$302,MATCH(75,'4℃飯'!$AA$5:$AA$302,0)))) | D96: =IF(75>MAX('4℃麵'!$AA$5:$AA$305),"",HYPERLINK("#'4℃麵'!D"&(MATCH(75,'4℃麵'!$AA$5:$AA$305,0)+4),INDEX('4℃麵'!$D$5:$D$305,MATCH(75,'4℃麵'!$AA$5:$AA$305,0)))) | E96: =IF(75>MAX('4℃其他'!$AA$5:$AA$302),"",HYPERLINK("#'4℃其他'!D"&(MATCH(75,'4℃其他'!$AA$5:$AA$302,0)+4),INDEX('4℃其他'!$D$5:$D$302,MATCH(75,'4℃其他'!$AA$5:$AA$302,0)))) | F96: =IF(75>MAX(冷凍品!$Z$5:$Z$304),"",HYPERLINK("#'冷凍品'!C"&(MATCH(75,冷凍品!$Z$5:$Z$304,0)+4),INDEX(冷凍品!$C$5:$C$304,MATCH(75,冷凍品!$Z$5:$Z$304,0))))
B97: =IF(76>MAX('18℃'!$Z$5:$Z$304),"",HYPERLINK("#'18℃'!C"&(MATCH(76,'18℃'!$Z$5:$Z$304,0)+4),INDEX('18℃'!$C$5:$C$304,MATCH(76,'18℃'!$Z$5:$Z$304,0)))) | C97: =IF(76>MAX('4℃飯'!$AA$5:$AA$302),"",HYPERLINK("#'4℃飯'!D"&(MATCH(76,'4℃飯'!$AA$5:$AA$302,0)+4),INDEX('4℃飯'!$D$5:$D$302,MATCH(76,'4℃飯'!$AA$5:$AA$302,0)))) | D97: =IF(76>MAX('4℃麵'!$AA$5:$AA$305),"",HYPERLINK("#'4℃麵'!D"&(MATCH(76,'4℃麵'!$AA$5:$AA$305,0)+4),INDEX('4℃麵'!$D$5:$D$305,MATCH(76,'4℃麵'!$AA$5:$AA$305,0)))) | E97: =IF(76>MAX('4℃其他'!$AA$5:$AA$302),"",HYPERLINK("#'4℃其他'!D"&(MATCH(76,'4℃其他'!$AA$5:$AA$302,0)+4),INDEX('4℃其他'!$D$5:$D$302,MATCH(76,'4℃其他'!$AA$5:$AA$302,0)))) | F97: =IF(76>MAX(冷凍品!$Z$5:$Z$304),"",HYPERLINK("#'冷凍品'!C"&(MATCH(76,冷凍品!$Z$5:$Z$304,0)+4),INDEX(冷凍品!$C$5:$C$304,MATCH(76,冷凍品!$Z$5:$Z$304,0))))
B98: =IF(77>MAX('18℃'!$Z$5:$Z$304),"",HYPERLINK("#'18℃'!C"&(MATCH(77,'18℃'!$Z$5:$Z$304,0)+4),INDEX('18℃'!$C$5:$C$304,MATCH(77,'18℃'!$Z$5:$Z$304,0)))) | C98: =IF(77>MAX('4℃飯'!$AA$5:$AA$302),"",HYPERLINK("#'4℃飯'!D"&(MATCH(77,'4℃飯'!$AA$5:$AA$302,0)+4),INDEX('4℃飯'!$D$5:$D$302,MATCH(77,'4℃飯'!$AA$5:$AA$302,0)))) | D98: =IF(77>MAX('4℃麵'!$AA$5:$AA$305),"",HYPERLINK("#'4℃麵'!D"&(MATCH(77,'4℃麵'!$AA$5:$AA$305,0)+4),INDEX('4℃麵'!$D$5:$D$305,MATCH(77,'4℃麵'!$AA$5:$AA$305,0)))) | E98: =IF(77>MAX('4℃其他'!$AA$5:$AA$302),"",HYPERLINK("#'4℃其他'!D"&(MATCH(77,'4℃其他'!$AA$5:$AA$302,0)+4),INDEX('4℃其他'!$D$5:$D$302,MATCH(77,'4℃其他'!$AA$5:$AA$302,0)))) | F98: =IF(77>MAX(冷凍品!$Z$5:$Z$304),"",HYPERLINK("#'冷凍品'!C"&(MATCH(77,冷凍品!$Z$5:$Z$304,0)+4),INDEX(冷凍品!$C$5:$C$304,MATCH(77,冷凍品!$Z$5:$Z$304,0))))
B99: =IF(78>MAX('18℃'!$Z$5:$Z$304),"",HYPERLINK("#'18℃'!C"&(MATCH(78,'18℃'!$Z$5:$Z$304,0)+4),INDEX('18℃'!$C$5:$C$304,MATCH(78,'18℃'!$Z$5:$Z$304,0)))) | C99: =IF(78>MAX('4℃飯'!$AA$5:$AA$302),"",HYPERLINK("#'4℃飯'!D"&(MATCH(78,'4℃飯'!$AA$5:$AA$302,0)+4),INDEX('4℃飯'!$D$5:$D$302,MATCH(78,'4℃飯'!$AA$5:$AA$302,0)))) | D99: =IF(78>MAX('4℃麵'!$AA$5:$AA$305),"",HYPERLINK("#'4℃麵'!D"&(MATCH(78,'4℃麵'!$AA$5:$AA$305,0)+4),INDEX('4℃麵'!$D$5:$D$305,MATCH(78,'4℃麵'!$AA$5:$AA$305,0)))) | E99: =IF(78>MAX('4℃其他'!$AA$5:$AA$302),"",HYPERLINK("#'4℃其他'!D"&(MATCH(78,'4℃其他'!$AA$5:$AA$302,0)+4),INDEX('4℃其他'!$D$5:$D$302,MATCH(78,'4℃其他'!$AA$5:$AA$302,0)))) | F99: =IF(78>MAX(冷凍品!$Z$5:$Z$304),"",HYPERLINK("#'冷凍品'!C"&(MATCH(78,冷凍品!$Z$5:$Z$304,0)+4),INDEX(冷凍品!$C$5:$C$304,MATCH(78,冷凍品!$Z$5:$Z$304,0))))
B100: =IF(79>MAX('18℃'!$Z$5:$Z$304),"",HYPERLINK("#'18℃'!C"&(MATCH(79,'18℃'!$Z$5:$Z$304,0)+4),INDEX('18℃'!$C$5:$C$304,MATCH(79,'18℃'!$Z$5:$Z$304,0)))) | C100: =IF(79>MAX('4℃飯'!$AA$5:$AA$302),"",HYPERLINK("#'4℃飯'!D"&(MATCH(79,'4℃飯'!$AA$5:$AA$302,0)+4),INDEX('4℃飯'!$D$5:$D$302,MATCH(79,'4℃飯'!$AA$5:$AA$302,0)))) | D100: =IF(79>MAX('4℃麵'!$AA$5:$AA$305),"",HYPERLINK("#'4℃麵'!D"&(MATCH(79,'4℃麵'!$AA$5:$AA$305,0)+4),INDEX('4℃麵'!$D$5:$D$305,MATCH(79,'4℃麵'!$AA$5:$AA$305,0)))) | E100: =IF(79>MAX('4℃其他'!$AA$5:$AA$302),"",HYPERLINK("#'4℃其他'!D"&(MATCH(79,'4℃其他'!$AA$5:$AA$302,0)+4),INDEX('4℃其他'!$D$5:$D$302,MATCH(79,'4℃其他'!$AA$5:$AA$302,0)))) | F100: =IF(79>MAX(冷凍品!$Z$5:$Z$304),"",HYPERLINK("#'冷凍品'!C"&(MATCH(79,冷凍品!$Z$5:$Z$304,0)+4),INDEX(冷凍品!$C$5:$C$304,MATCH(79,冷凍品!$Z$5:$Z$304,0))))
B101: =IF(80>MAX('18℃'!$Z$5:$Z$304),"",HYPERLINK("#'18℃'!C"&(MATCH(80,'18℃'!$Z$5:$Z$304,0)+4),INDEX('18℃'!$C$5:$C$304,MATCH(80,'18℃'!$Z$5:$Z$304,0)))) | C101: =IF(80>MAX('4℃飯'!$AA$5:$AA$302),"",HYPERLINK("#'4℃飯'!D"&(MATCH(80,'4℃飯'!$AA$5:$AA$302,0)+4),INDEX('4℃飯'!$D$5:$D$302,MATCH(80,'4℃飯'!$AA$5:$AA$302,0)))) | D101: =IF(80>MAX('4℃麵'!$AA$5:$AA$305),"",HYPERLINK("#'4℃麵'!D"&(MATCH(80,'4℃麵'!$AA$5:$AA$305,0)+4),INDEX('4℃麵'!$D$5:$D$305,MATCH(80,'4℃麵'!$AA$5:$AA$305,0)))) | E101: =IF(80>MAX('4℃其他'!$AA$5:$AA$302),"",HYPERLINK("#'4℃其他'!D"&(MATCH(80,'4℃其他'!$AA$5:$AA$302,0)+4),INDEX('4℃其他'!$D$5:$D$302,MATCH(80,'4℃其他'!$AA$5:$AA$302,0)))) | F101: =IF(80>MAX(冷凍品!$Z$5:$Z$304),"",HYPERLINK("#'冷凍品'!C"&(MATCH(80,冷凍品!$Z$5:$Z$304,0)+4),INDEX(冷凍品!$C$5:$C$304,MATCH(80,冷凍品!$Z$5:$Z$304,0))))
B102: =IF(81>MAX('18℃'!$Z$5:$Z$304),"",HYPERLINK("#'18℃'!C"&(MATCH(81,'18℃'!$Z$5:$Z$304,0)+4),INDEX('18℃'!$C$5:$C$304,MATCH(81,'18℃'!$Z$5:$Z$304,0)))) | C102: =IF(81>MAX('4℃飯'!$AA$5:$AA$302),"",HYPERLINK("#'4℃飯'!D"&(MATCH(81,'4℃飯'!$AA$5:$AA$302,0)+4),INDEX('4℃飯'!$D$5:$D$302,MATCH(81,'4℃飯'!$AA$5:$AA$302,0)))) | D102: =IF(81>MAX('4℃麵'!$AA$5:$AA$305),"",HYPERLINK("#'4℃麵'!D"&(MATCH(81,'4℃麵'!$AA$5:$AA$305,0)+4),INDEX('4℃麵'!$D$5:$D$305,MATCH(81,'4℃麵'!$AA$5:$AA$305,0)))) | E102: =IF(81>MAX('4℃其他'!$AA$5:$AA$302),"",HYPERLINK("#'4℃其他'!D"&(MATCH(81,'4℃其他'!$AA$5:$AA$302,0)+4),INDEX('4℃其他'!$D$5:$D$302,MATCH(81,'4℃其他'!$AA$5:$AA$302,0)))) | F102: =IF(81>MAX(冷凍品!$Z$5:$Z$304),"",HYPERLINK("#'冷凍品'!C"&(MATCH(81,冷凍品!$Z$5:$Z$304,0)+4),INDEX(冷凍品!$C$5:$C$304,MATCH(81,冷凍品!$Z$5:$Z$304,0))))
B103: =IF(82>MAX('18℃'!$Z$5:$Z$304),"",HYPERLINK("#'18℃'!C"&(MATCH(82,'18℃'!$Z$5:$Z$304,0)+4),INDEX('18℃'!$C$5:$C$304,MATCH(82,'18℃'!$Z$5:$Z$304,0)))) | C103: =IF(82>MAX('4℃飯'!$AA$5:$AA$302),"",HYPERLINK("#'4℃飯'!D"&(MATCH(82,'4℃飯'!$AA$5:$AA$302,0)+4),INDEX('4℃飯'!$D$5:$D$302,MATCH(82,'4℃飯'!$AA$5:$AA$302,0)))) | D103: =IF(82>MAX('4℃麵'!$AA$5:$AA$305),"",HYPERLINK("#'4℃麵'!D"&(MATCH(82,'4℃麵'!$AA$5:$AA$305,0)+4),INDEX('4℃麵'!$D$5:$D$305,MATCH(82,'4℃麵'!$AA$5:$AA$305,0)))) | E103: =IF(82>MAX('4℃其他'!$AA$5:$AA$302),"",HYPERLINK("#'4℃其他'!D"&(MATCH(82,'4℃其他'!$AA$5:$AA$302,0)+4),INDEX('4℃其他'!$D$5:$D$302,MATCH(82,'4℃其他'!$AA$5:$AA$302,0)))) | F103: =IF(82>MAX(冷凍品!$Z$5:$Z$304),"",HYPERLINK("#'冷凍品'!C"&(MATCH(82,冷凍品!$Z$5:$Z$304,0)+4),INDEX(冷凍品!$C$5:$C$304,MATCH(82,冷凍品!$Z$5:$Z$304,0))))
...

Sheet 填寫說明
B2: 商品半成品與調理設備應用展開一覽表｜填寫說明
B4: 目的 | C4: 盤點本廠商品之半成品組成，及各半成品應用之熱調理設備，據以掌握設備應用狀態（初步以「應用半成品數」衡量），並透過風險示警提前辨識設備依賴集中與資料缺漏。本檔為單一工廠使用，每廠一檔。
B6: 工作表結構 | C6: 「總覽」可點商品名稱跳至明細；五個溫層分頁填寫半成品與設備。「設備應用統計」自動彙總，僅藍字門檻可調整。
B7: 分頁歸類原則 | C7: 商品依販售溫層與品類歸入對應分頁；同一商品的所有半成品填在同一分頁。分頁內的「商品分類」欄可再填細分品類（如飯糰、壽司、便當、涼麵、甜點等）。
B9: 填寫規則 1 | C9: 填寫字體規範「微軟正黑體」，字體大小「10」號
B10: 填寫規則 2 | C10: 每一列代表「一個商品 × 一項半成品」。同一商品有 3 項半成品即填 3 列，且每列的工廠、商品名稱都要填（勿留空、勿合併儲存格），統計公式才能正確計算。
B11: 填寫規則 3 | C11: 有使用調理設備時，在該設備欄下拉選「V」。完全不經調理時，僅於「無使用調理設備」選「V」，不可同時勾選。
B12: 填寫規則 4 | C12: 單位用量分兩欄：「數值」填數字、「單位」下拉選公克或個。製程率直接填數字（如 92），系統自動顯示為 92%。尚未確認者可先留白，不影響設備統計。
B13: 填寫規則 5 | C13: 每列須填「建檔人員」，作為資料追溯窗口。「備註」請註記指示書編號與版本日期，依各分頁欄名填寫。
B14: 填寫規則 6 | C14: 最右側「系統用」隱藏欄自動計算商品目錄與品項數，請勿貼上數值或手動修改。
B16: 風險示警邏輯 | C16: 門檻可於「設備應用統計」C3:C5 藍字儲存格調整。檢核結果共五種狀態：
B17: ⚠ 資料缺漏（紅） | C17: 半成品已填名稱，但 11 個設備欄與「無使用調理設備」皆未勾選 → 須補填，或確認為免調理並勾選「無使用調理設備」。
B18: ⚠ 勾選矛盾（紅） | C18: 同時勾選「無使用調理設備」與任一設備欄 → 邏輯矛盾，請擇一修正。
... B25: 自動資料檢查 | C25: 以下以已填商品或半成品的資料列檢查。數量按明細列計，同一商品可有多列。
B26: 狀態未填（列） | C26: =SUM(COUNTIFS('4℃飯'!$D$5:$D$302,"<>",'4℃飯'!$A$5:$A$302,""),COUNTIFS('4℃麵'!$D$5:$D$305,"<>",'4℃麵'!$A$5:$A$305,""),COUNTIFS('4℃其他'!$D$5:$D$302,"<>",'4℃其他'!$A$5:$A$302,"")) -> 0
B27: 半成品名稱未填（列） | C27: =SUM(COUNTIFS('18℃'!$C$5:$C$304,"<>",'18℃'!$D$5:$D$304,""),COUNTIFS('4℃飯'!$D$5:$D$302,"<>",'4℃飯'!$E$5:$E$302,""),COUNTIFS('4℃麵'!$D$5:$D$305,"<>",'4℃麵'!$E$5:$E$305,""),COUNTIFS('4℃其他'!$D$5:$D$302,"<>",'4℃其他'!$E$5:$E$302,""),COUNTIFS(冷凍品!$C$5:$C$304,"<>",冷凍品!$D$5:$D$304,"")) -> 0
B28: 設備未勾選（列） | C28: =SUM(COUNTIF('18℃'!$U$5:$U$304,"⚠ 資料缺漏"),COUNTIF('4℃飯'!$V$5:$V$302,"⚠ 資料缺漏"),COUNTIF('4℃麵'!$V$5:$V$305,"⚠ 資料缺漏"),COUNTIF('4℃其他'!$V$5:$V$302,"⚠ 資料缺漏"),COUNTIF(冷凍品!$U$5:$U$304,"⚠ 資料缺漏")) -> 0
B29: 設備勾選矛盾（列） | C29: =SUM(COUNTIF('18℃'!$U$5:$U$304,"⚠ 勾選矛盾"),COUNTIF('4℃飯'!$V$5:$V$302,"⚠ 勾選矛盾"),COUNTIF('4℃麵'!$V$5:$V$305,"⚠ 勾選矛盾"),COUNTIF('4℃其他'!$V$5:$V$302,"⚠ 勾選矛盾"),COUNTIF(冷凍品!$U$5:$U$304,"⚠ 勾選矛盾")) -> 0
B30: 建檔人員未填（列） | C30: =SUM(COUNTIFS('18℃'!$D$5:$D$304,"<>",'18℃'!$X$5:$X$304,""),COUNTIFS('4℃飯'!$E$5:$E$302,"<>",'4℃飯'!$Y$5:$Y$302,""),COUNTIFS('4℃麵'!$E$5:$E$305,"<>",'4℃麵'!$Y$5:$Y$305,""),COUNTIFS('4℃其他'!$E$5:$E$302,"<>",'4℃其他'!$Y$5:$Y$302,""),COUNTIFS(冷凍品!$D$5:$D$304,"<>",冷凍品!$X$5:$X$304,"")) -> 0
B31: 工廠不符或未填（列） | C31: =SUM(COUNTIFS('18℃'!$D$5:$D$304,"<>",'18℃'!$A$5:$A$304,"<>新豐"),COUNTIFS('4℃飯'!$E$5:$E$302,"<>",'4℃飯'!$B$5:$B$302,"<>新豐"),COUNTIFS('4℃麵'!$E$5:$E$305,"<>",'4℃麵'!$B$5:$B$305,"<>新豐"),COUNTIFS('4℃其他'!$E$5:$E$302,"<>",'4℃其他'!$B$5:$B$302,"<>新豐"),COUNTIFS(冷凍品!$D$5:$D$304,"<>",冷凍品!$A$5:$A$304,"<>新豐")) -> 0
B32: 用量有值但單位未填（列） | C32: =SUM(COUNTIFS('18℃'!$D$5:$D$304,"<>",'18℃'!$E$5:$E$304,"<>",'18℃'!$F$5:$F$304,""),COUNTIFS('4℃飯'!$E$5:$E$302,"<>",'4℃飯'!$F$5:$F$302,"<>",'4℃飯'!$G$5:$G$302,""),COUNTIFS('4℃麵'!$E$5:$E$305,"<>",'4℃麵'!$F$5:$F$305,"<>",'4℃麵'!$G$5:$G$305,""),COUNTIFS('4℃其他'!$E$5:$E$302,"<>",'4℃其他'!$F$5:$F$302,"<>",'4℃其他'!$G$5:$G$302,""),COUNTIFS(冷凍品!$D$5:$D$304,"<>",冷凍品!$E$5:$E$304,"<>",冷凍品!$F$5:$F$304,"")) -> 0
B34: 狀態判定基準 | C34: 本次已確認狀態依2026/10/14訂單與逐項確認結果。未上市商品保留待上架。後續更新需先確認訂單日期。
B35: 篩選與色彩 | C35: 狀態欄可篩選架上、下架、待上架。橘色表示狀態漏填或同商品不一致；淡黃表示建檔人員或單位待補。
B36: 批次更新同一商品 | C36: 先用商品名稱篩選，選取該商品可見的狀態儲存格，按 Alt+; 僅選可見儲存格，輸入狀態後按 Ctrl+Enter。
B37: 新增商品或半成品 | C37: 請在現有表格範圍內插入整列，再複製相鄰整列的格式、公式與選單，清除輸入資料後填寫新內容。
B38: 保留未確認內容 | C38: 未有依據的建檔人員、用量與單位不代填。未設狀態欄的分頁不納入狀態漏填檢查，既有「-」保留待確認。

Sheet 18℃
A1: 商品半成品與調理設備應用展開一覽表｜18℃
A2: 商品資訊 | H2: 熱調理區（使用者填「V」；免調理者勾最右欄） | T2: 自動計算與風險檢核（勿手動修改） | W2: 建檔資訊（手填）
A3: 工廠 | B3: 商品分類 (細分品類) | C3: 商品名稱 | D3: 半成品名稱 | E3: 單位用量 | G3: 製程率 (填數字) | H3: 炊飯 | I3: 煮麵 | J3: 烤箱 | K3: 炙燒 | L3: 蒸箱 | M3: 油炸機 | N3: 二重釜 | O3: 平釜 (日) | P3: 平釜 (台) | Q3: 蛋皮機 | R3: 壓力鍋 | S3: 無使用 調理設備 | T3: 使用 設備數 | U3: 檢核結果 | V3: 風險說明 | W3: 備註 (指示書編號/版本) | X3: 建檔人員 | Y3: 系統用Y | Z3: 系統用Z
E4: 數值 | F4: 單位
T5: =IF($D5="","",COUNTIF($H5:$R5,"V")) | U5: =IF($D5="","",IF(AND($S5="V",$T5>0),"⚠ 勾選矛盾",IF($S5="V","○ 免調理",IF($T5=0,"⚠ 資料缺漏",IF($T5=1,"▲ 單一設備依賴","OK"))))) | V5: =IF($D5="","",IF(AND($S5="V",$T5>0),"「無使用調理設備」不可與設備欄同時勾選，請擇一修正",IF($S5="V","免調理半成品（外購/僅切配等），不列入設備風險評估",IF($T5=0,"未勾選任何設備，請補填或勾選「無使用調理設備」",IF($T5=1,"僅依賴1台設備，須確認故障/排修時之備援製程","無異常"))))) | Y5: =IF($C5="",0,IF(COUNTIF($C$5:$C5,$C5)=1,1,0)) -> 0 | Z5: =IF(Y5=1,SUM($Y$5:$Y5),"")
T6: =IF($D6="","",COUNTIF($H6:$R6,"V")) | U6: =IF($D6="","",IF(AND($S6="V",$T6>0),"⚠ 勾選矛盾",IF($S6="V","○ 免調理",IF($T6=0,"⚠ 資料缺漏",IF($T6=1,"▲ 單一設備依賴","OK"))))) | V6: =IF($D6="","",IF(AND($S6="V",$T6>0),"「無使用調理設備」不可與設備欄同時勾選，請擇一修正",IF($S6="V","免調理半成品（外購/僅切配等），不列入設備風險評估",IF($T6=0,"未勾選任何設備，請補填或勾選「無使用調理設備」",IF($T6=1,"僅依賴1台設備，須確認故障/排修時之備援製程","無異常"))))) | Y6: =IF($C6="",0,IF(COUNTIF($C$5:$C6,$C6)=1,1,0)) -> 0 | Z6: =IF(Y6=1,SUM($Y$5:$Y6),"")
T7: =IF($D7="","",COUNTIF($H7:$R7,"V")) | U7: =IF($D7="","",IF(AND($S7="V",$T7>0),"⚠ 勾選矛盾",IF($S7="V","○ 免調理",IF($T7=0,"⚠ 資料缺漏",IF($T7=1,"▲ 單一設備依賴","OK"))))) | V7: =IF($D7="","",IF(AND($S7="V",$T7>0),"「無使用調理設備」不可與設備欄同時勾選，請擇一修正",IF($S7="V","免調理半成品（外購/僅切配等），不列入設備風險評估",IF($T7=0,"未勾選任何設備，請補填或勾選「無使用調理設備」",IF($T7=1,"僅依賴1台設備，須確認故障/排修時之備援製程","無異常"))))) | Y7: =IF($C7="",0,IF(COUNTIF($C$5:$C7,$C7)=1,1,0)) -> 0 | Z7: =IF(Y7=1,SUM($Y$5:$Y7),"")
T8: =IF($D8="","",COUNTIF($H8:$R8,"V")) | U8: =IF($D8="","",IF(AND($S8="V",$T8>0),"⚠ 勾選矛盾",IF($S8="V","○ 免調理",IF($T8=0,"⚠ 資料缺漏",IF($T8=1,"▲ 單一設備依賴","OK"))))) | V8: =IF($D8="","",IF(AND($S8="V",$T8>0),"「無使用調理設備」不可與設備欄同時勾選，請擇一修正",IF($S8="V","免調理半成品（外購/僅切配等），不列入設備風險評估",IF($T8=0,"未勾選任何設備，請補填或勾選「無使用調理設備」",IF($T8=1,"僅依賴1台設備，須確認故障/排修時之備援製程","無異常"))))) | Y8: =IF($C8="",0,IF(COUNTIF($C$5:$C8,$C8)=1,1,0)) -> 0 | Z8: =IF(Y8=1,SUM($Y$5:$Y8),"")
T9: =IF($D9="","",COUNTIF($H9:$R9,"V")) | U9: =IF($D9="","",IF(AND($S9="V",$T9>0),"⚠ 勾選矛盾",IF($S9="V","○ 免調理",IF($T9=0,"⚠ 資料缺漏",IF($T9=1,"▲ 單一設備依賴","OK"))))) | V9: =IF($D9="","",IF(AND($S9="V",$T9>0),"「無使用調理設備」不可與設備欄同時勾選，請擇一修正",IF($S9="V","免調理半成品（外購/僅切配等），不列入設備風險評估",IF($T9=0,"未勾選任何設備，請補填或勾選「無使用調理設備」",IF($T9=1,"僅依賴1台設備，須確認故障/排修時之備援製程","無異常"))))) | Y9: =IF($C9="",0,IF(COUNTIF($C$5:$C9,$C9)=1,1,0)) -> 0 | Z9: =IF(Y9=1,SUM($Y$5:$Y9),"")
T10: =IF($D10="","",COUNTIF($H10:$R10,"V")) | U10: =IF($D10="","",IF(AND($S10="V",$T10>0),"⚠ 勾選矛盾",IF($S10="V","○ 免調理",IF($T10=0,"⚠ 資料缺漏",IF($T10=1,"▲ 單一設備依賴","OK"))))) | V10: =IF($D10="","",IF(AND($S10="V",$T10>0),"「無使用調理設備」不可與設備欄同時勾選，請擇一修正",IF($S10="V","免調理半成品（外購/僅切配等），不列入設備風險評估",IF($T10=0,"未勾選任何設備，請補填或勾選「無使用調理設備」",IF($T10=1,"僅依賴1台設備，須確認故障/排修時之備援製程","無異常"))))) | Y10: =IF($C10="",0,IF(COUNTIF($C$5:$C10,$C10)=1,1,0)) -> 0 | Z10: =IF(Y10=1,SUM($Y$5:$Y10),"")
T11: =IF($D11="","",COUNTIF($H11:$R11,"V")) | U11: =IF($D11="","",IF(AND($S11="V",$T11>0),"⚠ 勾選矛盾",IF($S11="V","○ 免調理",IF($T11=0,"⚠ 資料缺漏",IF($T11=1,"▲ 單一設備依賴","OK"))))) | V11: =IF($D11="","",IF(AND($S11="V",$T11>0),"「無使用調理設備」不可與設備欄同時勾選，請擇一修正",IF($S11="V","免調理半成品（外購/僅切配等），不列入設備風險評估",IF($T11=0,"未勾選任何設備，請補填或勾選「無使用調理設備」",IF($T11=1,"僅依賴1台設備，須確認故障/排修時之備援製程","無異常"))))) | Y11: =IF($C11="",0,IF(COUNTIF($C$5:$C11,$C11)=1,1,0)) -> 0 | Z11: =IF(Y11=1,SUM($Y$5:$Y11),"")
T12: =IF($D12="","",COUNTIF($H12:$R12,"V")) | U12: =IF($D12="","",IF(AND($S12="V",$T12>0),"⚠ 勾選矛盾",IF($S12="V","○ 免調理",IF($T12=0,"⚠ 資料缺漏",IF($T12=1,"▲ 單一設備依賴","OK"))))) | V12: =IF($D12="","",IF(AND($S12="V",$T12>0),"「無使用調理設備」不可與設備欄同時勾選，請擇一修正",IF($S12="V","免調理半成品（外購/僅切配等），不列入設備風險評估",IF($T12=0,"未勾選任何設備，請補填或勾選「無使用調理設備」",IF($T12=1,"僅依賴1台設備，須確認故障/排修時之備援製程","無異常"))))) | Y12: =IF($C12="",0,IF(COUNTIF($C$5:$C12,$C12)=1,1,0)) -> 0 | Z12: =IF(Y12=1,SUM($Y$5:$Y12),"")
T13: =IF($D13="","",COUNTIF($H13:$R13,"V")) | U13: =IF($D13="","",IF(AND($S13="V",$T13>0),"⚠ 勾選矛盾",IF($S13="V","○ 免調理",IF($T13=0,"⚠ 資料缺漏",IF($T13=1,"▲ 單一設備依賴","OK"))))) | V13: =IF($D13="","",IF(AND($S13="V",$T13>0),"「無使用調理設備」不可與設備欄同時勾選，請擇一修正",IF($S13="V","免調理半成品（外購/僅切配等），不列入設備風險評估",IF($T13=0,"未勾選任何設備，請補填或勾選「無使用調理設備」",IF($T13=1,"僅依賴1台設備，須確認故障/排修時之備援製程","無異常"))))) | Y13: =IF($C13="",0,IF(COUNTIF($C$5:$C13,$C13)=1,1,0)) -> 0 | Z13: =IF(Y13=1,SUM($Y$5:$Y13),"")
T14: =IF($D14="","",COUNTIF($H14:$R14,"V")) | U14: =IF($D14="","",IF(AND($S14="V",$T14>0),"⚠ 勾選矛盾",IF($S14="V","○ 免調理",IF($T14=0,"⚠ 資料缺漏",IF($T14=1,"▲ 單一設備依賴","OK"))))) | V14: =IF($D14="","",IF(AND($S14="V",$T14>0),"「無使用調理設備」不可與設備欄同時勾選，請擇一修正",IF($S14="V","免調理半成品（外購/僅切配等），不列入設備風險評估",IF($T14=0,"未勾選任何設備，請補填或勾選「無使用調理設備」",IF($T14=1,"僅依賴1台設備，須確認故障/排修時之備援製程","無異常"))))) | Y14: =IF($C14="",0,IF(COUNTIF($C$5:$C14,$C14)=1,1,0)) -> 0 | Z14: =IF(Y14=1,SUM($Y$5:$Y14),"")
T15: =IF($D15="","",COUNTIF($H15:$R15,"V")) | U15: =IF($D15="","",IF(AND($S15="V",$T15>0),"⚠ 勾選矛盾",IF($S15="V","○ 免調理",IF($T15=0,"⚠ 資料缺漏",IF($T15=1,"▲ 單一設備依賴","OK"))))) | V15: =IF($D15="","",IF(AND($S15="V",$T15>0),"「無使用調理設備」不可與設備欄同時勾選，請擇一修正",IF($S15="V","免調理半成品（外購/僅切配等），不列入設備風險評估",IF($T15=0,"未勾選任何設備，請補填或勾選「無使用調理設備」",IF($T15=1,"僅依賴1台設備，須確認故障/排修時之備援製程","無異常"))))) | Y15: =IF($C15="",0,IF(COUNTIF($C$5:$C15,$C15)=1,1,0)) -> 0 | Z15: =IF(Y15=1,SUM($Y$5:$Y15),"")
T16: =IF($D16="","",COUNTIF($H16:$R16,"V")) | U16: =IF($D16="","",IF(AND($S16="V",$T16>0),"⚠ 勾選矛盾",IF($S16="V","○ 免調理",IF($T16=0,"⚠ 資料缺漏",IF($T16=1,"▲ 單一設備依賴","OK"))))) | V16: =IF($D16="","",IF(AND($S16="V",$T16>0),"「無使用調理設備」不可與設備欄同時勾選，請擇一修正",IF($S16="V","免調理半成品（外購/僅切配等），不列入設備風險評估",IF($T16=0,"未勾選任何設備，請補填或勾選「無使用調理設備」",IF($T16=1,"僅依賴1台設備，須確認故障/排修時之備援製程","無異常"))))) | Y16: =IF($C16="",0,IF(COUNTIF($C$5:$C16,$C16)=1,1,0)) -> 0 | Z16: =IF(Y16=1,SUM($Y$5:$Y16),"")
... T304: =IF($D304="","",COUNTIF($H304:$R304,"V")) | U304: =IF($D304="","",IF(AND($S304="V",$T304>0),"⚠ 勾選矛盾",IF($S304="V","○ 免調理",IF($T304=0,"⚠ 資料缺漏",IF($T304=1,"▲ 單一設備依賴","OK"))))) | V304: =IF($D304="","",IF(AND($S304="V",$T304>0),"「無使用調理設備」不可與設備欄同時勾選，請擇一修正",IF($S304="V","免調理半成品（外購/僅切配等），不列入設備風險評估",IF($T304=0,"未勾選任何設備，請補填或勾選「無使用調理設備」",IF($T304=1,"僅依賴1台設備，須確認故障/排修時之備援製程","無異常"))))) | Y304: =IF($C304="",0,IF(COUNTIF($C$5:$C304,$C304)=1,1,0)) -> 0 | Z304: =IF(Y304=1,SUM($Y$5:$Y304),"")

Sheet 4℃飯
B1: 商品半成品與調理設備應用展開一覽表｜4℃飯
A2: 商品資訊 | I2: 熱調理區（使用者填「V」；免調理者勾最右欄） | U2: 自動計算與風險檢核（勿手動修改） | X2: 建檔資訊（手填）
A3: 狀態 | B3: 工廠 | C3: 商品分類 (細分品類) | D3: 商品名稱 | E3: 半成品名稱 | F3: 單位用量 | H3: 製程率 (填數字) | I3: 炊飯 | J3: 煮麵 | K3: 烤箱 | L3: 炙燒 | M3: 蒸箱 | N3: 油炸機 | O3: 二重釜 | P3: 平釜 (日) | Q3: 平釜 (台) | R3: 蛋皮機 | S3: 壓力鍋 | T3: 無使用 調理設備 | U3: 使用 設備數 | V3: 檢核結果 | W3: 風險說明 | X3: 備註 (指示書編號/版本) | Y3: 建檔人員 | Z3: 系統用Y | AA3: 系統用Z
F4: 數值 | G4: 單位
A5: 架上 | B5: 新豐 | C5: 主食 | D5: 鐵板滑蛋炸豬排丼 | E5: 冷藏便當飯(109年) | F5: 246 | G5: 公克 | H5: 85 | I5: V | U5: =IF($E5="","",COUNTIF($I5:$S5,"V")) -> 1 | V5: =IF($E5="","",IF(AND($T5="V",$U5>0),"⚠ 勾選矛盾",IF($T5="V","○ 免調理",IF($U5=0,"⚠ 資料缺漏",IF($U5=1,"▲ 單一設備依賴","OK"))))) -> ▲ 單一設備依賴 | W5: =IF($E5="","",IF(AND($T5="V",$U5>0),"「無使用調理設備」不可與設備欄同時勾選，請擇一修正",IF($T5="V","免調理半成品（外購/僅切配等），不列入設備風險評估",IF($U5=0,"未勾選任何設備，請補填或勾選「無使用調理設備」",IF($U5=1,"僅依賴1台設備，須確認故障/排修時之備援製程","無異常"))))) -> 僅依賴1台設備，須確認故障/排修時之備援製程 | X5: 1120718鐵板滑蛋炸豬排丼.確認版(11)-G06-食研所製成率校正、封膜設計變更 | Y5: 王安淇 | Z5: =IF($D5="",0,IF(COUNTIF($D$5:$D5,$D5)=1,1,0)) -> 1 | AA5: =IF(Z5=1,SUM($Z$5:$Z5),"") -> 1
A6: 架上 | B6: 新豐 | C6: 主食 | D6: 鐵板滑蛋炸豬排丼 | E6: 丼飯-柴魚湯凍(111年) | F6: 65 | G6: 公克 | H6: 65 | O6: V | U6: =IF($E6="","",COUNTIF($I6:$S6,"V")) -> 1 | V6: =IF($E6="","",IF(AND($T6="V",$U6>0),"⚠ 勾選矛盾",IF($T6="V","○ 免調理",IF($U6=0,"⚠ 資料缺漏",IF($U6=1,"▲ 單一設備依賴","OK"))))) -> ▲ 單一設備依賴 | W6: =IF($E6="","",IF(AND($T6="V",$U6>0),"「無使用調理設備」不可與設備欄同時勾選，請擇一修正",IF($T6="V","免調理半成品（外購/僅切配等），不列入設備風險評估",IF($U6=0,"未勾選任何設備，請補填或勾選「無使用調理設備」",IF($U6=1,"僅依賴1台設備，須確認故障/排修時之備援製程","無異常"))))) -> 僅依賴1台設備，須確認故障/排修時之備援製程 | X6: 1120718鐵板滑蛋炸豬排丼.確認版(11)-G06-食研所製成率校正、封膜設計變更 | Y6: 王安淇 | Z6: =IF($D6="",0,IF(COUNTIF($D$5:$D6,$D6)=1,1,0)) -> 0 | AA6: =IF(Z6=1,SUM($Z$5:$Z6),"")
A7: 架上 | B7: 新豐 | C7: 主食 | D7: 鐵板滑蛋炸豬排丼 | E7: 烤日式豬排洋蔥蛋(112年) | F7: 1 | G7: 個 | H7: 100 | K7: V | N7: V | U7: =IF($E7="","",COUNTIF($I7:$S7,"V")) -> 2 | V7: =IF($E7="","",IF(AND($T7="V",$U7>0),"⚠ 勾選矛盾",IF($T7="V","○ 免調理",IF($U7=0,"⚠ 資料缺漏",IF($U7=1,"▲ 單一設備依賴","OK"))))) -> OK | W7: =IF($E7="","",IF(AND($T7="V",$U7>0),"「無使用調理設備」不可與設備欄同時勾選，請擇一修正",IF($T7="V","免調理半成品（外購/僅切配等），不列入設備風險評估",IF($U7=0,"未勾選任何設備，請補填或勾選「無使用調理設備」",IF($U7=1,"僅依賴1台設備，須確認故障/排修時之備援製程","無異常"))))) -> 無異常 | X7: 1120718鐵板滑蛋炸豬排丼.確認版(11)-G06-食研所製成率校正、封膜設計變更 | Y7: 王安淇 | Z7: =IF($D7="",0,IF(COUNTIF($D$5:$D7,$D7)=1,1,0)) -> 0 | AA7: =IF(Z7=1,SUM($Z$5:$Z7),"")
A8: 架上 | B8: 新豐 | C8: 主食 | D8: 鐵板滑蛋炸豬排丼 | E8: 丼飯-滑蛋(112年) | F8: 75 | G8: 公克 | H8: 60.2 | O8: V | U8: =IF($E8="","",COUNTIF($I8:$S8,"V")) -> 1 | V8: =IF($E8="","",IF(AND($T8="V",$U8>0),"⚠ 勾選矛盾",IF($T8="V","○ 免調理",IF($U8=0,"⚠ 資料缺漏",IF($U8=1,"▲ 單一設備依賴","OK"))))) -> ▲ 單一設備依賴 | W8: =IF($E8="","",IF(AND($T8="V",$U8>0),"「無使用調理設備」不可與設備欄同時勾選，請擇一修正",IF($T8="V","免調理半成品（外購/僅切配等），不列入設備風險評估",IF($U8=0,"未勾選任何設備，請補填或勾選「無使用調理設備」",IF($U8=1,"僅依賴1台設備，須確認故障/排修時之備援製程","無異常"))))) -> 僅依賴1台設備，須確認故障/排修時之備援製程 | X8: 1120718鐵板滑蛋炸豬排丼.確認版(11)-G06-食研所製成率校正、封膜設計變更 | Y8: 王安淇 | Z8: =IF($D8="",0,IF(COUNTIF($D$5:$D8,$D8)=1,1,0)) -> 0 | AA8: =IF(Z8=1,SUM($Z$5:$Z8),"")
A9: 架上 | B9: 新豐 | C9: 主食 | D9: 鐵板滑蛋炸豬排丼 | E9: 清洗蔥花 | F9: 2 | G9: 公克 | H9: 70 | T9: V | U9: =IF($E9="","",COUNTIF($I9:$S9,"V")) -> 0 | V9: =IF($E9="","",IF(AND($T9="V",$U9>0),"⚠ 勾選矛盾",IF($T9="V","○ 免調理",IF($U9=0,"⚠ 資料缺漏",IF($U9=1,"▲ 單一設備依賴","OK"))))) -> ○ 免調理 | W9: =IF($E9="","",IF(AND($T9="V",$U9>0),"「無使用調理設備」不可與設備欄同時勾選，請擇一修正",IF($T9="V","免調理半成品（外購/僅切配等），不列入設備風險評估",IF($U9=0,"未勾選任何設備，請補填或勾選「無使用調理設備」",IF($U9=1,"僅依賴1台設備，須確認故障/排修時之備援製程","無異常"))))) -> 免調理半成品（外購/僅切配等），不列入設備風險評估 | X9: 1120718鐵板滑蛋炸豬排丼.確認版(11)-G06-食研所製成率校正、封膜設計變更 | Y9: 王安淇 | Z9: =IF($D9="",0,IF(COUNTIF($D$5:$D9,$D9)=1,1,0)) -> 0 | AA9: =IF(Z9=1,SUM($Z$5:$Z9),"")
A10: 架上 | B10: 新豐 | C10: 主食 | D10: 鐵板滑蛋炸豬排丼 | E10: 殺菌七味唐辛子(B0702AW6161) | F10: 0.1 | G10: 公克 | H10: 100 | T10: V | U10: =IF($E10="","",COUNTIF($I10:$S10,"V")) -> 0 | V10: =IF($E10="","",IF(AND($T10="V",$U10>0),"⚠ 勾選矛盾",IF($T10="V","○ 免調理",IF($U10=0,"⚠ 資料缺漏",IF($U10=1,"▲ 單一設備依賴","OK"))))) -> ○ 免調理 | W10: =IF($E10="","",IF(AND($T10="V",$U10>0),"「無使用調理設備」不可與設備欄同時勾選，請擇一修正",IF($T10="V","免調理半成品（外購/僅切配等），不列入設備風險評估",IF($U10=0,"未勾選任何設備，請補填或勾選「無使用調理設備」",IF($U10=1,"僅依賴1台設備，須確認故障/排修時之備援製程","無異常"))))) -> 免調理半成品（外購/僅切配等），不列入設備風險評估 | X10: 1120718鐵板滑蛋炸豬排丼.確認版(11)-G06-食研所製成率校正、封膜設計變更 | Y10: 王安淇 | Z10: =IF($D10="",0,IF(COUNTIF($D$5:$D10,$D10)=1,1,0)) -> 0 | AA10: =IF(Z10=1,SUM($Z$5:$Z10),"")
A11: 架上 | B11: 新豐 | C11: 主食 | D11: 炙烤醬香燒豚飯 | E11: 新低溫飯 | F11: 240 | G11: 公克 | H11: 85 | I11: V | U11: =IF($E11="","",COUNTIF($I11:$S11,"V")) -> 1 | V11: =IF($E11="","",IF(AND($T11="V",$U11>0),"⚠ 勾選矛盾",IF($T11="V","○ 免調理",IF($U11=0,"⚠ 資料缺漏",IF($U11=1,"▲ 單一設備依賴","OK"))))) -> ▲ 單一設備依賴 | W11: =IF($E11="","",IF(AND($T11="V",$U11>0),"「無使用調理設備」不可與設備欄同時勾選，請擇一修正",IF($T11="V","免調理半成品（外購/僅切配等），不列入設備風險評估",IF($U11=0,"未勾選任何設備，請補填或勾選「無使用調理設備」",IF($U11=1,"僅依賴1台設備，須確認故障/排修時之備援製程","無異常"))))) -> 僅依賴1台設備，須確認故障/排修時之備援製程 | X11: 1150617炙烤醬香燒豚飯.確認版(1) | Y11: 王安淇 | Z11: =IF($D11="",0,IF(COUNTIF($D$5:$D11,$D11)=1,1,0)) -> 1 | AA11: =IF(Z11=1,SUM($Z$5:$Z11),"") -> 2
A12: 架上 | B12: 新豐 | C12: 主食 | D12: 炙烤醬香燒豚飯 | E12: 蒜味燒豚醬(115年) | F12: 12 | G12: 公克 | H12: 61.1 | O12: V | U12: =IF($E12="","",COUNTIF($I12:$S12,"V")) -> 1 | V12: =IF($E12="","",IF(AND($T12="V",$U12>0),"⚠ 勾選矛盾",IF($T12="V","○ 免調理",IF($U12=0,"⚠ 資料缺漏",IF($U12=1,"▲ 單一設備依賴","OK"))))) -> ▲ 單一設備依賴 | W12: =IF($E12="","",IF(AND($T12="V",$U12>0),"「無使用調理設備」不可與設備欄同時勾選，請擇一修正",IF($T12="V","免調理半成品（外購/僅切配等），不列入設備風險評估",IF($U12=0,"未勾選任何設備，請補填或勾選「無使用調理設備」",IF($U12=1,"僅依賴1台設備，須確認故障/排修時之備援製程","無異常"))))) -> 僅依賴1台設備，須確認故障/排修時之備援製程 | X12: 1150617炙烤醬香燒豚飯.確認版(1) | Y12: 王安淇 | Z12: =IF($D12="",0,IF(COUNTIF($D$5:$D12,$D12)=1,1,0)) -> 0 | AA12: =IF(Z12=1,SUM($Z$5:$Z12),"")
A13: 架上 | B13: 新豐 | C13: 主食 | D13: 炙烤醬香燒豚飯 | E13: 切-炙燒炭火燒肉片 | F13: 37 | G13: 公克 | H13: 95 | K13: V | L13: V | U13: =IF($E13="","",COUNTIF($I13:$S13,"V")) -> 2 | V13: =IF($E13="","",IF(AND($T13="V",$U13>0),"⚠ 勾選矛盾",IF($T13="V","○ 免調理",IF($U13=0,"⚠ 資料缺漏",IF($U13=1,"▲ 單一設備依賴","OK"))))) -> OK | W13: =IF($E13="","",IF(AND($T13="V",$U13>0),"「無使用調理設備」不可與設備欄同時勾選，請擇一修正",IF($T13="V","免調理半成品（外購/僅切配等），不列入設備風險評估",IF($U13=0,"未勾選任何設備，請補填或勾選「無使用調理設備」",IF($U13=1,"僅依賴1台設備，須確認故障/排修時之備援製程","無異常"))))) -> 無異常 | X13: 1150617炙烤醬香燒豚飯.確認版(1) | Y13: 王安淇 | Z13: =IF($D13="",0,IF(COUNTIF($D$5:$D13,$D13)=1,1,0)) -> 0 | AA13: =IF(Z13=1,SUM($Z$5:$Z13),"")
A14: 架上 | B14: 新豐 | C14: 主食 | D14: 炙烤醬香燒豚飯 | E14: 甘口燒肉醬 | F14: 30 | G14: 公克 | H14: 61.8 | O14: V | U14: =IF($E14="","",COUNTIF($I14:$S14,"V")) -> 1 | V14: =IF($E14="","",IF(AND($T14="V",$U14>0),"⚠ 勾選矛盾",IF($T14="V","○ 免調理",IF($U14=0,"⚠ 資料缺漏",IF($U14=1,"▲ 單一設備依賴","OK"))))) -> ▲ 單一設備依賴 | W14: =IF($E14="","",IF(AND($T14="V",$U14>0),"「無使用調理設備」不可與設備欄同時勾選，請擇一修正",IF($T14="V","免調理半成品（外購/僅切配等），不列入設備風險評估",IF($U14=0,"未勾選任何設備，請補填或勾選「無使用調理設備」",IF($U14=1,"僅依賴1台設備，須確認故障/排修時之備援製程","無異常"))))) -> 僅依賴1台設備，須確認故障/排修時之備援製程 | X14: 1150617炙烤醬香燒豚飯.確認版(1) | Y14: 王安淇 | Z14: =IF($D14="",0,IF(COUNTIF($D$5:$D14,$D14)=1,1,0)) -> 0 | AA14: =IF(Z14=1,SUM($Z$5:$Z14),"")
A15: 架上 | B15: 新豐 | C15: 主食 | D15: 炙烤醬香燒豚飯 | E15: 瀝汁-韓國首爾泡菜 | F15: 20 | G15: 公克 | H15: 80 | T15: V | U15: =IF($E15="","",COUNTIF($I15:$S15,"V")) -> 0 | V15: =IF($E15="","",IF(AND($T15="V",$U15>0),"⚠ 勾選矛盾",IF($T15="V","○ 免調理",IF($U15=0,"⚠ 資料缺漏",IF($U15=1,"▲ 單一設備依賴","OK"))))) -> ○ 免調理 | W15: =IF($E15="","",IF(AND($T15="V",$U15>0),"「無使用調理設備」不可與設備欄同時勾選，請擇一修正",IF($T15="V","免調理半成品（外購/僅切配等），不列入設備風險評估",IF($U15=0,"未勾選任何設備，請補填或勾選「無使用調理設備」",IF($U15=1,"僅依賴1台設備，須確認故障/排修時之備援製程","無異常"))))) -> 免調理半成品（外購/僅切配等），不列入設備風險評估 | X15: 1150617炙烤醬香燒豚飯.確認版(1) | Y15: 王安淇 | Z15: =IF($D15="",0,IF(COUNTIF($D$5:$D15,$D15)=1,1,0)) -> 0 | AA15: =IF(Z15=1,SUM($Z$5:$Z15),"")
A16: 架上 | B16: 新豐 | C16: 主食 | D16: 炙烤醬香燒豚飯 | E16: 蒜蒜醬 | F16: 5 | G16: 公克 | H16: 67.3 | O16: V | U16: =IF($E16="","",COUNTIF($I16:$S16,"V")) -> 1 | V16: =IF($E16="","",IF(AND($T16="V",$U16>0),"⚠ 勾選矛盾",IF($T16="V","○ 免調理",IF($U16=0,"⚠ 資料缺漏",IF($U16=1,"▲ 單一設備依賴","OK"))))) -> ▲ 單一設備依賴 | W16: =IF($E16="","",IF(AND($T16="V",$U16>0),"「無使用調理設備」不可與設備欄同時勾選，請擇一修正",IF($T16="V","免調理半成品（外購/僅切配等），不列入設備風險評估",IF($U16=0,"未勾選任何設備，請補填或勾選「無使用調理設備」",IF($U16=1,"僅依賴1台設備，須確認故障/排修時之備援製程","無異常"))))) -> 僅依賴1台設備，須確認故障/排修時之備援製程 | X16: 1150617炙烤醬香燒豚飯.確認版(1) | Y16: 王安淇 | Z16: =IF($D16="",0,IF(COUNTIF($D$5:$D16,$D16)=1,1,0)) -> 0 | AA16: =IF(Z16=1,SUM($Z$5:$Z16),"")
A17: 架上 | B17: 新豐 | C17: 主食 | D17: 炙烤醬香燒豚飯 | E17: 金香炒麻仁(熟) | F17: 0.3 | G17: 公克 | H17: 70 | T17: V | U17: =IF($E17="","",COUNTIF($I17:$S17,"V")) -> 0 | V17: =IF($E17="","",IF(AND($T17="V",$U17>0),"⚠ 勾選矛盾",IF($T17="V","○ 免調理",IF($U17=0,"⚠ 資料缺漏",IF($U17=1,"▲ 單一設備依賴","OK"))))) -> ○ 免調理 | W17: =IF($E17="","",IF(AND($T17="V",$U17>0),"「無使用調理設備」不可與設備欄同時勾選，請擇一修正",IF($T17="V","免調理半成品（外購/僅切配等），不列入設備風險評估",IF($U17=0,"未勾選任何設備，請補填或勾選「無使用調理設備」",IF($U17=1,"僅依賴1台設備，須確認故障/排修時之備援製程","無異常"))))) -> 免調理半成品（外購/僅切配等），不列入設備風險評估 | X17: 1150617炙烤醬香燒豚飯.確認版(1) | Y17: 王安淇 | Z17: =IF($D17="",0,IF(COUNTIF($D$5:$D17,$D17)=1,1,0)) -> 0 | AA17: =IF(Z17=1,SUM($Z$5:$Z17),"")
A18: 架上 | B18: 新豐 | C18: 主食 | D18: 炙烤醬香燒豚飯 | E18: 清洗蔥花 | F18: 2 | G18: 公克 | H18: 100 | T18: V | U18: =IF($E18="","",COUNTIF($I18:$S18,"V")) -> 0 | V18: =IF($E18="","",IF(AND($T18="V",$U18>0),"⚠ 勾選矛盾",IF($T18="V","○ 免調理",IF($U18=0,"⚠ 資料缺漏",IF($U18=1,"▲ 單一設備依賴","OK"))))) -> ○ 免調理 | W18: =IF($E18="","",IF(AND($T18="V",$U18>0),"「無使用調理設備」不可與設備欄同時勾選，請擇一修正",IF($T18="V","免調理半成品（外購/僅切配等），不列入設備風險評估",IF($U18=0,"未勾選任何設備，請補填或勾選「無使用調理設備」",IF($U18=1,"僅依賴1台設備，須確認故障/排修時之備援製程","無異常"))))) -> 免調理半成品（外購/僅切配等），不列入設備風險評估 | X18: 1150617炙烤醬香燒豚飯.確認版(1) | Y18: 王安淇 | Z18: =IF($D18="",0,IF(COUNTIF($D$5:$D18,$D18)=1,1,0)) -> 0 | AA18: =IF(Z18=1,SUM($Z$5:$Z18),"")
A19: 下架 | B19: 新豐 | C19: 主食 | D19: 壹號醬雞豚雙拼 | E19: 冷藏便當飯(109年) | F19: 190 | G19: 公克 | H19: 91 | I19: V | U19: =IF($E19="","",COUNTIF($I19:$S19,"V")) -> 1 | V19: =IF($E19="","",IF(AND($T19="V",$U19>0),"⚠ 勾選矛盾",IF($T19="V","○ 免調理",IF($U19=0,"⚠ 資料缺漏",IF($U19=1,"▲ 單一設備依賴","OK"))))) -> ▲ 單一設備依賴 | W19: =IF($E19="","",IF(AND($T19="V",$U19>0),"「無使用調理設備」不可與設備欄同時勾選，請擇一修正",IF($T19="V","免調理半成品（外購/僅切配等），不列入設備風險評估",IF($U19=0,"未勾選任何設備，請補填或勾選「無使用調理設備」",IF($U19=1,"僅依賴1台設備，須確認故障/排修時之備援製程","無異常"))))) -> 僅依賴1台設備，須確認故障/排修時之備援製程 | X19: 新豐_2025.08.13_壹號醬雞豚雙拼_2026.01校正.xlsx | Y19: 莊子儀 | Z19: =IF($D19="",0,IF(COUNTIF($D$5:$D19,$D19)=1,1,0)) -> 1 | AA19: =IF(Z19=1,SUM($Z$5:$Z19),"") -> 3
A20: 下架 | B20: 新豐 | C20: 主食 | D20: 壹號醬雞豚雙拼 | E20: 碳香燒肉醬 | F20: 20 | G20: 公克 | H20: 61 | O20: V | U20: =IF($E20="","",COUNTIF($I20:$S20,"V")) -> 1 | V20: =IF($E20="","",IF(AND($T20="V",$U20>0),"⚠ 勾選矛盾",IF($T20="V","○ 免調理",IF($U20=0,"⚠ 資料缺漏",IF($U20=1,"▲ 單一設備依賴","OK"))))) -> ▲ 單一設備依賴 | W20: =IF($E20="","",IF(AND($T20="V",$U20>0),"「無使用調理設備」不可與設備欄同時勾選，請擇一修正",IF($T20="V","免調理半成品（外購/僅切配等），不列入設備風險評估",IF($U20=0,"未勾選任何設備，請補填或勾選「無使用調理設備」",IF($U20=1,"僅依賴1台設備，須確認故障/排修時之備援製程","無異常"))))) -> 僅依賴1台設備，須確認故障/排修時之備援製程 | X20: 新豐_2025.08.13_壹號醬雞豚雙拼_2026.01校正.xlsx | Y20: 莊子儀 | Z20: =IF($D20="",0,IF(COUNTIF($D$5:$D20,$D20)=1,1,0)) -> 0 | AA20: =IF(Z20=1,SUM($Z$5:$Z20),"")
A21: 下架 | B21: 新豐 | C21: 主食 | D21: 壹號醬雞豚雙拼 | E21: 切-究極燒肉片 | F21: 18 | G21: 公克 | H21: 92.5 | K21: V | L21: V | U21: =IF($E21="","",COUNTIF($I21:$S21,"V")) -> 2 | V21: =IF($E21="","",IF(AND($T21="V",$U21>0),"⚠ 勾選矛盾",IF($T21="V","○ 免調理",IF($U21=0,"⚠ 資料缺漏",IF($U21=1,"▲ 單一設備依賴","OK"))))) -> OK | W21: =IF($E21="","",IF(AND($T21="V",$U21>0),"「無使用調理設備」不可與設備欄同時勾選，請擇一修正",IF($T21="V","免調理半成品（外購/僅切配等），不列入設備風險評估",IF($U21=0,"未勾選任何設備，請補填或勾選「無使用調理設備」",IF($U21=1,"僅依賴1台設備，須確認故障/排修時之備援製程","無異常"))))) -> 無異常 | X21: 新豐_2025.08.13_壹號醬雞豚雙拼_2026.01校正.xlsx | Y21: 莊子儀 | Z21: =IF($D21="",0,IF(COUNTIF($D$5:$D21,$D21)=1,1,0)) -> 0 | AA21: =IF(Z21=1,SUM($Z$5:$Z21),"")
A22: 下架 | B22: 新豐 | C22: 主食 | D22: 壹號醬雞豚雙拼 | E22: 4切-烤醃漬雞腿排50g | F22: 6 | G22: 個 | H22: 400 | K22: V | U22: =IF($E22="","",COUNTIF($I22:$S22,"V")) -> 1 | V22: =IF($E22="","",IF(AND($T22="V",$U22>0),"⚠ 勾選矛盾",IF($T22="V","○ 免調理",IF($U22=0,"⚠ 資料缺漏",IF($U22=1,"▲ 單一設備依賴","OK"))))) -> ▲ 單一設備依賴 | W22: =IF($E22="","",IF(AND($T22="V",$U22>0),"「無使用調理設備」不可與設備欄同時勾選，請擇一修正",IF($T22="V","免調理半成品（外購/僅切配等），不列入設備風險評估",IF($U22=0,"未勾選任何設備，請補填或勾選「無使用調理設備」",IF($U22=1,"僅依賴1台設備，須確認故障/排修時之備援製程","無異常"))))) -> 僅依賴1台設備，須確認故障/排修時之備援製程 | X22: 新豐_2025.08.13_壹號醬雞豚雙拼_2026.01校正.xlsx | Y22: 莊子儀 | Z22: =IF($D22="",0,IF(COUNTIF($D$5:$D22,$D22)=1,1,0)) -> 0 | AA22: =IF(Z22=1,SUM($Z$5:$Z22),"")
A23: 下架 | B23: 新豐 | C23: 主食 | D23: 壹號醬雞豚雙拼 | E23: 碳香燒肉醬 | F23: 18 | G23: 公克 | H23: 61 | O23: V | U23: =IF($E23="","",COUNTIF($I23:$S23,"V")) -> 1 | V23: =IF($E23="","",IF(AND($T23="V",$U23>0),"⚠ 勾選矛盾",IF($T23="V","○ 免調理",IF($U23=0,"⚠ 資料缺漏",IF($U23=1,"▲ 單一設備依賴","OK"))))) -> ▲ 單一設備依賴 | W23: =IF($E23="","",IF(AND($T23="V",$U23>0),"「無使用調理設備」不可與設備欄同時勾選，請擇一修正",IF($T23="V","免調理半成品（外購/僅切配等），不列入設備風險評估",IF($U23=0,"未勾選任何設備，請補填或勾選「無使用調理設備」",IF($U23=1,"僅依賴1台設備，須確認故障/排修時之備援製程","無異常"))))) -> 僅依賴1台設備，須確認故障/排修時之備援製程 | X23: 新豐_2025.08.13_壹號醬雞豚雙拼_2026.01校正.xlsx | Y23: 莊子儀 | Z23: =IF($D23="",0,IF(COUNTIF($D$5:$D23,$D23)=1,1,0)) -> 0 | AA23: =IF(Z23=1,SUM($Z$5:$Z23),"")
A24: 下架 | B24: 新豐 | C24: 主食 | D24: 壹號醬雞豚雙拼 | E24: 自製鹽蔥(114年) | F24: 8 | G24: 公克 | H24: 57 | O24: V | U24: =IF($E24="","",COUNTIF($I24:$S24,"V")) -> 1 | V24: =IF($E24="","",IF(AND($T24="V",$U24>0),"⚠ 勾選矛盾",IF($T24="V","○ 免調理",IF($U24=0,"⚠ 資料缺漏",IF($U24=1,"▲ 單一設備依賴","OK"))))) -> ▲ 單一設備依賴 | W24: =IF($E24="","",IF(AND($T24="V",$U24>0),"「無使用調理設備」不可與設備欄同時勾選，請擇一修正",IF($T24="V","免調理半成品（外購/僅切配等），不列入設備風險評估",IF($U24=0,"未勾選任何設備，請補填或勾選「無使用調理設備」",IF($U24=1,"僅依賴1台設備，須確認故障/排修時之備援製程","無異常"))))) -> 僅依賴1台設備，須確認故障/排修時之備援製程 | X24: 新豐_2025.08.13_壹號醬雞豚雙拼_2026.01校正.xlsx | Y24: 莊子儀 | Z24: =IF($D24="",0,IF(COUNTIF($D$5:$D24,$D24)=1,1,0)) -> 0 | AA24: =IF(Z24=1,SUM($Z$5:$Z24),"")
A25: 下架 | B25: 新豐 | C25: 主食 | D25: 壹號醬雞豚雙拼 | E25: 殺菌七味唐辛子(B0702AW6161) | F25: 0.2 | G25: 公克 | H25: 100 | T25: V | U25: =IF($E25="","",COUNTIF($I25:$S25,"V")) -> 0 | V25: =IF($E25="","",IF(AND($T25="V",$U25>0),"⚠ 勾選矛盾",IF($T25="V","○ 免調理",IF($U25=0,"⚠ 資料缺漏",IF($U25=1,"▲ 單一設備依賴","OK"))))) -> ○ 免調理 | W25: =IF($E25="","",IF(AND($T25="V",$U25>0),"「無使用調理設備」不可與設備欄同時勾選，請擇一修正",IF($T25="V","免調理半成品（外購/僅切配等），不列入設備風險評估",IF($U25=0,"未勾選任何設備，請補填或勾選「無使用調理設備」",IF($U25=1,"僅依賴1台設備，須確認故障/排修時之備援製程","無異常"))))) -> 免調理半成品（外購/僅切配等），不列入設備風險評估 | X25: 新豐_2025.08.13_壹號醬雞豚雙拼_2026.01校正.xlsx | Y25: 莊子儀
A26: 架上 | B26: 新豐 | C26: 主食 | D26: 香辣醬蒜味香腸蛋炒飯 | E26: 鼎泰豐-黃金蛋炒飯(112年) | F26: 280 | G26: 公克 | H26: 78 | I26: V | P26: V | U26: =IF($E26="","",COUNTIF($I26:$S26,"V")) -> 2 | V26: =IF($E26="","",IF(AND($T26="V",$U26>0),"⚠ 勾選矛盾",IF($T26="V","○ 免調理",IF($U26=0,"⚠ 資料缺漏",IF($U26=1,"▲ 單一設備依賴","OK"))))) -> OK | W26: =IF($E26="","",IF(AND($T26="V",$U26>0),"「無使用調理設備」不可與設備欄同時勾選，請擇一修正",IF($T26="V","免調理半成品（外購/僅切配等），不列入設備風險評估",IF($U26=0,"未勾選任何設備，請補填或勾選「無使用調理設備」",IF($U26=1,"僅依賴1台設備，須確認故障/排修時之備援製程","無異常"))))) -> 無異常 | X26: 1131120二配香辣醬蒜味香腸蛋炒飯.確認版(2)切換二配 | Y26: 王安淇 | Z26: =IF($D26="",0,IF(COUNTIF($D$5:$D26,$D26)=1,1,0)) -> 1 | AA26: =IF(Z26=1,SUM($Z$5:$Z26),"") -> 4
A27: 架上 | B27: 新豐 | C27: 主食 | D27: 香辣醬蒜味香腸蛋炒飯 | E27: 清洗蔥花 | F27: 3 | G27: 公克 | H27: 70 | T27: V | U27: =IF($E27="","",COUNTIF($I27:$S27,"V")) -> 0 | V27: =IF($E27="","",IF(AND($T27="V",$U27>0),"⚠ 勾選矛盾",IF($T27="V","○ 免調理",IF($U27=0,"⚠ 資料缺漏",IF($U27=1,"▲ 單一設備依賴","OK"))))) -> ○ 免調理 | W27: =IF($E27="","",IF(AND($T27="V",$U27>0),"「無使用調理設備」不可與設備欄同時勾選，請擇一修正",IF($T27="V","免調理半成品（外購/僅切配等），不列入設備風險評估",IF($U27=0,"未勾選任何設備，請補填或勾選「無使用調理設備」",IF($U27=1,"僅依賴1台設備，須確認故障/排修時之備援製程","無異常"))))) -> 免調理半成品（外購/僅切配等），不列入設備風險評估 | X27: 1131120二配香辣醬蒜味香腸蛋炒飯.確認版(2)切換二配 | Y27: 王安淇 | Z27: =IF($D27="",0,IF(COUNTIF($D$5:$D27,$D27)=1,1,0)) -> 0 | AA27: =IF(Z27=1,SUM($Z$5:$Z27),"")
A28: 架上 | B28: 新豐 | C28: 主食 | D28: 香辣醬蒜味香腸蛋炒飯 | E28: 油亮蒜味香腸片 | F28: 37 | G28: 公克 | H28: 100 | K28: V | U28: =IF($E28="","",COUNTIF($I28:$S28,"V")) -> 1 | V28: =IF($E28="","",IF(AND($T28="V",$U28>0),"⚠ 勾選矛盾",IF($T28="V","○ 免調理",IF($U28=0,"⚠ 資料缺漏",IF($U28=1,"▲ 單一設備依賴","OK"))))) -> ▲ 單一設備依賴 | W28: =IF($E28="","",IF(AND($T28="V",$U28>0),"「無使用調理設備」不可與設備欄同時勾選，請擇一修正",IF($T28="V","免調理半成品（外購/僅切配等），不列入設備風險評估",IF($U28=0,"未勾選任何設備，請補填或勾選「無使用調理設備」",IF($U28=1,"僅依賴1台設備，須確認故障/排修時之備援製程","無異常"))))) -> 僅依賴1台設備，須確認故障/排修時之備援製程 | X28: 1131120二配香辣醬蒜味香腸蛋炒飯.確認版(2)切換二配 | Y28: 王安淇 | Z28: =IF($D28="",0,IF(COUNTIF($D$5:$D28,$D28)=1,1,0)) -> 0 | AA28: =IF(Z28=1,SUM($Z$5:$Z28),"")
A29: 架上 | B29: 新豐 | C29: 主食 | D29: 香辣醬蒜味香腸蛋炒飯 | E29: 蒸鼎泰豐香辣醬 | F29: 11 | G29: 公克 | H29: 95 | M29: V | U29: =IF($E29="","",COUNTIF($I29:$S29,"V")) -> 1 | V29: =IF($E29="","",IF(AND($T29="V",$U29>0),"⚠ 勾選矛盾",IF($T29="V","○ 免調理",IF($U29=0,"⚠ 資料缺漏",IF($U29=1,"▲ 單一設備依賴","OK"))))) -> ▲ 單一設備依賴 | W29: =IF($E29="","",IF(AND($T29="V",$U29>0),"「無使用調理設備」不可與設備欄同時勾選，請擇一修正",IF($T29="V","免調理半成品（外購/僅切配等），不列入設備風險評估",IF($U29=0,"未勾選任何設備，請補填或勾選「無使用調理設備」",IF($U29=1,"僅依賴1台設備，須確認故障/排修時之備援製程","無異常"))))) -> 僅依賴1台設備，須確認故障/排修時之備援製程 | X29: 1131120二配香辣醬蒜味香腸蛋炒飯.確認版(2)切換二配 | Y29: 王安淇 | Z29: =IF($D29="",0,IF(COUNTIF($D$5:$D29,$D29)=1,1,0)) -> 0 | AA29: =IF(Z29=1,SUM($Z$5:$Z29),"")
A30: 下架 | B30: 新豐 | C30: 主食 | D30: 藤椒雞丁炒飯 | E30: 藤椒油炒飯 | F30: 250 | G30: 公克 | H30: 76 | I30: V | P30: V | U30: =IF($E30="","",COUNTIF($I30:$S30,"V")) -> 2 | V30: =IF($E30="","",IF(AND($T30="V",$U30>0),"⚠ 勾選矛盾",IF($T30="V","○ 免調理",IF($U30=0,"⚠ 資料缺漏",IF($U30=1,"▲ 單一設備依賴","OK"))))) -> OK | W30: =IF($E30="","",IF(AND($T30="V",$U30>0),"「無使用調理設備」不可與設備欄同時勾選，請擇一修正",IF($T30="V","免調理半成品（外購/僅切配等），不列入設備風險評估",IF($U30=0,"未勾選任何設備，請補填或勾選「無使用調理設備」",IF($U30=1,"僅依賴1台設備，須確認故障/排修時之備援製程","無異常"))))) -> 無異常 | X30: 1150609二配藤椒雞丁炒飯.確認版(2)新增雞丁大小良品規範 | Y30: 王安淇 | Z30: =IF($D30="",0,IF(COUNTIF($D$5:$D30,$D30)=1,1,0)) -> 1 | AA30: =IF(Z30=1,SUM($Z$5:$Z30),"") -> 5
A31: 下架 | B31: 新豐 | C31: 主食 | D31: 藤椒雞丁炒飯 | E31: 烤藤椒雞丁 | F31: 50 | G31: 公克 | H31: 49 | K31: V | U31: =IF($E31="","",COUNTIF($I31:$S31,"V")) -> 1 | V31: =IF($E31="","",IF(AND($T31="V",$U31>0),"⚠ 勾選矛盾",IF($T31="V","○ 免調理",IF($U31=0,"⚠ 資料缺漏",IF($U31=1,"▲ 單一設備依賴","OK"))))) -> ▲ 單一設備依賴 | W31: =IF($E31="","",IF(AND($T31="V",$U31>0),"「無使用調理設備」不可與設備欄同時勾選，請擇一修正",IF($T31="V","免調理半成品（外購/僅切配等），不列入設備風險評估",IF($U31=0,"未勾選任何設備，請補填或勾選「無使用調理設備」",IF($U31=1,"僅依賴1台設備，須確認故障/排修時之備援製程","無異常"))))) -> 僅依賴1台設備，須確認故障/排修時之備援製程 | X31: 1150609二配藤椒雞丁炒飯.確認版(2)新增雞丁大小良品規範 | Y31: 王安淇 | Z31: =IF($D31="",0,IF(COUNTIF($D$5:$D31,$D31)=1,1,0)) -> 0 | AA31: =IF(Z31=1,SUM($Z$5:$Z31),"")
A32: 下架 | B32: 新豐 | C32: 主食 | D32: 藤椒雞丁炒飯 | E32: ㄠ麻子藤椒油 | F32: 1 | G32: 公克 | H32: 100 | T32: V | U32: =IF($E32="","",COUNTIF($I32:$S32,"V")) -> 0 | V32: =IF($E32="","",IF(AND($T32="V",$U32>0),"⚠ 勾選矛盾",IF($T32="V","○ 免調理",IF($U32=0,"⚠ 資料缺漏",IF($U32=1,"▲ 單一設備依賴","OK"))))) -> ○ 免調理 | W32: =IF($E32="","",IF(AND($T32="V",$U32>0),"「無使用調理設備」不可與設備欄同時勾選，請擇一修正",IF($T32="V","免調理半成品（外購/僅切配等），不列入設備風險評估",IF($U32=0,"未勾選任何設備，請補填或勾選「無使用調理設備」",IF($U32=1,"僅依賴1台設備，須確認故障/排修時之備援製程","無異常"))))) -> 免調理半成品（外購/僅切配等），不列入設備風險評估 | X32: 1150609二配藤椒雞丁炒飯.確認版(2)新增雞丁大小良品規範 | Y32: 王安淇 | Z32: =IF($D32="",0,IF(COUNTIF($D$5:$D32,$D32)=1,1,0)) -> 0 | AA32: =IF(Z32=1,SUM($Z$5:$Z32),"")
A33: 架上 | B33: 新豐 | C33: 主食 | D33: 川味麻婆燒豆腐燴飯 | E33: 冷藏便當飯(109年) | F33: 245 | G33: 公克 | H33: 91 | I33: V | U33: =IF($E33="","",COUNTIF($I33:$S33,"V")) -> 1 | V33: =IF($E33="","",IF(AND($T33="V",$U33>0),"⚠ 勾選矛盾",IF($T33="V","○ 免調理",IF($U33=0,"⚠ 資料缺漏",IF($U33=1,"▲ 單一設備依賴","OK"))))) -> ▲ 單一設備依賴 | W33: =IF($E33="","",IF(AND($T33="V",$U33>0),"「無使用調理設備」不可與設備欄同時勾選，請擇一修正",IF($T33="V","免調理半成品（外購/僅切配等），不列入設備風險評估",IF($U33=0,"未勾選任何設備，請補填或勾選「無使用調理設備」",IF($U33=1,"僅依賴1台設備，須確認故障/排修時之備援製程","無異常"))))) -> 僅依賴1台設備，須確認故障/排修時之備援製程 | X33: 1130110二配川味麻婆燒豆腐燴飯.確認版(13)設計移除國產豬及蔥花 | Y33: 王安淇 | Z33: =IF($D33="",0,IF(COUNTIF($D$5:$D33,$D33)=1,1,0)) -> 1 | AA33: =IF(Z33=1,SUM($Z$5:$Z33),"") -> 6
A34: 架上 | B34: 新豐 | C34: 主食 | D34: 川味麻婆燒豆腐燴飯 | E34: 鼎泰豐-煮麻婆豆腐(113年) | F34: 156 | G34: 公克 | H34: 58 | O34: V | U34: =IF($E34="","",COUNTIF($I34:$S34,"V")) -> 1 | V34: =IF($E34="","",IF(AND($T34="V",$U34>0),"⚠ 勾選矛盾",IF($T34="V","○ 免調理",IF($U34=0,"⚠ 資料缺漏",IF($U34=1,"▲ 單一設備依賴","OK"))))) -> ▲ 單一設備依賴 | W34: =IF($E34="","",IF(AND($T34="V",$U34>0),"「無使用調理設備」不可與設備欄同時勾選，請擇一修正",IF($T34="V","免調理半成品（外購/僅切配等），不列入設備風險評估",IF($U34=0,"未勾選任何設備，請補填或勾選「無使用調理設備」",IF($U34=1,"僅依賴1台設備，須確認故障/排修時之備援製程","無異常"))))) -> 僅依賴1台設備，須確認故障/排修時之備援製程 | X34: 1130110二配川味麻婆燒豆腐燴飯.確認版(13)設計移除國產豬及蔥花 | Y34: 王安淇 | Z34: =IF($D34="",0,IF(COUNTIF($D$5:$D34,$D34)=1,1,0)) -> 0 | AA34: =IF(Z34=1,SUM($Z$5:$Z34),"")
A35: 架上 | B35: 新豐 | C35: 主食 | D35: 川味麻婆燒豆腐燴飯 | E35: 鼎泰豐-麻婆豆腐燴汁(113年) | F35: 50 | G35: 公克 | H35: 61 | O35: V | U35: =IF($E35="","",COUNTIF($I35:$S35,"V")) -> 1 | V35: =IF($E35="","",IF(AND($T35="V",$U35>0),"⚠ 勾選矛盾",IF($T35="V","○ 免調理",IF($U35=0,"⚠ 資料缺漏",IF($U35=1,"▲ 單一設備依賴","OK"))))) -> ▲ 單一設備依賴 | W35: =IF($E35="","",IF(AND($T35="V",$U35>0),"「無使用調理設備」不可與設備欄同時勾選，請擇一修正",IF($T35="V","免調理半成品（外購/僅切配等），不列入設備風險評估",IF($U35=0,"未勾選任何設備，請補填或勾選「無使用調理設備」",IF($U35=1,"僅依賴1台設備，須確認故障/排修時之備援製程","無異常"))))) -> 僅依賴1台設備，須確認故障/排修時之備援製程 | X35: 1130110二配川味麻婆燒豆腐燴飯.確認版(13)設計移除國產豬及蔥花 | Y35: 王安淇 | Z35: =IF($D35="",0,IF(COUNTIF($D$5:$D35,$D35)=1,1,0)) -> 0 | AA35: =IF(Z35=1,SUM($Z$5:$Z35),"")
A36: 架上 | B36: 新豐 | C36: 主食 | D36: 金咖哩濃厚辛口咖哩飯 | E36: 冷藏便當飯(109年) | F36: 260 | G36: 公克 | H36: 91 | I36: V | U36: =IF($E36="","",COUNTIF($I36:$S36,"V")) -> 1 | V36: =IF($E36="","",IF(AND($T36="V",$U36>0),"⚠ 勾選矛盾",IF($T36="V","○ 免調理",IF($U36=0,"⚠ 資料缺漏",IF($U36=1,"▲ 單一設備依賴","OK"))))) -> ▲ 單一設備依賴 | W36: =IF($E36="","",IF(AND($T36="V",$U36>0),"「無使用調理設備」不可與設備欄同時勾選，請擇一修正",IF($T36="V","免調理半成品（外購/僅切配等），不列入設備風險評估",IF($U36=0,"未勾選任何設備，請補填或勾選「無使用調理設備」",IF($U36=1,"僅依賴1台設備，須確認故障/排修時之備援製程","無異常"))))) -> 僅依賴1台設備，須確認故障/排修時之備援製程 | X36: 1141111二配金咖哩濃厚辛口咖哩飯.確認版(3)設計切換無國產豬 | Y36: 王安淇 | Z36: =IF($D36="",0,IF(COUNTIF($D$5:$D36,$D36)=1,1,0)) -> 1 | AA36: =IF(Z36=1,SUM($Z$5:$Z36),"") -> 7
A37: 架上 | B37: 新豐 | C37: 主食 | D37: 金咖哩濃厚辛口咖哩飯 | E37: 濃辛辣咖哩醬(114年) | F37: 180 | G37: 公克 | H37: 55 | O37: V | U37: =IF($E37="","",COUNTIF($I37:$S37,"V")) -> 1 | V37: =IF($E37="","",IF(AND($T37="V",$U37>0),"⚠ 勾選矛盾",IF($T37="V","○ 免調理",IF($U37=0,"⚠ 資料缺漏",IF($U37=1,"▲ 單一設備依賴","OK"))))) -> ▲ 單一設備依賴 | W37: =IF($E37="","",IF(AND($T37="V",$U37>0),"「無使用調理設備」不可與設備欄同時勾選，請擇一修正",IF($T37="V","免調理半成品（外購/僅切配等），不列入設備風險評估",IF($U37=0,"未勾選任何設備，請補填或勾選「無使用調理設備」",IF($U37=1,"僅依賴1台設備，須確認故障/排修時之備援製程","無異常"))))) -> 僅依賴1台設備，須確認故障/排修時之備援製程 | X37: 1141111二配金咖哩濃厚辛口咖哩飯.確認版(3)設計切換無國產豬 | Y37: 王安淇 | Z37: =IF($D37="",0,IF(COUNTIF($D$5:$D37,$D37)=1,1,0)) -> 0 | AA37: =IF(Z37=1,SUM($Z$5:$Z37),"")
A38: 架上 | B38: 新豐 | C38: 主食 | D38: 金咖哩濃厚辛口咖哩飯 | E38: 辛口咖哩豬肉(114年) | F38: 26 | G38: 公克 | H38: 60 | O38: V | U38: =IF($E38="","",COUNTIF($I38:$S38,"V")) -> 1 | V38: =IF($E38="","",IF(AND($T38="V",$U38>0),"⚠ 勾選矛盾",IF($T38="V","○ 免調理",IF($U38=0,"⚠ 資料缺漏",IF($U38=1,"▲ 單一設備依賴","OK"))))) -> ▲ 單一設備依賴 | W38: =IF($E38="","",IF(AND($T38="V",$U38>0),"「無使用調理設備」不可與設備欄同時勾選，請擇一修正",IF($T38="V","免調理半成品（外購/僅切配等），不列入設備風險評估",IF($U38=0,"未勾選任何設備，請補填或勾選「無使用調理設備」",IF($U38=1,"僅依賴1台設備，須確認故障/排修時之備援製程","無異常"))))) -> 僅依賴1台設備，須確認故障/排修時之備援製程 | X38: 1141111二配金咖哩濃厚辛口咖哩飯.確認版(3)設計切換無國產豬 | Y38: 王安淇 | Z38: =IF($D38="",0,IF(COUNTIF($D$5:$D38,$D38)=1,1,0)) -> 0 | AA38: =IF(Z38=1,SUM($Z$5:$Z38),"")
A39: 架上 | B39: 新豐 | C39: 主食 | D39: 金咖哩濃厚辛口咖哩飯 | E39: 煮咖哩紅蘿蔔丁 | F39: 20 | G39: 公克 | H39: 65 | O39: V | U39: =IF($E39="","",COUNTIF($I39:$S39,"V")) -> 1 | V39: =IF($E39="","",IF(AND($T39="V",$U39>0),"⚠ 勾選矛盾",IF($T39="V","○ 免調理",IF($U39=0,"⚠ 資料缺漏",IF($U39=1,"▲ 單一設備依賴","OK"))))) -> ▲ 單一設備依賴 | W39: =IF($E39="","",IF(AND($T39="V",$U39>0),"「無使用調理設備」不可與設備欄同時勾選，請擇一修正",IF($T39="V","免調理半成品（外購/僅切配等），不列入設備風險評估",IF($U39=0,"未勾選任何設備，請補填或勾選「無使用調理設備」",IF($U39=1,"僅依賴1台設備，須確認故障/排修時之備援製程","無異常"))))) -> 僅依賴1台設備，須確認故障/排修時之備援製程 | X39: 1141111二配金咖哩濃厚辛口咖哩飯.確認版(3)設計切換無國產豬 | Y39: 王安淇 | Z39: =IF($D39="",0,IF(COUNTIF($D$5:$D39,$D39)=1,1,0)) -> 0 | AA39: =IF(Z39=1,SUM($Z$5:$Z39),"")
A40: 架上 | B40: 新豐 | C40: 主食 | D40: 金咖哩濃厚辛口咖哩飯 | E40: 煮焦糖馬鈴薯丁 | F40: 30 | G40: 公克 | H40: 66 | O40: V | U40: =IF($E40="","",COUNTIF($I40:$S40,"V")) -> 1 | V40: =IF($E40="","",IF(AND($T40="V",$U40>0),"⚠ 勾選矛盾",IF($T40="V","○ 免調理",IF($U40=0,"⚠ 資料缺漏",IF($U40=1,"▲ 單一設備依賴","OK"))))) -> ▲ 單一設備依賴 | W40: =IF($E40="","",IF(AND($T40="V",$U40>0),"「無使用調理設備」不可與設備欄同時勾選，請擇一修正",IF($T40="V","免調理半成品（外購/僅切配等），不列入設備風險評估",IF($U40=0,"未勾選任何設備，請補填或勾選「無使用調理設備」",IF($U40=1,"僅依賴1台設備，須確認故障/排修時之備援製程","無異常"))))) -> 僅依賴1台設備，須確認故障/排修時之備援製程 | X40: 1141111二配金咖哩濃厚辛口咖哩飯.確認版(3)設計切換無國產豬 | Y40: 王安淇 | Z40: =IF($D40="",0,IF(COUNTIF($D$5:$D40,$D40)=1,1,0)) -> 0 | AA40: =IF(Z40=1,SUM($Z$5:$Z40),"")
A41: 架上 | B41: 新豐 | C41: 主食 | D41: 金咖哩濃厚辛口咖哩飯 | E41: 辛口咖哩辣油 | F41: 3 | G41: 公克 | H41: 89.3 | P41: V | U41: =IF($E41="","",COUNTIF($I41:$S41,"V")) -> 1 | V41: =IF($E41="","",IF(AND($T41="V",$U41>0),"⚠ 勾選矛盾",IF($T41="V","○ 免調理",IF($U41=0,"⚠ 資料缺漏",IF($U41=1,"▲ 單一設備依賴","OK"))))) -> ▲ 單一設備依賴 | W41: =IF($E41="","",IF(AND($T41="V",$U41>0),"「無使用調理設備」不可與設備欄同時勾選，請擇一修正",IF($T41="V","免調理半成品（外購/僅切配等），不列入設備風險評估",IF($U41=0,"未勾選任何設備，請補填或勾選「無使用調理設備」",IF($U41=1,"僅依賴1台設備，須確認故障/排修時之備援製程","無異常"))))) -> 僅依賴1台設備，須確認故障/排修時之備援製程 | X41: 1141111二配金咖哩濃厚辛口咖哩飯.確認版(3)設計切換無國產豬 | Y41: 王安淇 | Z41: =IF($D41="",0,IF(COUNTIF($D$5:$D41,$D41)=1,1,0)) -> 0 | AA41: =IF(Z41=1,SUM($Z$5:$Z41),"")
A42: 架上 | B42: 新豐 | C42: 主食 | D42: 金咖哩果香甘口咖哩飯 | E42: 冷藏便當飯(109年) | F42: 260 | G42: 公克 | H42: 91 | I42: V | U42: =IF($E42="","",COUNTIF($I42:$S42,"V")) -> 1 | V42: =IF($E42="","",IF(AND($T42="V",$U42>0),"⚠ 勾選矛盾",IF($T42="V","○ 免調理",IF($U42=0,"⚠ 資料缺漏",IF($U42=1,"▲ 單一設備依賴","OK"))))) -> ▲ 單一設備依賴 | W42: =IF($E42="","",IF(AND($T42="V",$U42>0),"「無使用調理設備」不可與設備欄同時勾選，請擇一修正",IF($T42="V","免調理半成品（外購/僅切配等），不列入設備風險評估",IF($U42=0,"未勾選任何設備，請補填或勾選「無使用調理設備」",IF($U42=1,"僅依賴1台設備，須確認故障/排修時之備援製程","無異常"))))) -> 僅依賴1台設備，須確認故障/排修時之備援製程 | X42: 1141111二配金咖哩果香甘口咖哩飯.確認版(2)-B01-修正貼標示意圖 | Y42: 王安淇 | Z42: =IF($D42="",0,IF(COUNTIF($D$5:$D42,$D42)=1,1,0)) -> 1 | AA42: =IF(Z42=1,SUM($Z$5:$Z42),"") -> 8
A43: 架上 | B43: 新豐 | C43: 主食 | D43: 金咖哩果香甘口咖哩飯 | E43: 果香甘口咖哩醬(114年) | F43: 190 | G43: 公克 | H43: 47.8 | O43: V | U43: =IF($E43="","",COUNTIF($I43:$S43,"V")) -> 1 | V43: =IF($E43="","",IF(AND($T43="V",$U43>0),"⚠ 勾選矛盾",IF($T43="V","○ 免調理",IF($U43=0,"⚠ 資料缺漏",IF($U43=1,"▲ 單一設備依賴","OK"))))) -> ▲ 單一設備依賴 | W43: =IF($E43="","",IF(AND($T43="V",$U43>0),"「無使用調理設備」不可與設備欄同時勾選，請擇一修正",IF($T43="V","免調理半成品（外購/僅切配等），不列入設備風險評估",IF($U43=0,"未勾選任何設備，請補填或勾選「無使用調理設備」",IF($U43=1,"僅依賴1台設備，須確認故障/排修時之備援製程","無異常"))))) -> 僅依賴1台設備，須確認故障/排修時之備援製程 | X43: 1141111二配金咖哩果香甘口咖哩飯.確認版(2)-B01-修正貼標示意圖 | Y43: 王安淇 | Z43: =IF($D43="",0,IF(COUNTIF($D$5:$D43,$D43)=1,1,0)) -> 0 | AA43: =IF(Z43=1,SUM($Z$5:$Z43),"")
A44: 架上 | B44: 新豐 | C44: 主食 | D44: 金咖哩果香甘口咖哩飯 | E44: 蒸果香甘口咖哩腿丁 | F44: 30 | G44: 公克 | H44: 30 | M44: V | U44: =IF($E44="","",COUNTIF($I44:$S44,"V")) -> 1 | V44: =IF($E44="","",IF(AND($T44="V",$U44>0),"⚠ 勾選矛盾",IF($T44="V","○ 免調理",IF($U44=0,"⚠ 資料缺漏",IF($U44=1,"▲ 單一設備依賴","OK"))))) -> ▲ 單一設備依賴 | W44: =IF($E44="","",IF(AND($T44="V",$U44>0),"「無使用調理設備」不可與設備欄同時勾選，請擇一修正",IF($T44="V","免調理半成品（外購/僅切配等），不列入設備風險評估",IF($U44=0,"未勾選任何設備，請補填或勾選「無使用調理設備」",IF($U44=1,"僅依賴1台設備，須確認故障/排修時之備援製程","無異常"))))) -> 僅依賴1台設備，須確認故障/排修時之備援製程 | X44: 1141111二配金咖哩果香甘口咖哩飯.確認版(2)-B01-修正貼標示意圖 | Y44: 王安淇 | Z44: =IF($D44="",0,IF(COUNTIF($D$5:$D44,$D44)=1,1,0)) -> 0 | AA44: =IF(Z44=1,SUM($Z$5:$Z44),"")
A45: 架上 | B45: 新豐 | C45: 主食 | D45: 金咖哩果香甘口咖哩飯 | E45: 煮焦糖紅蘿蔔丁 | F45: 20 | G45: 公克 | H45: 65 | O45: V | U45: =IF($E45="","",COUNTIF($I45:$S45,"V")) -> 1 | V45: =IF($E45="","",IF(AND($T45="V",$U45>0),"⚠ 勾選矛盾",IF($T45="V","○ 免調理",IF($U45=0,"⚠ 資料缺漏",IF($U45=1,"▲ 單一設備依賴","OK"))))) -> ▲ 單一設備依賴 | W45: =IF($E45="","",IF(AND($T45="V",$U45>0),"「無使用調理設備」不可與設備欄同時勾選，請擇一修正",IF($T45="V","免調理半成品（外購/僅切配等），不列入設備風險評估",IF($U45=0,"未勾選任何設備，請補填或勾選「無使用調理設備」",IF($U45=1,"僅依賴1台設備，須確認故障/排修時之備援製程","無異常"))))) -> 僅依賴1台設備，須確認故障/排修時之備援製程 | X45: 1141111二配金咖哩果香甘口咖哩飯.確認版(2)-B01-修正貼標示意圖 | Y45: 王安淇 | Z45: =IF($D45="",0,IF(COUNTIF($D$5:$D45,$D45)=1,1,0)) -> 0 | AA45: =IF(Z45=1,SUM($Z$5:$Z45),"")
A46: 架上 | B46: 新豐 | C46: 主食 | D46: 金咖哩果香甘口咖哩飯 | E46: 煮焦糖馬鈴薯丁 | F46: 30 | G46: 公克 | H46: 66 | O46: V | U46: =IF($E46="","",COUNTIF($I46:$S46,"V")) -> 1 | V46: =IF($E46="","",IF(AND($T46="V",$U46>0),"⚠ 勾選矛盾",IF($T46="V","○ 免調理",IF($U46=0,"⚠ 資料缺漏",IF($U46=1,"▲ 單一設備依賴","OK"))))) -> ▲ 單一設備依賴 | W46: =IF($E46="","",IF(AND($T46="V",$U46>0),"「無使用調理設備」不可與設備欄同時勾選，請擇一修正",IF($T46="V","免調理半成品（外購/僅切配等），不列入設備風險評估",IF($U46=0,"未勾選任何設備，請補填或勾選「無使用調理設備」",IF($U46=1,"僅依賴1台設備，須確認故障/排修時之備援製程","無異常"))))) -> 僅依賴1台設備，須確認故障/排修時之備援製程 | X46: 1141111二配金咖哩果香甘口咖哩飯.確認版(2)-B01-修正貼標示意圖 | Y46: 王安淇 | Z46: =IF($D46="",0,IF(COUNTIF($D$5:$D46,$D46)=1,1,0)) -> 0 | AA46: =IF(Z46=1,SUM($Z$5:$Z46),"")
A47: 下架 | B47: 新豐 | C47: 主食 | D47: 港式香滑嫩蛋牛肉燴飯 | E47: 冷藏便當飯(109年) | F47: 250 | G47: 公克 | H47: 91 | I47: V | U47: =IF($E47="","",COUNTIF($I47:$S47,"V")) -> 1 | V47: =IF($E47="","",IF(AND($T47="V",$U47>0),"⚠ 勾選矛盾",IF($T47="V","○ 免調理",IF($U47=0,"⚠ 資料缺漏",IF($U47=1,"▲ 單一設備依賴","OK"))))) -> ▲ 單一設備依賴 | W47: =IF($E47="","",IF(AND($T47="V",$U47>0),"「無使用調理設備」不可與設備欄同時勾選，請擇一修正",IF($T47="V","免調理半成品（外購/僅切配等），不列入設備風險評估",IF($U47=0,"未勾選任何設備，請補填或勾選「無使用調理設備」",IF($U47=1,"僅依賴1台設備，須確認故障/排修時之備援製程","無異常"))))) -> 僅依賴1台設備，須確認故障/排修時之備援製程 | X47: 1140708二配港式香滑嫩蛋牛肉燴飯.確認版(8)-F06-切回青江菜、食研所第五波製成率校正 | Y47: 王安淇 | Z47: =IF($D47="",0,IF(COUNTIF($D$5:$D47,$D47)=1,1,0)) -> 1 | AA47: =IF(Z47=1,SUM($Z$5:$Z47),"") -> 9
A48: 下架 | B48: 新豐 | C48: 主食 | D48: 港式香滑嫩蛋牛肉燴飯 | E48: 香滑嫩蛋牛肉-燴汁(112年版) | F48: 100 | G48: 公克 | H48: 63 | O48: V | U48: =IF($E48="","",COUNTIF($I48:$S48,"V")) -> 1 | V48: =IF($E48="","",IF(AND($T48="V",$U48>0),"⚠ 勾選矛盾",IF($T48="V","○ 免調理",IF($U48=0,"⚠ 資料缺漏",IF($U48=1,"▲ 單一設備依賴","OK"))))) -> ▲ 單一設備依賴 | W48: =IF($E48="","",IF(AND($T48="V",$U48>0),"「無使用調理設備」不可與設備欄同時勾選，請擇一修正",IF($T48="V","免調理半成品（外購/僅切配等），不列入設備風險評估",IF($U48=0,"未勾選任何設備，請補填或勾選「無使用調理設備」",IF($U48=1,"僅依賴1台設備，須確認故障/排修時之備援製程","無異常"))))) -> 僅依賴1台設備，須確認故障/排修時之備援製程 | X48: 1140708二配港式香滑嫩蛋牛肉燴飯.確認版(8)-F06-切回青江菜、食研所第五波製成率校正 | Y48: 王安淇 | Z48: =IF($D48="",0,IF(COUNTIF($D$5:$D48,$D48)=1,1,0)) -> 0 | AA48: =IF(Z48=1,SUM($Z$5:$Z48),"")
A49: 下架 | B49: 新豐 | C49: 主食 | D49: 港式香滑嫩蛋牛肉燴飯 | E49: 財神蠔油 | F49: 6 | G49: 公克 | H49: 100 | T49: V | U49: =IF($E49="","",COUNTIF($I49:$S49,"V")) -> 0 | V49: =IF($E49="","",IF(AND($T49="V",$U49>0),"⚠ 勾選矛盾",IF($T49="V","○ 免調理",IF($U49=0,"⚠ 資料缺漏",IF($U49=1,"▲ 單一設備依賴","OK"))))) -> ○ 免調理 | W49: =IF($E49="","",IF(AND($T49="V",$U49>0),"「無使用調理設備」不可與設備欄同時勾選，請擇一修正",IF($T49="V","免調理半成品（外購/僅切配等），不列入設備風險評估",IF($U49=0,"未勾選任何設備，請補填或勾選「無使用調理設備」",IF($U49=1,"僅依賴1台設備，須確認故障/排修時之備援製程","無異常"))))) -> 免調理半成品（外購/僅切配等），不列入設備風險評估 | X49: 1140708二配港式香滑嫩蛋牛肉燴飯.確認版(8)-F06-切回青江菜、食研所第五波製成率校正 | Y49: 王安淇 | Z49: =IF($D49="",0,IF(COUNTIF($D$5:$D49,$D49)=1,1,0)) -> 0 | AA49: =IF(Z49=1,SUM($Z$5:$Z49),"")
A50: 下架 | B50: 新豐 | C50: 主食 | D50: 港式香滑嫩蛋牛肉燴飯 | E50: 燴飯-滑蛋(112年) | F50: 98 | G50: 公克 | H50: 68 | O50: V | U50: =IF($E50="","",COUNTIF($I50:$S50,"V")) -> 1 | V50: =IF($E50="","",IF(AND($T50="V",$U50>0),"⚠ 勾選矛盾",IF($T50="V","○ 免調理",IF($U50=0,"⚠ 資料缺漏",IF($U50=1,"▲ 單一設備依賴","OK"))))) -> ▲ 單一設備依賴 | W50: =IF($E50="","",IF(AND($T50="V",$U50>0),"「無使用調理設備」不可與設備欄同時勾選，請擇一修正",IF($T50="V","免調理半成品（外購/僅切配等），不列入設備風險評估",IF($U50=0,"未勾選任何設備，請補填或勾選「無使用調理設備」",IF($U50=1,"僅依賴1台設備，須確認故障/排修時之備援製程","無異常"))))) -> 僅依賴1台設備，須確認故障/排修時之備援製程 | X50: 1140708二配港式香滑嫩蛋牛肉燴飯.確認版(8)-F06-切回青江菜、食研所第五波製成率校正 | Y50: 王安淇 | Z50: =IF($D50="",0,IF(COUNTIF($D$5:$D50,$D50)=1,1,0)) -> 0 | AA50: =IF(Z50=1,SUM($Z$5:$Z50),"")
A51: 下架 | B51: 新豐 | C51: 主食 | D51: 港式香滑嫩蛋牛肉燴飯 | E51: 川燙切片青江菜 | F51: 10 | G51: 公克 | H51: 51 | O51: V | U51: =IF($E51="","",COUNTIF($I51:$S51,"V")) -> 1 | V51: =IF($E51="","",IF(AND($T51="V",$U51>0),"⚠ 勾選矛盾",IF($T51="V","○ 免調理",IF($U51=0,"⚠ 資料缺漏",IF($U51=1,"▲ 單一設備依賴","OK"))))) -> ▲ 單一設備依賴 | W51: =IF($E51="","",IF(AND($T51="V",$U51>0),"「無使用調理設備」不可與設備欄同時勾選，請擇一修正",IF($T51="V","免調理半成品（外購/僅切配等），不列入設備風險評估",IF($U51=0,"未勾選任何設備，請補填或勾選「無使用調理設備」",IF($U51=1,"僅依賴1台設備，須確認故障/排修時之備援製程","無異常"))))) -> 僅依賴1台設備，須確認故障/排修時之備援製程 | X51: 1140708二配港式香滑嫩蛋牛肉燴飯.確認版(8)-F06-切回青江菜、食研所第五波製成率校正 | Y51: 王安淇 | Z51: =IF($D51="",0,IF(COUNTIF($D$5:$D51,$D51)=1,1,0)) -> 0 | AA51: =IF(Z51=1,SUM($Z$5:$Z51),"")
A52: 下架 | B52: 新豐 | C52: 主食 | D52: 港式香滑嫩蛋牛肉燴飯 | E52: 川燙醃嫩化巴拉圭牛肉切片 | F52: 19 | G52: 公克 | H52: 52 | O52: V | U52: =IF($E52="","",COUNTIF($I52:$S52,"V")) -> 1 | V52: =IF($E52="","",IF(AND($T52="V",$U52>0),"⚠ 勾選矛盾",IF($T52="V","○ 免調理",IF($U52=0,"⚠ 資料缺漏",IF($U52=1,"▲ 單一設備依賴","OK"))))) -> ▲ 單一設備依賴 | W52: =IF($E52="","",IF(AND($T52="V",$U52>0),"「無使用調理設備」不可與設備欄同時勾選，請擇一修正",IF($T52="V","免調理半成品（外購/僅切配等），不列入設備風險評估",IF($U52=0,"未勾選任何設備，請補填或勾選「無使用調理設備」",IF($U52=1,"僅依賴1台設備，須確認故障/排修時之備援製程","無異常"))))) -> 僅依賴1台設備，須確認故障/排修時之備援製程 | X52: 1140708二配港式香滑嫩蛋牛肉燴飯.確認版(8)-F06-切回青江菜、食研所第五波製成率校正 | Y52: 王安淇 | Z52: =IF($D52="",0,IF(COUNTIF($D$5:$D52,$D52)=1,1,0)) -> 0 | AA52: =IF(Z52=1,SUM($Z$5:$Z52),"")
A53: 下架 | B53: 新豐 | C53: 主食 | D53: 港式香滑嫩蛋牛肉燴飯 | E53: 川燙辣椒圓片 | F53: 1 | G53: 公克 | H53: 61 | O53: V | U53: =IF($E53="","",COUNTIF($I53:$S53,"V")) -> 1 | V53: =IF($E53="","",IF(AND($T53="V",$U53>0),"⚠ 勾選矛盾",IF($T53="V","○ 免調理",IF($U53=0,"⚠ 資料缺漏",IF($U53=1,"▲ 單一設備依賴","OK"))))) -> ▲ 單一設備依賴 | W53: =IF($E53="","",IF(AND($T53="V",$U53>0),"「無使用調理設備」不可與設備欄同時勾選，請擇一修正",IF($T53="V","免調理半成品（外購/僅切配等），不列入設備風險評估",IF($U53=0,"未勾選任何設備，請補填或勾選「無使用調理設備」",IF($U53=1,"僅依賴1台設備，須確認故障/排修時之備援製程","無異常"))))) -> 僅依賴1台設備，須確認故障/排修時之備援製程 | X53: 1140708二配港式香滑嫩蛋牛肉燴飯.確認版(8)-F06-切回青江菜、食研所第五波製成率校正 | Y53: 王安淇 | Z53: =IF($D53="",0,IF(COUNTIF($D$5:$D53,$D53)=1,1,0)) -> 0 | AA53: =IF(Z53=1,SUM($Z$5:$Z53),"")
A54: 架上 | B54: 新豐 | C54: 主食 | D54: 泰式綠咖哩雞 | E54: 新低溫飯 | F54: 215 | G54: 公克 | H54: 93.5 | I54: V | U54: =IF($E54="","",COUNTIF($I54:$S54,"V")) -> 1 | V54: =IF($E54="","",IF(AND($T54="V",$U54>0),"⚠ 勾選矛盾",IF($T54="V","○ 免調理",IF($U54=0,"⚠ 資料缺漏",IF($U54=1,"▲ 單一設備依賴","OK"))))) -> ▲ 單一設備依賴 | W54: =IF($E54="","",IF(AND($T54="V",$U54>0),"「無使用調理設備」不可與設備欄同時勾選，請擇一修正",IF($T54="V","免調理半成品（外購/僅切配等），不列入設備風險評估",IF($U54=0,"未勾選任何設備，請補填或勾選「無使用調理設備」",IF($U54=1,"僅依賴1台設備，須確認故障/排修時之備援製程","無異常"))))) -> 僅依賴1台設備，須確認故障/排修時之備援製程 | X54: 1141028二配泰式綠咖哩雞.確認版(4)-C02-修正貼標示意圖 | Y54: 王安淇 | Z54: =IF($D54="",0,IF(COUNTIF($D$5:$D54,$D54)=1,1,0)) -> 1 | AA54: =IF(Z54=1,SUM($Z$5:$Z54),"") -> 10
A55: 架上 | B55: 新豐 | C55: 主食 | D55: 泰式綠咖哩雞 | E55: 泰式椰香綠咖哩醬 | F55: 105 | G55: 公克 | H55: 52.7 | O55: V | U55: =IF($E55="","",COUNTIF($I55:$S55,"V")) -> 1 | V55: =IF($E55="","",IF(AND($T55="V",$U55>0),"⚠ 勾選矛盾",IF($T55="V","○ 免調理",IF($U55=0,"⚠ 資料缺漏",IF($U55=1,"▲ 單一設備依賴","OK"))))) -> ▲ 單一設備依賴 | W55: =IF($E55="","",IF(AND($T55="V",$U55>0),"「無使用調理設備」不可與設備欄同時勾選，請擇一修正",IF($T55="V","免調理半成品（外購/僅切配等），不列入設備風險評估",IF($U55=0,"未勾選任何設備，請補填或勾選「無使用調理設備」",IF($U55=1,"僅依賴1台設備，須確認故障/排修時之備援製程","無異常"))))) -> 僅依賴1台設備，須確認故障/排修時之備援製程 | X55: 1141028二配泰式綠咖哩雞.確認版(4)-C02-修正貼標示意圖 | Y55: 王安淇 | Z55: =IF($D55="",0,IF(COUNTIF($D$5:$D55,$D55)=1,1,0)) -> 0 | AA55: =IF(Z55=1,SUM($Z$5:$Z55),"")
A56: 架上 | B56: 新豐 | C56: 主食 | D56: 泰式綠咖哩雞 | E56: 椰奶淋醬 | F56: 8 | G56: 公克 | H56: 52.3 | O56: V | U56: =IF($E56="","",COUNTIF($I56:$S56,"V")) -> 1 | V56: =IF($E56="","",IF(AND($T56="V",$U56>0),"⚠ 勾選矛盾",IF($T56="V","○ 免調理",IF($U56=0,"⚠ 資料缺漏",IF($U56=1,"▲ 單一設備依賴","OK"))))) -> ▲ 單一設備依賴 | W56: =IF($E56="","",IF(AND($T56="V",$U56>0),"「無使用調理設備」不可與設備欄同時勾選，請擇一修正",IF($T56="V","免調理半成品（外購/僅切配等），不列入設備風險評估",IF($U56=0,"未勾選任何設備，請補填或勾選「無使用調理設備」",IF($U56=1,"僅依賴1台設備，須確認故障/排修時之備援製程","無異常"))))) -> 僅依賴1台設備，須確認故障/排修時之備援製程 | X56: 1141028二配泰式綠咖哩雞.確認版(4)-C02-修正貼標示意圖 | Y56: 王安淇 | Z56: =IF($D56="",0,IF(COUNTIF($D$5:$D56,$D56)=1,1,0)) -> 0 | AA56: =IF(Z56=1,SUM($Z$5:$Z56),"")
A57: 架上 | B57: 新豐 | C57: 主食 | D57: 泰式綠咖哩雞 | E57: 炒綠咖哩腿肉片 | F57: 36 | G57: 公克 | H57: 51.8 | O57: V | U57: =IF($E57="","",COUNTIF($I57:$S57,"V")) -> 1 | V57: =IF($E57="","",IF(AND($T57="V",$U57>0),"⚠ 勾選矛盾",IF($T57="V","○ 免調理",IF($U57=0,"⚠ 資料缺漏",IF($U57=1,"▲ 單一設備依賴","OK"))))) -> ▲ 單一設備依賴 | W57: =IF($E57="","",IF(AND($T57="V",$U57>0),"「無使用調理設備」不可與設備欄同時勾選，請擇一修正",IF($T57="V","免調理半成品（外購/僅切配等），不列入設備風險評估",IF($U57=0,"未勾選任何設備，請補填或勾選「無使用調理設備」",IF($U57=1,"僅依賴1台設備，須確認故障/排修時之備援製程","無異常"))))) -> 僅依賴1台設備，須確認故障/排修時之備援製程 | X57: 1141028二配泰式綠咖哩雞.確認版(4)-C02-修正貼標示意圖 | Y57: 王安淇 | Z57: =IF($D57="",0,IF(COUNTIF($D$5:$D57,$D57)=1,1,0)) -> 0 | AA57: =IF(Z57=1,SUM($Z$5:$Z57),"")
A58: 架上 | B58: 新豐 | C58: 主食 | D58: 泰式綠咖哩雞 | E58: 川燙青刀豆丁 | F58: 6 | G58: 公克 | H58: 61 | O58: V | U58: =IF($E58="","",COUNTIF($I58:$S58,"V")) -> 1 | V58: =IF($E58="","",IF(AND($T58="V",$U58>0),"⚠ 勾選矛盾",IF($T58="V","○ 免調理",IF($U58=0,"⚠ 資料缺漏",IF($U58=1,"▲ 單一設備依賴","OK"))))) -> ▲ 單一設備依賴 | W58: =IF($E58="","",IF(AND($T58="V",$U58>0),"「無使用調理設備」不可與設備欄同時勾選，請擇一修正",IF($T58="V","免調理半成品（外購/僅切配等），不列入設備風險評估",IF($U58=0,"未勾選任何設備，請補填或勾選「無使用調理設備」",IF($U58=1,"僅依賴1台設備，須確認故障/排修時之備援製程","無異常"))))) -> 僅依賴1台設備，須確認故障/排修時之備援製程 | X58: 1141028二配泰式綠咖哩雞.確認版(4)-C02-修正貼標示意圖 | Y58: 王安淇 | Z58: =IF($D58="",0,IF(COUNTIF($D$5:$D58,$D58)=1,1,0)) -> 0 | AA58: =IF(Z58=1,SUM($Z$5:$Z58),"")
A59: 架上 | B59: 新豐 | C59: 主食 | D59: 泰式綠咖哩雞 | E59: 川燙辣椒圓片 | F59: 1 | G59: 公克 | H59: 60 | O59: V | U59: =IF($E59="","",COUNTIF($I59:$S59,"V")) -> 1 | V59: =IF($E59="","",IF(AND($T59="V",$U59>0),"⚠ 勾選矛盾",IF($T59="V","○ 免調理",IF($U59=0,"⚠ 資料缺漏",IF($U59=1,"▲ 單一設備依賴","OK"))))) -> ▲ 單一設備依賴 | W59: =IF($E59="","",IF(AND($T59="V",$U59>0),"「無使用調理設備」不可與設備欄同時勾選，請擇一修正",IF($T59="V","免調理半成品（外購/僅切配等），不列入設備風險評估",IF($U59=0,"未勾選任何設備，請補填或勾選「無使用調理設備」",IF($U59=1,"僅依賴1台設備，須確認故障/排修時之備援製程","無異常"))))) -> 僅依賴1台設備，須確認故障/排修時之備援製程 | X59: 1141028二配泰式綠咖哩雞.確認版(4)-C02-修正貼標示意圖 | Y59: 王安淇 | Z59: =IF($D59="",0,IF(COUNTIF($D$5:$D59,$D59)=1,1,0)) -> 0 | AA59: =IF(Z59=1,SUM($Z$5:$Z59),"")
A60: 架上 | B60: 新豐 | C60: 主食 | D60: 打拋風味豬肉飯 | E60: 冷藏便當飯(109年) | F60: 220 | G60: 公克 | H60: 93.5 | I60: V | U60: =IF($E60="","",COUNTIF($I60:$S60,"V")) -> 1 | V60: =IF($E60="","",IF(AND($T60="V",$U60>0),"⚠ 勾選矛盾",IF($T60="V","○ 免調理",IF($U60=0,"⚠ 資料缺漏",IF($U60=1,"▲ 單一設備依賴","OK"))))) -> ▲ 單一設備依賴 | W60: =IF($E60="","",IF(AND($T60="V",$U60>0),"「無使用調理設備」不可與設備欄同時勾選，請擇一修正",IF($T60="V","免調理半成品（外購/僅切配等），不列入設備風險評估",IF($U60=0,"未勾選任何設備，請補填或勾選「無使用調理設備」",IF($U60=1,"僅依賴1台設備，須確認故障/排修時之備援製程","無異常"))))) -> 僅依賴1台設備，須確認故障/排修時之備援製程 | X60: 1150519二配打拋風味豬肉飯.確認版(1) | Y60: 王安淇 | Z60: =IF($D60="",0,IF(COUNTIF($D$5:$D60,$D60)=1,1,0)) -> 1 | AA60: =IF(Z60=1,SUM($Z$5:$Z60),"") -> 11
A61: 架上 | B61: 新豐 | C61: 主食 | D61: 打拋風味豬肉飯 | E61: 炒打拋肉醬 | F61: 160 | G61: 公克 | H61: 64.4 | O61: V | U61: =IF($E61="","",COUNTIF($I61:$S61,"V")) -> 1 | V61: =IF($E61="","",IF(AND($T61="V",$U61>0),"⚠ 勾選矛盾",IF($T61="V","○ 免調理",IF($U61=0,"⚠ 資料缺漏",IF($U61=1,"▲ 單一設備依賴","OK"))))) -> ▲ 單一設備依賴 | W61: =IF($E61="","",IF(AND($T61="V",$U61>0),"「無使用調理設備」不可與設備欄同時勾選，請擇一修正",IF($T61="V","免調理半成品（外購/僅切配等），不列入設備風險評估",IF($U61=0,"未勾選任何設備，請補填或勾選「無使用調理設備」",IF($U61=1,"僅依賴1台設備，須確認故障/排修時之備援製程","無異常"))))) -> 僅依賴1台設備，須確認故障/排修時之備援製程 | X61: 1150519二配打拋風味豬肉飯.確認版(1) | Y61: 王安淇 | Z61: =IF($D61="",0,IF(COUNTIF($D$5:$D61,$D61)=1,1,0)) -> 0 | AA61: =IF(Z61=1,SUM($Z$5:$Z61),"")
A62: 架上 | B62: 新豐 | C62: 主食 | D62: 打拋風味豬肉飯 | E62: 打拋豬-烤太陽蛋 | F62: 1 | G62: 個 | H62: 39 | K62: V | U62: =IF($E62="","",COUNTIF($I62:$S62,"V")) -> 1 | V62: =IF($E62="","",IF(AND($T62="V",$U62>0),"⚠ 勾選矛盾",IF($T62="V","○ 免調理",IF($U62=0,"⚠ 資料缺漏",IF($U62=1,"▲ 單一設備依賴","OK"))))) -> ▲ 單一設備依賴 | W62: =IF($E62="","",IF(AND($T62="V",$U62>0),"「無使用調理設備」不可與設備欄同時勾選，請擇一修正",IF($T62="V","免調理半成品（外購/僅切配等），不列入設備風險評估",IF($U62=0,"未勾選任何設備，請補填或勾選「無使用調理設備」",IF($U62=1,"僅依賴1台設備，須確認故障/排修時之備援製程","無異常"))))) -> 僅依賴1台設備，須確認故障/排修時之備援製程 | X62: 1150519二配打拋風味豬肉飯.確認版(1) | Y62: 王安淇 | Z62: =IF($D62="",0,IF(COUNTIF($D$5:$D62,$D62)=1,1,0)) -> 0 | AA62: =IF(Z62=1,SUM($Z$5:$Z62),"")
A63: 架上 | B63: 新豐 | C63: 主食 | D63: 打拋風味豬肉飯 | E63: 川燙青刀豆丁 | F63: 5 | G63: 公克 | H63: 62.5 | O63: V | U63: =IF($E63="","",COUNTIF($I63:$S63,"V")) -> 1 | V63: =IF($E63="","",IF(AND($T63="V",$U63>0),"⚠ 勾選矛盾",IF($T63="V","○ 免調理",IF($U63=0,"⚠ 資料缺漏",IF($U63=1,"▲ 單一設備依賴","OK"))))) -> ▲ 單一設備依賴 | W63: =IF($E63="","",IF(AND($T63="V",$U63>0),"「無使用調理設備」不可與設備欄同時勾選，請擇一修正",IF($T63="V","免調理半成品（外購/僅切配等），不列入設備風險評估",IF($U63=0,"未勾選任何設備，請補填或勾選「無使用調理設備」",IF($U63=1,"僅依賴1台設備，須確認故障/排修時之備援製程","無異常"))))) -> 僅依賴1台設備，須確認故障/排修時之備援製程 | X63: 1150519二配打拋風味豬肉飯.確認版(1) | Y63: 王安淇 | Z63: =IF($D63="",0,IF(COUNTIF($D$5:$D63,$D63)=1,1,0)) -> 0 | AA63: =IF(Z63=1,SUM($Z$5:$Z63),"")
A64: 架上 | B64: 新豐 | C64: 主食 | D64: 厚香料優格咖哩雞排飯 | E64: 冷藏便當飯(109年) | F64: 220 | G64: 公克 | H64: 92.8 | I64: V | U64: =IF($E64="","",COUNTIF($I64:$S64,"V")) -> 1 | V64: =IF($E64="","",IF(AND($T64="V",$U64>0),"⚠ 勾選矛盾",IF($T64="V","○ 免調理",IF($U64=0,"⚠ 資料缺漏",IF($U64=1,"▲ 單一設備依賴","OK"))))) -> ▲ 單一設備依賴 | W64: =IF($E64="","",IF(AND($T64="V",$U64>0),"「無使用調理設備」不可與設備欄同時勾選，請擇一修正",IF($T64="V","免調理半成品（外購/僅切配等），不列入設備風險評估",IF($U64=0,"未勾選任何設備，請補填或勾選「無使用調理設備」",IF($U64=1,"僅依賴1台設備，須確認故障/排修時之備援製程","無異常"))))) -> 僅依賴1台設備，須確認故障/排修時之備援製程 | X64: 1150526二配厚香料優格咖哩雞排飯.確認版(1) | Y64: 王安淇 | Z64: =IF($D64="",0,IF(COUNTIF($D$5:$D64,$D64)=1,1,0)) -> 1 | AA64: =IF(Z64=1,SUM($Z$5:$Z64),"") -> 12
A65: 架上 | B65: 新豐 | C65: 主食 | D65: 厚香料優格咖哩雞排飯 | E65: 厚咖哩香料雞油 | F65: 10 | G65: 公克 | H65: 47.6 | O65: V | U65: =IF($E65="","",COUNTIF($I65:$S65,"V")) -> 1 | V65: =IF($E65="","",IF(AND($T65="V",$U65>0),"⚠ 勾選矛盾",IF($T65="V","○ 免調理",IF($U65=0,"⚠ 資料缺漏",IF($U65=1,"▲ 單一設備依賴","OK"))))) -> ▲ 單一設備依賴 | W65: =IF($E65="","",IF(AND($T65="V",$U65>0),"「無使用調理設備」不可與設備欄同時勾選，請擇一修正",IF($T65="V","免調理半成品（外購/僅切配等），不列入設備風險評估",IF($U65=0,"未勾選任何設備，請補填或勾選「無使用調理設備」",IF($U65=1,"僅依賴1台設備，須確認故障/排修時之備援製程","無異常"))))) -> 僅依賴1台設備，須確認故障/排修時之備援製程 | X65: 1150526二配厚香料優格咖哩雞排飯.確認版(1) | Y65: 王安淇 | Z65: =IF($D65="",0,IF(COUNTIF($D$5:$D65,$D65)=1,1,0)) -> 0 | AA65: =IF(Z65=1,SUM($Z$5:$Z65),"")
A66: 架上 | B66: 新豐 | C66: 主食 | D66: 厚香料優格咖哩雞排飯 | E66: 香料優格咖哩(115年) | F66: 145 | G66: 公克 | H66: 55.9 | O66: V | U66: =IF($E66="","",COUNTIF($I66:$S66,"V")) -> 1 | V66: =IF($E66="","",IF(AND($T66="V",$U66>0),"⚠ 勾選矛盾",IF($T66="V","○ 免調理",IF($U66=0,"⚠ 資料缺漏",IF($U66=1,"▲ 單一設備依賴","OK"))))) -> ▲ 單一設備依賴 | W66: =IF($E66="","",IF(AND($T66="V",$U66>0),"「無使用調理設備」不可與設備欄同時勾選，請擇一修正",IF($T66="V","免調理半成品（外購/僅切配等），不列入設備風險評估",IF($U66=0,"未勾選任何設備，請補填或勾選「無使用調理設備」",IF($U66=1,"僅依賴1台設備，須確認故障/排修時之備援製程","無異常"))))) -> 僅依賴1台設備，須確認故障/排修時之備援製程 | X66: 1150526二配厚香料優格咖哩雞排飯.確認版(1) | Y66: 王安淇 | Z66: =IF($D66="",0,IF(COUNTIF($D$5:$D66,$D66)=1,1,0)) -> 0 | AA66: =IF(Z66=1,SUM($Z$5:$Z66),"")
A67: 架上 | B67: 新豐 | C67: 主食 | D67: 厚香料優格咖哩雞排飯 | E67: 5切-咖哩炸雞排 | F67: 5 | G67: 個 | H67: 500 | N67: V | U67: =IF($E67="","",COUNTIF($I67:$S67,"V")) -> 1 | V67: =IF($E67="","",IF(AND($T67="V",$U67>0),"⚠ 勾選矛盾",IF($T67="V","○ 免調理",IF($U67=0,"⚠ 資料缺漏",IF($U67=1,"▲ 單一設備依賴","OK"))))) -> ▲ 單一設備依賴 | W67: =IF($E67="","",IF(AND($T67="V",$U67>0),"「無使用調理設備」不可與設備欄同時勾選，請擇一修正",IF($T67="V","免調理半成品（外購/僅切配等），不列入設備風險評估",IF($U67=0,"未勾選任何設備，請補填或勾選「無使用調理設備」",IF($U67=1,"僅依賴1台設備，須確認故障/排修時之備援製程","無異常"))))) -> 僅依賴1台設備，須確認故障/排修時之備援製程 | X67: 1150526二配厚香料優格咖哩雞排飯.確認版(1) | Y67: 王安淇 | Z67: =IF($D67="",0,IF(COUNTIF($D$5:$D67,$D67)=1,1,0)) -> 0 | AA67: =IF(Z67=1,SUM($Z$5:$Z67),"")
A68: 架上 | B68: 新豐 | C68: 主食 | D68: 厚香料優格咖哩雞排飯 | E68: 歐姆蛋紅蘿蔔塊 | F68: 6 | G68: 公克 | H68: 75 | O68: V | U68: =IF($E68="","",COUNTIF($I68:$S68,"V")) -> 1 | V68: =IF($E68="","",IF(AND($T68="V",$U68>0),"⚠ 勾選矛盾",IF($T68="V","○ 免調理",IF($U68=0,"⚠ 資料缺漏",IF($U68=1,"▲ 單一設備依賴","OK"))))) -> ▲ 單一設備依賴 | W68: =IF($E68="","",IF(AND($T68="V",$U68>0),"「無使用調理設備」不可與設備欄同時勾選，請擇一修正",IF($T68="V","免調理半成品（外購/僅切配等），不列入設備風險評估",IF($U68=0,"未勾選任何設備，請補填或勾選「無使用調理設備」",IF($U68=1,"僅依賴1台設備，須確認故障/排修時之備援製程","無異常"))))) -> 僅依賴1台設備，須確認故障/排修時之備援製程 | X68: 1150526二配厚香料優格咖哩雞排飯.確認版(1) | Y68: 王安淇 | Z68: =IF($D68="",0,IF(COUNTIF($D$5:$D68,$D68)=1,1,0)) -> 0 | AA68: =IF(Z68=1,SUM($Z$5:$Z68),"")
A69: 架上 | B69: 新豐 | C69: 主食 | D69: 厚香料優格咖哩雞排飯 | E69: 洋香菜葉KU | F69: 0.2 | G69: 公克 | H69: 100 | T69: V | U69: =IF($E69="","",COUNTIF($I69:$S69,"V")) -> 0 | V69: =IF($E69="","",IF(AND($T69="V",$U69>0),"⚠ 勾選矛盾",IF($T69="V","○ 免調理",IF($U69=0,"⚠ 資料缺漏",IF($U69=1,"▲ 單一設備依賴","OK"))))) -> ○ 免調理 | W69: =IF($E69="","",IF(AND($T69="V",$U69>0),"「無使用調理設備」不可與設備欄同時勾選，請擇一修正",IF($T69="V","免調理半成品（外購/僅切配等），不列入設備風險評估",IF($U69=0,"未勾選任何設備，請補填或勾選「無使用調理設備」",IF($U69=1,"僅依賴1台設備，須確認故障/排修時之備援製程","無異常"))))) -> 免調理半成品（外購/僅切配等），不列入設備風險評估 | X69: 1150526二配厚香料優格咖哩雞排飯.確認版(1) | Y69: 王安淇 | Z69: =IF($D69="",0,IF(COUNTIF($D$5:$D69,$D69)=1,1,0)) -> 0 | AA69: =IF(Z69=1,SUM($Z$5:$Z69),"")
A70: 架上 | B70: 新豐 | C70: 主食 | D70: 玉米濃湯焗烤飯 | E70: 新低溫飯 | F70: 195 | G70: 公克 | H70: 85 | I70: V | U70: =IF($E70="","",COUNTIF($I70:$S70,"V")) -> 1 | V70: =IF($E70="","",IF(AND($T70="V",$U70>0),"⚠ 勾選矛盾",IF($T70="V","○ 免調理",IF($U70=0,"⚠ 資料缺漏",IF($U70=1,"▲ 單一設備依賴","OK"))))) -> ▲ 單一設備依賴 | W70: =IF($E70="","",IF(AND($T70="V",$U70>0),"「無使用調理設備」不可與設備欄同時勾選，請擇一修正",IF($T70="V","免調理半成品（外購/僅切配等），不列入設備風險評估",IF($U70=0,"未勾選任何設備，請補填或勾選「無使用調理設備」",IF($U70=1,"僅依賴1台設備，須確認故障/排修時之備援製程","無異常"))))) -> 僅依賴1台設備，須確認故障/排修時之備援製程 | X70: 1150707二配玉米濃湯焗烤飯.確認版(2)-變更商代.xlsx | Y70: 王安淇 | Z70: =IF($D70="",0,IF(COUNTIF($D$5:$D70,$D70)=1,1,0)) -> 1 | AA70: =IF(Z70=1,SUM($Z$5:$Z70),"") -> 13
A71: 架上 | B71: 新豐 | C71: 主食 | D71: 玉米濃湯焗烤飯 | E71: 玉米濃湯醬 | F71: 120 | G71: 公克 | H71: 62 | O71: V | U71: =IF($E71="","",COUNTIF($I71:$S71,"V")) -> 1 | V71: =IF($E71="","",IF(AND($T71="V",$U71>0),"⚠ 勾選矛盾",IF($T71="V","○ 免調理",IF($U71=0,"⚠ 資料缺漏",IF($U71=1,"▲ 單一設備依賴","OK"))))) -> ▲ 單一設備依賴 | W71: =IF($E71="","",IF(AND($T71="V",$U71>0),"「無使用調理設備」不可與設備欄同時勾選，請擇一修正",IF($T71="V","免調理半成品（外購/僅切配等），不列入設備風險評估",IF($U71=0,"未勾選任何設備，請補填或勾選「無使用調理設備」",IF($U71=1,"僅依賴1台設備，須確認故障/排修時之備援製程","無異常"))))) -> 僅依賴1台設備，須確認故障/排修時之備援製程 | X71: 1150707二配玉米濃湯焗烤飯.確認版(2)-變更商代.xlsx | Y71: 王安淇 | Z71: =IF($D71="",0,IF(COUNTIF($D$5:$D71,$D71)=1,1,0)) -> 0 | AA71: =IF(Z71=1,SUM($Z$5:$Z71),"")
A72: 架上 | B72: 新豐 | C72: 主食 | D72: 玉米濃湯焗烤飯 | E72: 焗烤起司片(115年) | F72: 1 | G72: 個 | H72: 78 | K72: V | U72: =IF($E72="","",COUNTIF($I72:$S72,"V")) -> 1 | V72: =IF($E72="","",IF(AND($T72="V",$U72>0),"⚠ 勾選矛盾",IF($T72="V","○ 免調理",IF($U72=0,"⚠ 資料缺漏",IF($U72=1,"▲ 單一設備依賴","OK"))))) -> ▲ 單一設備依賴 | W72: =IF($E72="","",IF(AND($T72="V",$U72>0),"「無使用調理設備」不可與設備欄同時勾選，請擇一修正",IF($T72="V","免調理半成品（外購/僅切配等），不列入設備風險評估",IF($U72=0,"未勾選任何設備，請補填或勾選「無使用調理設備」",IF($U72=1,"僅依賴1台設備，須確認故障/排修時之備援製程","無異常"))))) -> 僅依賴1台設備，須確認故障/排修時之備援製程 | X72: 1150707二配玉米濃湯焗烤飯.確認版(2)-變更商代.xlsx | Y72: 王安淇 | Z72: =IF($D72="",0,IF(COUNTIF($D$5:$D72,$D72)=1,1,0)) -> 0 | AA72: =IF(Z72=1,SUM($Z$5:$Z72),"")
A73: 架上 | B73: 新豐 | C73: 主食 | D73: 玉米濃湯焗烤飯 | E73: 玉米濃湯醬 | F73: 12 | G73: 公克 | H73: 62 | O73: V | U73: =IF($E73="","",COUNTIF($I73:$S73,"V")) -> 1 | V73: =IF($E73="","",IF(AND($T73="V",$U73>0),"⚠ 勾選矛盾",IF($T73="V","○ 免調理",IF($U73=0,"⚠ 資料缺漏",IF($U73=1,"▲ 單一設備依賴","OK"))))) -> ▲ 單一設備依賴 | W73: =IF($E73="","",IF(AND($T73="V",$U73>0),"「無使用調理設備」不可與設備欄同時勾選，請擇一修正",IF($T73="V","免調理半成品（外購/僅切配等），不列入設備風險評估",IF($U73=0,"未勾選任何設備，請補填或勾選「無使用調理設備」",IF($U73=1,"僅依賴1台設備，須確認故障/排修時之備援製程","無異常"))))) -> 僅依賴1台設備，須確認故障/排修時之備援製程 | X73: 1150707二配玉米濃湯焗烤飯.確認版(2)-變更商代.xlsx | Y73: 王安淇 | Z73: =IF($D73="",0,IF(COUNTIF($D$5:$D73,$D73)=1,1,0)) -> 0 | AA73: =IF(Z73=1,SUM($Z$5:$Z73),"")
A74: 架上 | B74: 新豐 | C74: 主食 | D74: 玉米濃湯焗烤飯 | E74: 炒奶香玉米 | F74: 52 | G74: 公克 | H74: 61 | O74: V | U74: =IF($E74="","",COUNTIF($I74:$S74,"V")) -> 1 | V74: =IF($E74="","",IF(AND($T74="V",$U74>0),"⚠ 勾選矛盾",IF($T74="V","○ 免調理",IF($U74=0,"⚠ 資料缺漏",IF($U74=1,"▲ 單一設備依賴","OK"))))) -> ▲ 單一設備依賴 | W74: =IF($E74="","",IF(AND($T74="V",$U74>0),"「無使用調理設備」不可與設備欄同時勾選，請擇一修正",IF($T74="V","免調理半成品（外購/僅切配等），不列入設備風險評估",IF($U74=0,"未勾選任何設備，請補填或勾選「無使用調理設備」",IF($U74=1,"僅依賴1台設備，須確認故障/排修時之備援製程","無異常"))))) -> 僅依賴1台設備，須確認故障/排修時之備援製程 | X74: 1150707二配玉米濃湯焗烤飯.確認版(2)-變更商代.xlsx | Y74: 王安淇 | Z74: =IF($D74="",0,IF(COUNTIF($D$5:$D74,$D74)=1,1,0)) -> 0 | AA74: =IF(Z74=1,SUM($Z$5:$Z74),"")
A75: 架上 | B75: 新豐 | C75: 主食 | D75: 玉米濃湯焗烤飯 | E75: 炒火腿丁 | F75: 4 | G75: 公克 | H75: 60 | O75: V | U75: =IF($E75="","",COUNTIF($I75:$S75,"V")) -> 1 | V75: =IF($E75="","",IF(AND($T75="V",$U75>0),"⚠ 勾選矛盾",IF($T75="V","○ 免調理",IF($U75=0,"⚠ 資料缺漏",IF($U75=1,"▲ 單一設備依賴","OK"))))) -> ▲ 單一設備依賴 | W75: =IF($E75="","",IF(AND($T75="V",$U75>0),"「無使用調理設備」不可與設備欄同時勾選，請擇一修正",IF($T75="V","免調理半成品（外購/僅切配等），不列入設備風險評估",IF($U75=0,"未勾選任何設備，請補填或勾選「無使用調理設備」",IF($U75=1,"僅依賴1台設備，須確認故障/排修時之備援製程","無異常"))))) -> 僅依賴1台設備，須確認故障/排修時之備援製程 | X75: 1150707二配玉米濃湯焗烤飯.確認版(2)-變更商代.xlsx | Y75: 王安淇 | Z75: =IF($D75="",0,IF(COUNTIF($D$5:$D75,$D75)=1,1,0)) -> 0 | AA75: =IF(Z75=1,SUM($Z$5:$Z75),"")
A76: 架上 | B76: 新豐 | C76: 主食 | D76: 玉米濃湯焗烤飯 | E76: 洋香菜葉KU | F76: 0.1 | G76: 公克 | H76: 100 | T76: V | U76: =IF($E76="","",COUNTIF($I76:$S76,"V")) -> 0 | V76: =IF($E76="","",IF(AND($T76="V",$U76>0),"⚠ 勾選矛盾",IF($T76="V","○ 免調理",IF($U76=0,"⚠ 資料缺漏",IF($U76=1,"▲ 單一設備依賴","OK"))))) -> ○ 免調理 | W76: =IF($E76="","",IF(AND($T76="V",$U76>0),"「無使用調理設備」不可與設備欄同時勾選，請擇一修正",IF($T76="V","免調理半成品（外購/僅切配等），不列入設備風險評估",IF($U76=0,"未勾選任何設備，請補填或勾選「無使用調理設備」",IF($U76=1,"僅依賴1台設備，須確認故障/排修時之備援製程","無異常"))))) -> 免調理半成品（外購/僅切配等），不列入設備風險評估 | X76: 1150707二配玉米濃湯焗烤飯.確認版(2)-變更商代.xlsx | Y76: 王安淇
A77: 架上 | B77: 新豐 | C77: 主食 | D77: 美味蟹煲 | E77: 冷藏便當飯(109年) | F77: 210 | G77: 公克 | H77: 92.8 | I77: V | U77: =IF($E77="","",COUNTIF($I77:$S77,"V")) -> 1 | V77: =IF($E77="","",IF(AND($T77="V",$U77>0),"⚠ 勾選矛盾",IF($T77="V","○ 免調理",IF($U77=0,"⚠ 資料缺漏",IF($U77=1,"▲ 單一設備依賴","OK"))))) -> ▲ 單一設備依賴 | W77: =IF($E77="","",IF(AND($T77="V",$U77>0),"「無使用調理設備」不可與設備欄同時勾選，請擇一修正",IF($T77="V","免調理半成品（外購/僅切配等），不列入設備風險評估",IF($U77=0,"未勾選任何設備，請補填或勾選「無使用調理設備」",IF($U77=1,"僅依賴1台設備，須確認故障/排修時之備援製程","無異常"))))) -> 僅依賴1台設備，須確認故障/排修時之備援製程 | X77: 1150714二配美味蟹煲.確認版(1) | Y77: 王安淇 | Z77: =IF($D77="",0,IF(COUNTIF($D$5:$D77,$D77)=1,1,0)) -> 1 | AA77: =IF(Z77=1,SUM($Z$5:$Z77),"") -> 14
A78: 架上 | B78: 新豐 | C78: 主食 | D78: 美味蟹煲 | E78: 蟹粉燴汁(115年) | F78: 160 | G78: 公克 | H78: 53 | O78: V | U78: =IF($E78="","",COUNTIF($I78:$S78,"V")) -> 1 | V78: =IF($E78="","",IF(AND($T78="V",$U78>0),"⚠ 勾選矛盾",IF($T78="V","○ 免調理",IF($U78=0,"⚠ 資料缺漏",IF($U78=1,"▲ 單一設備依賴","OK"))))) -> ▲ 單一設備依賴 | W78: =IF($E78="","",IF(AND($T78="V",$U78>0),"「無使用調理設備」不可與設備欄同時勾選，請擇一修正",IF($T78="V","免調理半成品（外購/僅切配等），不列入設備風險評估",IF($U78=0,"未勾選任何設備，請補填或勾選「無使用調理設備」",IF($U78=1,"僅依賴1台設備，須確認故障/排修時之備援製程","無異常"))))) -> 僅依賴1台設備，須確認故障/排修時之備援製程 | X78: 1150714二配美味蟹煲.確認版(1) | Y78: 王安淇 | Z78: =IF($D78="",0,IF(COUNTIF($D$5:$D78,$D78)=1,1,0)) -> 0 | AA78: =IF(Z78=1,SUM($Z$5:$Z78),"")
A79: 架上 | B79: 新豐 | C79: 主食 | D79: 美味蟹煲 | E79: 180切-蒸家常豆腐 | F79: 52 | G79: 公克 | H79: 18000 | M79: V | U79: =IF($E79="","",COUNTIF($I79:$S79,"V")) -> 1 | V79: =IF($E79="","",IF(AND($T79="V",$U79>0),"⚠ 勾選矛盾",IF($T79="V","○ 免調理",IF($U79=0,"⚠ 資料缺漏",IF($U79=1,"▲ 單一設備依賴","OK"))))) -> ▲ 單一設備依賴 | W79: =IF($E79="","",IF(AND($T79="V",$U79>0),"「無使用調理設備」不可與設備欄同時勾選，請擇一修正",IF($T79="V","免調理半成品（外購/僅切配等），不列入設備風險評估",IF($U79=0,"未勾選任何設備，請補填或勾選「無使用調理設備」",IF($U79=1,"僅依賴1台設備，須確認故障/排修時之備援製程","無異常"))))) -> 僅依賴1台設備，須確認故障/排修時之備援製程 | X79: 1150714二配美味蟹煲.確認版(1) | Y79: 王安淇 | Z79: =IF($D79="",0,IF(COUNTIF($D$5:$D79,$D79)=1,1,0)) -> 0 | AA79: =IF(Z79=1,SUM($Z$5:$Z79),"")
A80: 架上 | B80: 新豐 | C80: 主食 | D80: 美味蟹煲 | E80: 蒸珍珍蟹味絲CL | F80: 8 | G80: 公克 | H80: 80 | M80: V | U80: =IF($E80="","",COUNTIF($I80:$S80,"V")) -> 1 | V80: =IF($E80="","",IF(AND($T80="V",$U80>0),"⚠ 勾選矛盾",IF($T80="V","○ 免調理",IF($U80=0,"⚠ 資料缺漏",IF($U80=1,"▲ 單一設備依賴","OK"))))) -> ▲ 單一設備依賴 | W80: =IF($E80="","",IF(AND($T80="V",$U80>0),"「無使用調理設備」不可與設備欄同時勾選，請擇一修正",IF($T80="V","免調理半成品（外購/僅切配等），不列入設備風險評估",IF($U80=0,"未勾選任何設備，請補填或勾選「無使用調理設備」",IF($U80=1,"僅依賴1台設備，須確認故障/排修時之備援製程","無異常"))))) -> 僅依賴1台設備，須確認故障/排修時之備援製程 | X80: 1150714二配美味蟹煲.確認版(1) | Y80: 王安淇 | Z80: =IF($D80="",0,IF(COUNTIF($D$5:$D80,$D80)=1,1,0)) -> 0 | AA80: =IF(Z80=1,SUM($Z$5:$Z80),"")
A81: 架上 | B81: 新豐 | C81: 主食 | D81: 美味蟹煲 | E81: 切-解凍蟹味條 | F81: 3 | G81: 個 | H81: 200 | T81: V | U81: =IF($E81="","",COUNTIF($I81:$S81,"V")) -> 0 | V81: =IF($E81="","",IF(AND($T81="V",$U81>0),"⚠ 勾選矛盾",IF($T81="V","○ 免調理",IF($U81=0,"⚠ 資料缺漏",IF($U81=1,"▲ 單一設備依賴","OK"))))) -> ○ 免調理 | W81: =IF($E81="","",IF(AND($T81="V",$U81>0),"「無使用調理設備」不可與設備欄同時勾選，請擇一修正",IF($T81="V","免調理半成品（外購/僅切配等），不列入設備風險評估",IF($U81=0,"未勾選任何設備，請補填或勾選「無使用調理設備」",IF($U81=1,"僅依賴1台設備，須確認故障/排修時之備援製程","無異常"))))) -> 免調理半成品（外購/僅切配等），不列入設備風險評估 | X81: 1150714二配美味蟹煲.確認版(1) | Y81: 王安淇 | Z81: =IF($D81="",0,IF(COUNTIF($D$5:$D81,$D81)=1,1,0)) -> 0 | AA81: =IF(Z81=1,SUM($Z$5:$Z81),"")
A82: 架上 | B82: 新豐 | C82: 主食 | D82: 美味蟹煲 | E82: 烤鹹蛋黃碎 | F82: 2 | G82: 公克 | H82: 50 | K82: V | U82: =IF($E82="","",COUNTIF($I82:$S82,"V")) -> 1 | V82: =IF($E82="","",IF(AND($T82="V",$U82>0),"⚠ 勾選矛盾",IF($T82="V","○ 免調理",IF($U82=0,"⚠ 資料缺漏",IF($U82=1,"▲ 單一設備依賴","OK"))))) -> ▲ 單一設備依賴 | W82: =IF($E82="","",IF(AND($T82="V",$U82>0),"「無使用調理設備」不可與設備欄同時勾選，請擇一修正",IF($T82="V","免調理半成品（外購/僅切配等），不列入設備風險評估",IF($U82=0,"未勾選任何設備，請補填或勾選「無使用調理設備」",IF($U82=1,"僅依賴1台設備，須確認故障/排修時之備援製程","無異常"))))) -> 僅依賴1台設備，須確認故障/排修時之備援製程 | X82: 1150714二配美味蟹煲.確認版(1) | Y82: 王安淇 | Z82: =IF($D82="",0,IF(COUNTIF($D$5:$D82,$D82)=1,1,0)) -> 0 | AA82: =IF(Z82=1,SUM($Z$5:$Z82),"")
A83: 架上 | B83: 新豐 | C83: 主食 | D83: 美味蟹煲 | E83: 蒸紅雪蟹肉 | F83: 8 | G83: 公克 | H83: 45.7 | M83: V | U83: =IF($E83="","",COUNTIF($I83:$S83,"V")) -> 1 | V83: =IF($E83="","",IF(AND($T83="V",$U83>0),"⚠ 勾選矛盾",IF($T83="V","○ 免調理",IF($U83=0,"⚠ 資料缺漏",IF($U83=1,"▲ 單一設備依賴","OK"))))) -> ▲ 單一設備依賴 | W83: =IF($E83="","",IF(AND($T83="V",$U83>0),"「無使用調理設備」不可與設備欄同時勾選，請擇一修正",IF($T83="V","免調理半成品（外購/僅切配等），不列入設備風險評估",IF($U83=0,"未勾選任何設備，請補填或勾選「無使用調理設備」",IF($U83=1,"僅依賴1台設備，須確認故障/排修時之備援製程","無異常"))))) -> 僅依賴1台設備，須確認故障/排修時之備援製程 | X83: 1150714二配美味蟹煲.確認版(1) | Y83: 王安淇 | Z83: =IF($D83="",0,IF(COUNTIF($D$5:$D83,$D83)=1,1,0)) -> 0 | AA83: =IF(Z83=1,SUM($Z$5:$Z83),"")
A84: 架上 | B84: 新豐 | C84: 主食 | D84: 美味蟹煲 | E84: 清洗青蔥絲 | F84: 2 | G84: 公克 | H84: 70 | T84: V | U84: =IF($E84="","",COUNTIF($I84:$S84,"V")) -> 0 | V84: =IF($E84="","",IF(AND($T84="V",$U84>0),"⚠ 勾選矛盾",IF($T84="V","○ 免調理",IF($U84=0,"⚠ 資料缺漏",IF($U84=1,"▲ 單一設備依賴","OK"))))) -> ○ 免調理 | W84: =IF($E84="","",IF(AND($T84="V",$U84>0),"「無使用調理設備」不可與設備欄同時勾選，請擇一修正",IF($T84="V","免調理半成品（外購/僅切配等），不列入設備風險評估",IF($U84=0,"未勾選任何設備，請補填或勾選「無使用調理設備」",IF($U84=1,"僅依賴1台設備，須確認故障/排修時之備援製程","無異常"))))) -> 免調理半成品（外購/僅切配等），不列入設備風險評估 | X84: 1150714二配美味蟹煲.確認版(1) | Y84: 王安淇 | Z84: =IF($D84="",0,IF(COUNTIF($D$5:$D84,$D84)=1,1,0)) -> 0 | AA84: =IF(Z84=1,SUM($Z$5:$Z84),"")
A85: 架上 | B85: 新豐 | C85: 主食 | D85: 韓式泡菜豬肉豆腐丼飯 | E85: 冷藏便當飯(109年) | F85: 210 | G85: 公克 | H85: 91.7 | I85: V | U85: =IF($E85="","",COUNTIF($I85:$S85,"V")) -> 1 | V85: =IF($E85="","",IF(AND($T85="V",$U85>0),"⚠ 勾選矛盾",IF($T85="V","○ 免調理",IF($U85=0,"⚠ 資料缺漏",IF($U85=1,"▲ 單一設備依賴","OK"))))) -> ▲ 單一設備依賴 | W85: =IF($E85="","",IF(AND($T85="V",$U85>0),"「無使用調理設備」不可與設備欄同時勾選，請擇一修正",IF($T85="V","免調理半成品（外購/僅切配等），不列入設備風險評估",IF($U85=0,"未勾選任何設備，請補填或勾選「無使用調理設備」",IF($U85=1,"僅依賴1台設備，須確認故障/排修時之備援製程","無異常"))))) -> 僅依賴1台設備，須確認故障/排修時之備援製程 | X85: 1150325韓式泡菜豬肉豆腐丼飯.確認版(1) | Y85: 王安淇 | Z85: =IF($D85="",0,IF(COUNTIF($D$5:$D85,$D85)=1,1,0)) -> 1 | AA85: =IF(Z85=1,SUM($Z$5:$Z85),"") -> 15
A86: 架上 | B86: 新豐 | C86: 主食 | D86: 韓式泡菜豬肉豆腐丼飯 | E86: 韓式湯凍(115年) | F86: 130 | G86: 公克 | H86: 57.2 | O86: V | U86: =IF($E86="","",COUNTIF($I86:$S86,"V")) -> 1 | V86: =IF($E86="","",IF(AND($T86="V",$U86>0),"⚠ 勾選矛盾",IF($T86="V","○ 免調理",IF($U86=0,"⚠ 資料缺漏",IF($U86=1,"▲ 單一設備依賴","OK"))))) -> ▲ 單一設備依賴 | W86: =IF($E86="","",IF(AND($T86="V",$U86>0),"「無使用調理設備」不可與設備欄同時勾選，請擇一修正",IF($T86="V","免調理半成品（外購/僅切配等），不列入設備風險評估",IF($U86=0,"未勾選任何設備，請補填或勾選「無使用調理設備」",IF($U86=1,"僅依賴1台設備，須確認故障/排修時之備援製程","無異常"))))) -> 僅依賴1台設備，須確認故障/排修時之備援製程 | X86: 1150325韓式泡菜豬肉豆腐丼飯.確認版(1) | Y86: 王安淇 | Z86: =IF($D86="",0,IF(COUNTIF($D$5:$D86,$D86)=1,1,0)) -> 0 | AA86: =IF(Z86=1,SUM($Z$5:$Z86),"")
A87: 架上 | B87: 新豐 | C87: 主食 | D87: 韓式泡菜豬肉豆腐丼飯 | E87: 三角對切潔淨切達芝士片 | F87: 1 | G87: 個 | H87: 200 | T87: V | U87: =IF($E87="","",COUNTIF($I87:$S87,"V")) -> 0 | V87: =IF($E87="","",IF(AND($T87="V",$U87>0),"⚠ 勾選矛盾",IF($T87="V","○ 免調理",IF($U87=0,"⚠ 資料缺漏",IF($U87=1,"▲ 單一設備依賴","OK"))))) -> ○ 免調理 | W87: =IF($E87="","",IF(AND($T87="V",$U87>0),"「無使用調理設備」不可與設備欄同時勾選，請擇一修正",IF($T87="V","免調理半成品（外購/僅切配等），不列入設備風險評估",IF($U87=0,"未勾選任何設備，請補填或勾選「無使用調理設備」",IF($U87=1,"僅依賴1台設備，須確認故障/排修時之備援製程","無異常"))))) -> 免調理半成品（外購/僅切配等），不列入設備風險評估 | X87: 1150325韓式泡菜豬肉豆腐丼飯.確認版(1) | Y87: 王安淇 | Z87: =IF($D87="",0,IF(COUNTIF($D$5:$D87,$D87)=1,1,0)) -> 0 | AA87: =IF(Z87=1,SUM($Z$5:$Z87),"")
A88: 架上 | B88: 新豐 | C88: 主食 | D88: 韓式泡菜豬肉豆腐丼飯 | E88: 180切-蒸家常豆腐 | F88: 40 | G88: 公克 | H88: 18000 | M88: V | U88: =IF($E88="","",COUNTIF($I88:$S88,"V")) -> 1 | V88: =IF($E88="","",IF(AND($T88="V",$U88>0),"⚠ 勾選矛盾",IF($T88="V","○ 免調理",IF($U88=0,"⚠ 資料缺漏",IF($U88=1,"▲ 單一設備依賴","OK"))))) -> ▲ 單一設備依賴 | W88: =IF($E88="","",IF(AND($T88="V",$U88>0),"「無使用調理設備」不可與設備欄同時勾選，請擇一修正",IF($T88="V","免調理半成品（外購/僅切配等），不列入設備風險評估",IF($U88=0,"未勾選任何設備，請補填或勾選「無使用調理設備」",IF($U88=1,"僅依賴1台設備，須確認故障/排修時之備援製程","無異常"))))) -> 僅依賴1台設備，須確認故障/排修時之備援製程 | X88: 1150325韓式泡菜豬肉豆腐丼飯.確認版(1) | Y88: 王安淇 | Z88: =IF($D88="",0,IF(COUNTIF($D$5:$D88,$D88)=1,1,0)) -> 0 | AA88: =IF(Z88=1,SUM($Z$5:$Z88),"")
A89: 架上 | B89: 新豐 | C89: 主食 | D89: 韓式泡菜豬肉豆腐丼飯 | E89: 炒韓式燒肉(115年) | F89: 40 | G89: 公克 | H89: 48.3 | O89: V | U89: =IF($E89="","",COUNTIF($I89:$S89,"V")) -> 1 | V89: =IF($E89="","",IF(AND($T89="V",$U89>0),"⚠ 勾選矛盾",IF($T89="V","○ 免調理",IF($U89=0,"⚠ 資料缺漏",IF($U89=1,"▲ 單一設備依賴","OK"))))) -> ▲ 單一設備依賴 | W89: =IF($E89="","",IF(AND($T89="V",$U89>0),"「無使用調理設備」不可與設備欄同時勾選，請擇一修正",IF($T89="V","免調理半成品（外購/僅切配等），不列入設備風險評估",IF($U89=0,"未勾選任何設備，請補填或勾選「無使用調理設備」",IF($U89=1,"僅依賴1台設備，須確認故障/排修時之備援製程","無異常"))))) -> 僅依賴1台設備，須確認故障/排修時之備援製程 | X89: 1150325韓式泡菜豬肉豆腐丼飯.確認版(1) | Y89: 王安淇 | Z89: =IF($D89="",0,IF(COUNTIF($D$5:$D89,$D89)=1,1,0)) -> 0 | AA89: =IF(Z89=1,SUM($Z$5:$Z89),"")
A90: 架上 | B90: 新豐 | C90: 主食 | D90: 韓式泡菜豬肉豆腐丼飯 | E90: 瀝汁-切絲泡菜 | F90: 20 | G90: 公克 | H90: 80 | T90: V | U90: =IF($E90="","",COUNTIF($I90:$S90,"V")) -> 0 | V90: =IF($E90="","",IF(AND($T90="V",$U90>0),"⚠ 勾選矛盾",IF($T90="V","○ 免調理",IF($U90=0,"⚠ 資料缺漏",IF($U90=1,"▲ 單一設備依賴","OK"))))) -> ○ 免調理 | W90: =IF($E90="","",IF(AND($T90="V",$U90>0),"「無使用調理設備」不可與設備欄同時勾選，請擇一修正",IF($T90="V","免調理半成品（外購/僅切配等），不列入設備風險評估",IF($U90=0,"未勾選任何設備，請補填或勾選「無使用調理設備」",IF($U90=1,"僅依賴1台設備，須確認故障/排修時之備援製程","無異常"))))) -> 免調理半成品（外購/僅切配等），不列入設備風險評估 | X90: 1150325韓式泡菜豬肉豆腐丼飯.確認版(1) | Y90: 王安淇 | Z90: =IF($D90="",0,IF(COUNTIF($D$5:$D90,$D90)=1,1,0)) -> 0 | AA90: =IF(Z90=1,SUM($Z$5:$Z90),"")
A91: 架上 | B91: 新豐 | C91: 主食 | D91: 韓式泡菜豬肉豆腐丼飯 | E91: 清洗蔥花 | F91: 3 | G91: 公克 | H91: 70 | T91: V | U91: =IF($E91="","",COUNTIF($I91:$S91,"V")) -> 0 | V91: =IF($E91="","",IF(AND($T91="V",$U91>0),"⚠ 勾選矛盾",IF($T91="V","○ 免調理",IF($U91=0,"⚠ 資料缺漏",IF($U91=1,"▲ 單一設備依賴","OK"))))) -> ○ 免調理 | W91: =IF($E91="","",IF(AND($T91="V",$U91>0),"「無使用調理設備」不可與設備欄同時勾選，請擇一修正",IF($T91="V","免調理半成品（外購/僅切配等），不列入設備風險評估",IF($U91=0,"未勾選任何設備，請補填或勾選「無使用調理設備」",IF($U91=1,"僅依賴1台設備，須確認故障/排修時之備援製程","無異常"))))) -> 免調理半成品（外購/僅切配等），不列入設備風險評估 | X91: 1150325韓式泡菜豬肉豆腐丼飯.確認版(1) | Y91: 王安淇 | Z91: =IF($D91="",0,IF(COUNTIF($D$5:$D91,$D91)=1,1,0)) -> 0 | AA91: =IF(Z91=1,SUM($Z$5:$Z91),"")
A92: 架上 | B92: 新豐 | C92: 主食 | D92: 日式炙烤親子丼 | E92: 冷藏便當飯(109年) | F92: 240 | G92: 公克 | H92: 93 | I92: V | U92: =IF($E92="","",COUNTIF($I92:$S92,"V")) -> 1 | V92: =IF($E92="","",IF(AND($T92="V",$U92>0),"⚠ 勾選矛盾",IF($T92="V","○ 免調理",IF($U92=0,"⚠ 資料缺漏",IF($U92=1,"▲ 單一設備依賴","OK"))))) -> ▲ 單一設備依賴 | W92: =IF($E92="","",IF(AND($T92="V",$U92>0),"「無使用調理設備」不可與設備欄同時勾選，請擇一修正",IF($T92="V","免調理半成品（外購/僅切配等），不列入設備風險評估",IF($U92=0,"未勾選任何設備，請補填或勾選「無使用調理設備」",IF($U92=1,"僅依賴1台設備，須確認故障/排修時之備援製程","無異常"))))) -> 僅依賴1台設備，須確認故障/排修時之備援製程 | X92: 1150513日式炙烤親子丼.確認版(1) | Y92: 王安淇 | Z92: =IF($D92="",0,IF(COUNTIF($D$5:$D92,$D92)=1,1,0)) -> 1 | AA92: =IF(Z92=1,SUM($Z$5:$Z92),"") -> 16
A93: 架上 | B93: 新豐 | C93: 主食 | D93: 日式炙烤親子丼 | E93: 親子柴魚風味醬汁(114年) | F93: 70 | G93: 公克 | H93: 46 | O93: V | U93: =IF($E93="","",COUNTIF($I93:$S93,"V")) -> 1 | V93: =IF($E93="","",IF(AND($T93="V",$U93>0),"⚠ 勾選矛盾",IF($T93="V","○ 免調理",IF($U93=0,"⚠ 資料缺漏",IF($U93=1,"▲ 單一設備依賴","OK"))))) -> ▲ 單一設備依賴 | W93: =IF($E93="","",IF(AND($T93="V",$U93>0),"「無使用調理設備」不可與設備欄同時勾選，請擇一修正",IF($T93="V","免調理半成品（外購/僅切配等），不列入設備風險評估",IF($U93=0,"未勾選任何設備，請補填或勾選「無使用調理設備」",IF($U93=1,"僅依賴1台設備，須確認故障/排修時之備援製程","無異常"))))) -> 僅依賴1台設備，須確認故障/排修時之備援製程 | X93: 1150513日式炙烤親子丼.確認版(1) | Y93: 王安淇 | Z93: =IF($D93="",0,IF(COUNTIF($D$5:$D93,$D93)=1,1,0)) -> 0 | AA93: =IF(Z93=1,SUM($Z$5:$Z93),"")
A94: 架上 | B94: 新豐 | C94: 主食 | D94: 日式炙烤親子丼 | E94: 烤洋蔥蛋(115年) | F94: 50 | G94: 公克 | H94: 57 | K94: V | U94: =IF($E94="","",COUNTIF($I94:$S94,"V")) -> 1 | V94: =IF($E94="","",IF(AND($T94="V",$U94>0),"⚠ 勾選矛盾",IF($T94="V","○ 免調理",IF($U94=0,"⚠ 資料缺漏",IF($U94=1,"▲ 單一設備依賴","OK"))))) -> ▲ 單一設備依賴 | W94: =IF($E94="","",IF(AND($T94="V",$U94>0),"「無使用調理設備」不可與設備欄同時勾選，請擇一修正",IF($T94="V","免調理半成品（外購/僅切配等），不列入設備風險評估",IF($U94=0,"未勾選任何設備，請補填或勾選「無使用調理設備」",IF($U94=1,"僅依賴1台設備，須確認故障/排修時之備援製程","無異常"))))) -> 僅依賴1台設備，須確認故障/排修時之備援製程 | X94: 1150513日式炙烤親子丼.確認版(1) | Y94: 王安淇 | Z94: =IF($D94="",0,IF(COUNTIF($D$5:$D94,$D94)=1,1,0)) -> 0 | AA94: =IF(Z94=1,SUM($Z$5:$Z94),"")
A95: 架上 | B95: 新豐 | C95: 主食 | D95: 日式炙烤親子丼 | E95: 親子丼-滑蛋(115年) | F95: 90 | G95: 公克 | H95: 53 | O95: V | U95: =IF($E95="","",COUNTIF($I95:$S95,"V")) -> 1 | V95: =IF($E95="","",IF(AND($T95="V",$U95>0),"⚠ 勾選矛盾",IF($T95="V","○ 免調理",IF($U95=0,"⚠ 資料缺漏",IF($U95=1,"▲ 單一設備依賴","OK"))))) -> ▲ 單一設備依賴 | W95: =IF($E95="","",IF(AND($T95="V",$U95>0),"「無使用調理設備」不可與設備欄同時勾選，請擇一修正",IF($T95="V","免調理半成品（外購/僅切配等），不列入設備風險評估",IF($U95=0,"未勾選任何設備，請補填或勾選「無使用調理設備」",IF($U95=1,"僅依賴1台設備，須確認故障/排修時之備援製程","無異常"))))) -> 僅依賴1台設備，須確認故障/排修時之備援製程 | X95: 1150513日式炙烤親子丼.確認版(1) | Y95: 王安淇 | Z95: =IF($D95="",0,IF(COUNTIF($D$5:$D95,$D95)=1,1,0)) -> 0 | AA95: =IF(Z95=1,SUM($Z$5:$Z95),"")
A96: 架上 | B96: 新豐 | C96: 主食 | D96: 日式炙烤親子丼 | E96: 炙烤雞腿丁(113年) | F96: 35 | G96: 公克 | H96: 59 | K96: V | L96: V | U96: =IF($E96="","",COUNTIF($I96:$S96,"V")) -> 2 | V96: =IF($E96="","",IF(AND($T96="V",$U96>0),"⚠ 勾選矛盾",IF($T96="V","○ 免調理",IF($U96=0,"⚠ 資料缺漏",IF($U96=1,"▲ 單一設備依賴","OK"))))) -> OK | W96: =IF($E96="","",IF(AND($T96="V",$U96>0),"「無使用調理設備」不可與設備欄同時勾選，請擇一修正",IF($T96="V","免調理半成品（外購/僅切配等），不列入設備風險評估",IF($U96=0,"未勾選任何設備，請補填或勾選「無使用調理設備」",IF($U96=1,"僅依賴1台設備，須確認故障/排修時之備援製程","無異常"))))) -> 無異常 | X96: 1150513日式炙烤親子丼.確認版(1) | Y96: 王安淇 | Z96: =IF($D96="",0,IF(COUNTIF($D$5:$D96,$D96)=1,1,0)) -> 0 | AA96: =IF(Z96=1,SUM($Z$5:$Z96),"")
A97: 架上 | B97: 新豐 | C97: 主食 | D97: 日式炙烤親子丼 | E97: 殺菌七味唐辛子(B0702AW6161) | F97: 0.2 | G97: 公克 | H97: 100 | T97: V | U97: =IF($E97="","",COUNTIF($I97:$S97,"V")) -> 0 | V97: =IF($E97="","",IF(AND($T97="V",$U97>0),"⚠ 勾選矛盾",IF($T97="V","○ 免調理",IF($U97=0,"⚠ 資料缺漏",IF($U97=1,"▲ 單一設備依賴","OK"))))) -> ○ 免調理 | W97: =IF($E97="","",IF(AND($T97="V",$U97>0),"「無使用調理設備」不可與設備欄同時勾選，請擇一修正",IF($T97="V","免調理半成品（外購/僅切配等），不列入設備風險評估",IF($U97=0,"未勾選任何設備，請補填或勾選「無使用調理設備」",IF($U97=1,"僅依賴1台設備，須確認故障/排修時之備援製程","無異常"))))) -> 免調理半成品（外購/僅切配等），不列入設備風險評估 | X97: 1150513日式炙烤親子丼.確認版(1) | Y97: 王安淇 | Z97: =IF($D97="",0,IF(COUNTIF($D$5:$D97,$D97)=1,1,0)) -> 0 | AA97: =IF(Z97=1,SUM($Z$5:$Z97),"")
A98: 架上 | B98: 新豐 | C98: 主食 | D98: 日式炙烤親子丼 | E98: 清洗蔥花 | F98: 1 | G98: 公克 | H98: 70 | T98: V | U98: =IF($E98="","",COUNTIF($I98:$S98,"V")) -> 0 | V98: =IF($E98="","",IF(AND($T98="V",$U98>0),"⚠ 勾選矛盾",IF($T98="V","○ 免調理",IF($U98=0,"⚠ 資料缺漏",IF($U98=1,"▲ 單一設備依賴","OK"))))) -> ○ 免調理 | W98: =IF($E98="","",IF(AND($T98="V",$U98>0),"「無使用調理設備」不可與設備欄同時勾選，請擇一修正",IF($T98="V","免調理半成品（外購/僅切配等），不列入設備風險評估",IF($U98=0,"未勾選任何設備，請補填或勾選「無使用調理設備」",IF($U98=1,"僅依賴1台設備，須確認故障/排修時之備援製程","無異常"))))) -> 免調理半成品（外購/僅切配等），不列入設備風險評估 | X98: 1150513日式炙烤親子丼.確認版(1) | Y98: 王安淇 | Z98: =IF($D98="",0,IF(COUNTIF($D$5:$D98,$D98)=1,1,0)) -> 0 | AA98: =IF(Z98=1,SUM($Z$5:$Z98),"")
A99: 下架 | B99: 新豐 | C99: 主食 | D99: 爆炒雞丁飯 | E99: 新低溫飯 | F99: 240 | G99: 公克 | H99: 85 | I99: V | U99: =IF($E99="","",COUNTIF($I99:$S99,"V")) -> 1 | V99: =IF($E99="","",IF(AND($T99="V",$U99>0),"⚠ 勾選矛盾",IF($T99="V","○ 免調理",IF($U99=0,"⚠ 資料缺漏",IF($U99=1,"▲ 單一設備依賴","OK"))))) -> ▲ 單一設備依賴 | W99: =IF($E99="","",IF(AND($T99="V",$U99>0),"「無使用調理設備」不可與設備欄同時勾選，請擇一修正",IF($T99="V","免調理半成品（外購/僅切配等），不列入設備風險評估",IF($U99=0,"未勾選任何設備，請補填或勾選「無使用調理設備」",IF($U99=1,"僅依賴1台設備，須確認故障/排修時之備援製程","無異常"))))) -> 僅依賴1台設備，須確認故障/排修時之備援製程 | X99: (更新)1150429爆炒雞丁飯.確認版(2)修改上市日、配次、商代、高麗菜製程.xlsx | Y99: 王安淇 | Z99: =IF($D99="",0,IF(COUNTIF($D$5:$D99,$D99)=1,1,0)) -> 1 | AA99: =IF(Z99=1,SUM($Z$5:$Z99),"") -> 17
A100: 下架 | B100: 新豐 | C100: 主食 | D100: 爆炒雞丁飯 | E100: 大埔鐵板醬汁 | F100: 73 | G100: 公克 | H100: 60 | O100: V | U100: =IF($E100="","",COUNTIF($I100:$S100,"V")) -> 1 | V100: =IF($E100="","",IF(AND($T100="V",$U100>0),"⚠ 勾選矛盾",IF($T100="V","○ 免調理",IF($U100=0,"⚠ 資料缺漏",IF($U100=1,"▲ 單一設備依賴","OK"))))) -> ▲ 單一設備依賴 | W100: =IF($E100="","",IF(AND($T100="V",$U100>0),"「無使用調理設備」不可與設備欄同時勾選，請擇一修正",IF($T100="V","免調理半成品（外購/僅切配等），不列入設備風險評估",IF($U100=0,"未勾選任何設備，請補填或勾選「無使用調理設備」",IF($U100=1,"僅依賴1台設備，須確認故障/排修時之備援製程","無異常"))))) -> 僅依賴1台設備，須確認故障/排修時之備援製程 | X100: (更新)1150429爆炒雞丁飯.確認版(2)修改上市日、配次、商代、高麗菜製程.xlsx | Y100: 王安淇 | Z100: =IF($D100="",0,IF(COUNTIF($D$5:$D100,$D100)=1,1,0)) -> 0 | AA100: =IF(Z100=1,SUM($Z$5:$Z100),"")
...

Sheet 4℃麵
B1: 商品半成品與調理設備應用展開一覽表｜4℃麵
A2: 商品資訊 | B2: 商品資訊 | I2: 熱調理區（使用者填「V」；免調理者勾最右欄） | U2: 自動計算與風險檢核（勿手動修改） | X2: 建檔資訊（手填）
A3: 狀態 | B3: 工廠 | C3: 商品分類 (細分品類) | D3: 商品名稱 | E3: 半成品名稱 | F3: 單位用量 | H3: 製程率 (填數字) | I3: 炊飯 | J3: 煮麵 | K3: 烤箱 | L3: 炙燒 | M3: 蒸箱 | N3: 油炸機 | O3: 二重釜 | P3: 平釜 (日) | Q3: 平釜 (台) | R3: 蛋皮機 | S3: 壓力鍋 | T3: 無使用 調理設備 | U3: 使用 設備數 | V3: 檢核結果 | W3: 風險說明 | X3: 備註 (指示書編號/版本) | Y3: 建檔人員 | Z3: 系統用Y | AA3: 系統用Z
F4: 數值 | G4: 單位
A5: 架上 | B5: 新豐 | C5: 季節調理麵 | D5: 台式麻醬涼麵 | E5: 煮中華冷麵(111年) | F5: 210 | G5: 公克 | H5: 193 | J5: V | U5: =IF($E5="","",COUNTIF($I5:$S5,"V")) -> 1 | V5: =IF($E5="","",IF(AND($T5="V",$U5>0),"⚠ 勾選矛盾",IF($T5="V","○ 免調理",IF($U5=0,"⚠ 資料缺漏",IF($U5=1,"▲ 單一設備依賴","OK"))))) -> ▲ 單一設備依賴 | W5: =IF($E5="","",IF(AND($T5="V",$U5>0),"「無使用調理設備」不可與設備欄同時勾選，請擇一修正",IF($T5="V","免調理半成品（外購/僅切配等），不列入設備風險評估",IF($U5=0,"未勾選任何設備，請補填或勾選「無使用調理設備」",IF($U5=1,"僅依賴1台設備，須確認故障/排修時之備援製程","無異常"))))) -> 僅依賴1台設備，須確認故障/排修時之備援製程 | X5: 1150422台式麻醬涼麵.確認版(8)- F06 - 切回小黃瓜.xlsx | Y5: 王安淇 | Z5: =IF($D5="",0,IF(COUNTIF($D$5:$D5,$D5)=1,1,0)) -> 1 | AA5: =IF(Z5=1,SUM($Z$5:$Z5),"") -> 1
A6: 架上 | B6: 新豐 | C6: 季節調理麵 | D6: 台式麻醬涼麵 | E6: 清洗細切胡蘿蔔絲 | F6: 15 | G6: 公克 | H6: 75 | T6: V | U6: =IF($E6="","",COUNTIF($I6:$S6,"V")) -> 0 | V6: =IF($E6="","",IF(AND($T6="V",$U6>0),"⚠ 勾選矛盾",IF($T6="V","○ 免調理",IF($U6=0,"⚠ 資料缺漏",IF($U6=1,"▲ 單一設備依賴","OK"))))) -> ○ 免調理 | W6: =IF($E6="","",IF(AND($T6="V",$U6>0),"「無使用調理設備」不可與設備欄同時勾選，請擇一修正",IF($T6="V","免調理半成品（外購/僅切配等），不列入設備風險評估",IF($U6=0,"未勾選任何設備，請補填或勾選「無使用調理設備」",IF($U6=1,"僅依賴1台設備，須確認故障/排修時之備援製程","無異常"))))) -> 免調理半成品（外購/僅切配等），不列入設備風險評估 | X6: 1150422台式麻醬涼麵.確認版(8)- F06 - 切回小黃瓜.xlsx | Y6: 王安淇 | Z6: =IF($D6="",0,IF(COUNTIF($D$5:$D6,$D6)=1,1,0)) -> 0 | AA6: =IF(Z6=1,SUM($Z$5:$Z6),"")
A7: 架上 | B7: 新豐 | C7: 季節調理麵 | D7: 台式麻醬涼麵 | E7: 小黃瓜絲 | F7: 13 | G7: 公克 | H7: 75 | T7: V | U7: =IF($E7="","",COUNTIF($I7:$S7,"V")) -> 0 | V7: =IF($E7="","",IF(AND($T7="V",$U7>0),"⚠ 勾選矛盾",IF($T7="V","○ 免調理",IF($U7=0,"⚠ 資料缺漏",IF($U7=1,"▲ 單一設備依賴","OK"))))) -> ○ 免調理 | W7: =IF($E7="","",IF(AND($T7="V",$U7>0),"「無使用調理設備」不可與設備欄同時勾選，請擇一修正",IF($T7="V","免調理半成品（外購/僅切配等），不列入設備風險評估",IF($U7=0,"未勾選任何設備，請補填或勾選「無使用調理設備」",IF($U7=1,"僅依賴1台設備，須確認故障/排修時之備援製程","無異常"))))) -> 免調理半成品（外購/僅切配等），不列入設備風險評估 | X7: 1150422台式麻醬涼麵.確認版(8)- F06 - 切回小黃瓜.xlsx | Y7: 王安淇 | Z7: =IF($D7="",0,IF(COUNTIF($D$5:$D7,$D7)=1,1,0)) -> 0 | AA7: =IF(Z7=1,SUM($Z$5:$Z7),"")
A8: 架上 | B8: 新豐 | C8: 季節調理麵 | D8: 台式麻醬涼麵 | E8: 2024台式醬油包 | F8: 1 | G8: 個 | H8: 100 | T8: V | U8: =IF($E8="","",COUNTIF($I8:$S8,"V")) -> 0 | V8: =IF($E8="","",IF(AND($T8="V",$U8>0),"⚠ 勾選矛盾",IF($T8="V","○ 免調理",IF($U8=0,"⚠ 資料缺漏",IF($U8=1,"▲ 單一設備依賴","OK"))))) -> ○ 免調理 | W8: =IF($E8="","",IF(AND($T8="V",$U8>0),"「無使用調理設備」不可與設備欄同時勾選，請擇一修正",IF($T8="V","免調理半成品（外購/僅切配等），不列入設備風險評估",IF($U8=0,"未勾選任何設備，請補填或勾選「無使用調理設備」",IF($U8=1,"僅依賴1台設備，須確認故障/排修時之備援製程","無異常"))))) -> 免調理半成品（外購/僅切配等），不列入設備風險評估 | X8: 1150422台式麻醬涼麵.確認版(8)- F06 - 切回小黃瓜.xlsx | Y8: 王安淇 | Z8: =IF($D8="",0,IF(COUNTIF($D$5:$D8,$D8)=1,1,0)) -> 0 | AA8: =IF(Z8=1,SUM($Z$5:$Z8),"")
A9: 架上 | B9: 新豐 | C9: 季節調理麵 | D9: 台式麻醬涼麵 | E9: 2022台式麻醬包 | F9: 1 | G9: 個 | H9: 100 | T9: V | U9: =IF($E9="","",COUNTIF($I9:$S9,"V")) -> 0 | V9: =IF($E9="","",IF(AND($T9="V",$U9>0),"⚠ 勾選矛盾",IF($T9="V","○ 免調理",IF($U9=0,"⚠ 資料缺漏",IF($U9=1,"▲ 單一設備依賴","OK"))))) -> ○ 免調理 | W9: =IF($E9="","",IF(AND($T9="V",$U9>0),"「無使用調理設備」不可與設備欄同時勾選，請擇一修正",IF($T9="V","免調理半成品（外購/僅切配等），不列入設備風險評估",IF($U9=0,"未勾選任何設備，請補填或勾選「無使用調理設備」",IF($U9=1,"僅依賴1台設備，須確認故障/排修時之備援製程","無異常"))))) -> 免調理半成品（外購/僅切配等），不列入設備風險評估 | X9: 1150422台式麻醬涼麵.確認版(8)- F06 - 切回小黃瓜.xlsx | Y9: 王安淇
A10: 下架 | B10: 新豐 | C10: 季節調理麵 | D10: 鰹魚烏龍冷麵 | E10: 烏龍冷麵(113年) | F10: 190 | G10: 公克 | H10: 100.6 | J10: V | U10: =IF($E10="","",COUNTIF($I10:$S10,"V")) -> 1 | V10: =IF($E10="","",IF(AND($T10="V",$U10>0),"⚠ 勾選矛盾",IF($T10="V","○ 免調理",IF($U10=0,"⚠ 資料缺漏",IF($U10=1,"▲ 單一設備依賴","OK"))))) -> ▲ 單一設備依賴 | W10: =IF($E10="","",IF(AND($T10="V",$U10>0),"「無使用調理設備」不可與設備欄同時勾選，請擇一修正",IF($T10="V","免調理半成品（外購/僅切配等），不列入設備風險評估",IF($U10=0,"未勾選任何設備，請補填或勾選「無使用調理設備」",IF($U10=1,"僅依賴1台設備，須確認故障/排修時之備援製程","無異常"))))) -> 僅依賴1台設備，須確認故障/排修時之備援製程 | X10: 1150429鰹魚烏龍冷麵.確認版(1).xlsx | Y10: 莊子儀 | Z10: =IF($D10="",0,IF(COUNTIF($D$5:$D10,$D10)=1,1,0)) -> 1 | AA10: =IF(Z10=1,SUM($Z$5:$Z10),"") -> 2
A11: 下架 | B11: 新豐 | C11: 季節調理麵 | D11: 鰹魚烏龍冷麵 | E11: 解凍玉子蛋絲 | F11: 9 | G11: 公克 | H11: 100 | T11: V | U11: =IF($E11="","",COUNTIF($I11:$S11,"V")) -> 0 | V11: =IF($E11="","",IF(AND($T11="V",$U11>0),"⚠ 勾選矛盾",IF($T11="V","○ 免調理",IF($U11=0,"⚠ 資料缺漏",IF($U11=1,"▲ 單一設備依賴","OK"))))) -> ○ 免調理 | W11: =IF($E11="","",IF(AND($T11="V",$U11>0),"「無使用調理設備」不可與設備欄同時勾選，請擇一修正",IF($T11="V","免調理半成品（外購/僅切配等），不列入設備風險評估",IF($U11=0,"未勾選任何設備，請補填或勾選「無使用調理設備」",IF($U11=1,"僅依賴1台設備，須確認故障/排修時之備援製程","無異常"))))) -> 免調理半成品（外購/僅切配等），不列入設備風險評估 | X11: 1150429鰹魚烏龍冷麵.確認版(1).xlsx | Y11: 莊子儀 | Z11: =IF($D11="",0,IF(COUNTIF($D$5:$D11,$D11)=1,1,0)) -> 0 | AA11: =IF(Z11=1,SUM($Z$5:$Z11),"")
A12: 下架 | B12: 新豐 | C12: 季節調理麵 | D12: 鰹魚烏龍冷麵 | E12: 清洗小黃瓜絲 | F12: 10 | G12: 公克 | H12: 75 | T12: V | U12: =IF($E12="","",COUNTIF($I12:$S12,"V")) -> 0 | V12: =IF($E12="","",IF(AND($T12="V",$U12>0),"⚠ 勾選矛盾",IF($T12="V","○ 免調理",IF($U12=0,"⚠ 資料缺漏",IF($U12=1,"▲ 單一設備依賴","OK"))))) -> ○ 免調理 | W12: =IF($E12="","",IF(AND($T12="V",$U12>0),"「無使用調理設備」不可與設備欄同時勾選，請擇一修正",IF($T12="V","免調理半成品（外購/僅切配等），不列入設備風險評估",IF($U12=0,"未勾選任何設備，請補填或勾選「無使用調理設備」",IF($U12=1,"僅依賴1台設備，須確認故障/排修時之備援製程","無異常"))))) -> 免調理半成品（外購/僅切配等），不列入設備風險評估 | X12: 1150429鰹魚烏龍冷麵.確認版(1).xlsx | Y12: 莊子儀 | Z12: =IF($D12="",0,IF(COUNTIF($D$5:$D12,$D12)=1,1,0)) -> 0 | AA12: =IF(Z12=1,SUM($Z$5:$Z12),"")
A13: 下架 | B13: 新豐 | C13: 季節調理麵 | D13: 鰹魚烏龍冷麵 | E13: F-2026日式烏龍醬汁 | F13: 1 | G13: 個 | H13: 100 | T13: V | U13: =IF($E13="","",COUNTIF($I13:$S13,"V")) -> 0 | V13: =IF($E13="","",IF(AND($T13="V",$U13>0),"⚠ 勾選矛盾",IF($T13="V","○ 免調理",IF($U13=0,"⚠ 資料缺漏",IF($U13=1,"▲ 單一設備依賴","OK"))))) -> ○ 免調理 | W13: =IF($E13="","",IF(AND($T13="V",$U13>0),"「無使用調理設備」不可與設備欄同時勾選，請擇一修正",IF($T13="V","免調理半成品（外購/僅切配等），不列入設備風險評估",IF($U13=0,"未勾選任何設備，請補填或勾選「無使用調理設備」",IF($U13=1,"僅依賴1台設備，須確認故障/排修時之備援製程","無異常"))))) -> 免調理半成品（外購/僅切配等），不列入設備風險評估 | X13: 1150429鰹魚烏龍冷麵.確認版(1).xlsx | Y13: 莊子儀 | Z13: =IF($D13="",0,IF(COUNTIF($D$5:$D13,$D13)=1,1,0)) -> 0 | AA13: =IF(Z13=1,SUM($Z$5:$Z13),"")
A14: 下架 | B14: 新豐 | C14: 小吃 | D14: 泰式炒河粉 | E14: 炒泰式河粉 | F14: 230 | G14: 公克 | H14: 78 | J14: V | P14: V | U14: =IF($E14="","",COUNTIF($I14:$S14,"V")) -> 2 | V14: =IF($E14="","",IF(AND($T14="V",$U14>0),"⚠ 勾選矛盾",IF($T14="V","○ 免調理",IF($U14=0,"⚠ 資料缺漏",IF($U14=1,"▲ 單一設備依賴","OK"))))) -> OK | W14: =IF($E14="","",IF(AND($T14="V",$U14>0),"「無使用調理設備」不可與設備欄同時勾選，請擇一修正",IF($T14="V","免調理半成品（外購/僅切配等），不列入設備風險評估",IF($U14=0,"未勾選任何設備，請補填或勾選「無使用調理設備」",IF($U14=1,"僅依賴1台設備，須確認故障/排修時之備援製程","無異常"))))) -> 無異常 | X14: 1150729泰式炒河粉.確認版(1).xlsx | Y14: 莊子儀 | Z14: =IF($D14="",0,IF(COUNTIF($D$5:$D14,$D14)=1,1,0)) -> 1 | AA14: =IF(Z14=1,SUM($Z$5:$Z14),"") -> 3
A15: 下架 | B15: 新豐 | C15: 小吃 | D15: 泰式炒河粉 | E15: 河粉湯凍 | F15: 50 | G15: 公克 | H15: 56 | O15: V | U15: =IF($E15="","",COUNTIF($I15:$S15,"V")) -> 1 | V15: =IF($E15="","",IF(AND($T15="V",$U15>0),"⚠ 勾選矛盾",IF($T15="V","○ 免調理",IF($U15=0,"⚠ 資料缺漏",IF($U15=1,"▲ 單一設備依賴","OK"))))) -> ▲ 單一設備依賴 | W15: =IF($E15="","",IF(AND($T15="V",$U15>0),"「無使用調理設備」不可與設備欄同時勾選，請擇一修正",IF($T15="V","免調理半成品（外購/僅切配等），不列入設備風險評估",IF($U15=0,"未勾選任何設備，請補填或勾選「無使用調理設備」",IF($U15=1,"僅依賴1台設備，須確認故障/排修時之備援製程","無異常"))))) -> 僅依賴1台設備，須確認故障/排修時之備援製程 | X15: 1150729泰式炒河粉.確認版(1).xlsx | Y15: 莊子儀 | Z15: =IF($D15="",0,IF(COUNTIF($D$5:$D15,$D15)=1,1,0)) -> 0 | AA15: =IF(Z15=1,SUM($Z$5:$Z15),"")
A16: 下架 | B16: 新豐 | C16: 小吃 | D16: 泰式炒河粉 | E16: 炒豆干 | F16: 11 | G16: 公克 | H16: 51 | O16: V | U16: =IF($E16="","",COUNTIF($I16:$S16,"V")) -> 1 | V16: =IF($E16="","",IF(AND($T16="V",$U16>0),"⚠ 勾選矛盾",IF($T16="V","○ 免調理",IF($U16=0,"⚠ 資料缺漏",IF($U16=1,"▲ 單一設備依賴","OK"))))) -> ▲ 單一設備依賴 | W16: =IF($E16="","",IF(AND($T16="V",$U16>0),"「無使用調理設備」不可與設備欄同時勾選，請擇一修正",IF($T16="V","免調理半成品（外購/僅切配等），不列入設備風險評估",IF($U16=0,"未勾選任何設備，請補填或勾選「無使用調理設備」",IF($U16=1,"僅依賴1台設備，須確認故障/排修時之備援製程","無異常"))))) -> 僅依賴1台設備，須確認故障/排修時之備援製程 | X16: 1150729泰式炒河粉.確認版(1).xlsx | Y16: 莊子儀 | Z16: =IF($D16="",0,IF(COUNTIF($D$5:$D16,$D16)=1,1,0)) -> 0 | AA16: =IF(Z16=1,SUM($Z$5:$Z16),"")
A17: 下架 | B17: 新豐 | C17: 小吃 | D17: 泰式炒河粉 | E17: 川燙韭菜綠豆芽 | F17: 25 | G17: 公克 | H17: 62 | O17: V | U17: =IF($E17="","",COUNTIF($I17:$S17,"V")) -> 1 | V17: =IF($E17="","",IF(AND($T17="V",$U17>0),"⚠ 勾選矛盾",IF($T17="V","○ 免調理",IF($U17=0,"⚠ 資料缺漏",IF($U17=1,"▲ 單一設備依賴","OK"))))) -> ▲ 單一設備依賴 | W17: =IF($E17="","",IF(AND($T17="V",$U17>0),"「無使用調理設備」不可與設備欄同時勾選，請擇一修正",IF($T17="V","免調理半成品（外購/僅切配等），不列入設備風險評估",IF($U17=0,"未勾選任何設備，請補填或勾選「無使用調理設備」",IF($U17=1,"僅依賴1台設備，須確認故障/排修時之備援製程","無異常"))))) -> 僅依賴1台設備，須確認故障/排修時之備援製程 | X17: 1150729泰式炒河粉.確認版(1).xlsx | Y17: 莊子儀 | Z17: =IF($D17="",0,IF(COUNTIF($D$5:$D17,$D17)=1,1,0)) -> 0 | AA17: =IF(Z17=1,SUM($Z$5:$Z17),"")
A18: 下架 | B18: 新豐 | C18: 小吃 | D18: 泰式炒河粉 | E18: 河粉-炒蛋 | F18: 20 | G18: 公克 | H18: 66 | O18: V | U18: =IF($E18="","",COUNTIF($I18:$S18,"V")) -> 1 | V18: =IF($E18="","",IF(AND($T18="V",$U18>0),"⚠ 勾選矛盾",IF($T18="V","○ 免調理",IF($U18=0,"⚠ 資料缺漏",IF($U18=1,"▲ 單一設備依賴","OK"))))) -> ▲ 單一設備依賴 | W18: =IF($E18="","",IF(AND($T18="V",$U18>0),"「無使用調理設備」不可與設備欄同時勾選，請擇一修正",IF($T18="V","免調理半成品（外購/僅切配等），不列入設備風險評估",IF($U18=0,"未勾選任何設備，請補填或勾選「無使用調理設備」",IF($U18=1,"僅依賴1台設備，須確認故障/排修時之備援製程","無異常"))))) -> 僅依賴1台設備，須確認故障/排修時之備援製程 | X18: 1150729泰式炒河粉.確認版(1).xlsx | Y18: 莊子儀 | Z18: =IF($D18="",0,IF(COUNTIF($D$5:$D18,$D18)=1,1,0)) -> 0 | AA18: =IF(Z18=1,SUM($Z$5:$Z18),"")
A19: 下架 | B19: 新豐 | C19: 小吃 | D19: 泰式炒河粉 | E19: 炒蝦仁(9號) | F19: 2 | G19: 個 | H19: 100 | O19: V | U19: =IF($E19="","",COUNTIF($I19:$S19,"V")) -> 1 | V19: =IF($E19="","",IF(AND($T19="V",$U19>0),"⚠ 勾選矛盾",IF($T19="V","○ 免調理",IF($U19=0,"⚠ 資料缺漏",IF($U19=1,"▲ 單一設備依賴","OK"))))) -> ▲ 單一設備依賴 | W19: =IF($E19="","",IF(AND($T19="V",$U19>0),"「無使用調理設備」不可與設備欄同時勾選，請擇一修正",IF($T19="V","免調理半成品（外購/僅切配等），不列入設備風險評估",IF($U19=0,"未勾選任何設備，請補填或勾選「無使用調理設備」",IF($U19=1,"僅依賴1台設備，須確認故障/排修時之備援製程","無異常"))))) -> 僅依賴1台設備，須確認故障/排修時之備援製程 | X19: 1150729泰式炒河粉.確認版(1).xlsx | Y19: 莊子儀 | Z19: =IF($D19="",0,IF(COUNTIF($D$5:$D19,$D19)=1,1,0)) -> 0 | AA19: =IF(Z19=1,SUM($Z$5:$Z19),"")
A20: 下架 | B20: 新豐 | C20: 小吃 | D20: 泰式炒河粉 | E20: 花生角 | F20: 3 | G20: 公克 | H20: 100 | T20: V | U20: =IF($E20="","",COUNTIF($I20:$S20,"V")) -> 0 | V20: =IF($E20="","",IF(AND($T20="V",$U20>0),"⚠ 勾選矛盾",IF($T20="V","○ 免調理",IF($U20=0,"⚠ 資料缺漏",IF($U20=1,"▲ 單一設備依賴","OK"))))) -> ○ 免調理 | W20: =IF($E20="","",IF(AND($T20="V",$U20>0),"「無使用調理設備」不可與設備欄同時勾選，請擇一修正",IF($T20="V","免調理半成品（外購/僅切配等），不列入設備風險評估",IF($U20=0,"未勾選任何設備，請補填或勾選「無使用調理設備」",IF($U20=1,"僅依賴1台設備，須確認故障/排修時之備援製程","無異常"))))) -> 免調理半成品（外購/僅切配等），不列入設備風險評估 | X20: 1150729泰式炒河粉.確認版(1).xlsx | Y20: 莊子儀 | Z20: =IF($D20="",0,IF(COUNTIF($D$5:$D20,$D20)=1,1,0)) -> 0 | AA20: =IF(Z20=1,SUM($Z$5:$Z20),"")
A21: 下架 | B21: 新豐 | C21: 熱食義麵 | D21: 嫩烤魚排佐花椰菜義大利麵 | E21: 煮1.4mm義大利麵 | F21: 210 | G21: 公克 | H21: 183 | J21: V | U21: =IF($E21="","",COUNTIF($I21:$S21,"V")) -> 1 | V21: =IF($E21="","",IF(AND($T21="V",$U21>0),"⚠ 勾選矛盾",IF($T21="V","○ 免調理",IF($U21=0,"⚠ 資料缺漏",IF($U21=1,"▲ 單一設備依賴","OK"))))) -> ▲ 單一設備依賴 | W21: =IF($E21="","",IF(AND($T21="V",$U21>0),"「無使用調理設備」不可與設備欄同時勾選，請擇一修正",IF($T21="V","免調理半成品（外購/僅切配等），不列入設備風險評估",IF($U21=0,"未勾選任何設備，請補填或勾選「無使用調理設備」",IF($U21=1,"僅依賴1台設備，須確認故障/排修時之備援製程","無異常"))))) -> 僅依賴1台設備，須確認故障/排修時之備援製程 | X21: 1150826嫩烤魚排佐花椰菜義大利麵.確認版(1) - A01.xlsx | Y21: 莊子儀 | Z21: =IF($D21="",0,IF(COUNTIF($D$5:$D21,$D21)=1,1,0)) -> 1 | AA21: =IF(Z21=1,SUM($Z$5:$Z21),"") -> 4
A22: 下架 | B22: 新豐 | C22: 熱食義麵 | D22: 嫩烤魚排佐花椰菜義大利麵 | E22: 煮蒜辣義大利麵湯凍 | F22: 55 | G22: 公克 | H22: 61 | O22: V | U22: =IF($E22="","",COUNTIF($I22:$S22,"V")) -> 1 | V22: =IF($E22="","",IF(AND($T22="V",$U22>0),"⚠ 勾選矛盾",IF($T22="V","○ 免調理",IF($U22=0,"⚠ 資料缺漏",IF($U22=1,"▲ 單一設備依賴","OK"))))) -> ▲ 單一設備依賴 | W22: =IF($E22="","",IF(AND($T22="V",$U22>0),"「無使用調理設備」不可與設備欄同時勾選，請擇一修正",IF($T22="V","免調理半成品（外購/僅切配等），不列入設備風險評估",IF($U22=0,"未勾選任何設備，請補填或勾選「無使用調理設備」",IF($U22=1,"僅依賴1台設備，須確認故障/排修時之備援製程","無異常"))))) -> 僅依賴1台設備，須確認故障/排修時之備援製程 | X22: 1150826嫩烤魚排佐花椰菜義大利麵.確認版(1) - A01.xlsx | Y22: 莊子儀 | Z22: =IF($D22="",0,IF(COUNTIF($D$5:$D22,$D22)=1,1,0)) -> 0 | AA22: =IF(Z22=1,SUM($Z$5:$Z22),"")
A23: 下架 | B23: 新豐 | C23: 熱食義麵 | D23: 嫩烤魚排佐花椰菜義大利麵 | E23: 川燙白花菜 | F23: 22 | G23: 公克 | H23: 58 | O23: V | U23: =IF($E23="","",COUNTIF($I23:$S23,"V")) -> 1 | V23: =IF($E23="","",IF(AND($T23="V",$U23>0),"⚠ 勾選矛盾",IF($T23="V","○ 免調理",IF($U23=0,"⚠ 資料缺漏",IF($U23=1,"▲ 單一設備依賴","OK"))))) -> ▲ 單一設備依賴 | W23: =IF($E23="","",IF(AND($T23="V",$U23>0),"「無使用調理設備」不可與設備欄同時勾選，請擇一修正",IF($T23="V","免調理半成品（外購/僅切配等），不列入設備風險評估",IF($U23=0,"未勾選任何設備，請補填或勾選「無使用調理設備」",IF($U23=1,"僅依賴1台設備，須確認故障/排修時之備援製程","無異常"))))) -> 僅依賴1台設備，須確認故障/排修時之備援製程 | X23: 1150826嫩烤魚排佐花椰菜義大利麵.確認版(1) - A01.xlsx | Y23: 莊子儀 | Z23: =IF($D23="",0,IF(COUNTIF($D$5:$D23,$D23)=1,1,0)) -> 0 | AA23: =IF(Z23=1,SUM($Z$5:$Z23),"")
A24: 下架 | B24: 新豐 | C24: 熱食義麵 | D24: 嫩烤魚排佐花椰菜義大利麵 | E24: 川燙青花菜 | F24: 15 | G24: 公克 | H24: 63 | O24: V | U24: =IF($E24="","",COUNTIF($I24:$S24,"V")) -> 1 | V24: =IF($E24="","",IF(AND($T24="V",$U24>0),"⚠ 勾選矛盾",IF($T24="V","○ 免調理",IF($U24=0,"⚠ 資料缺漏",IF($U24=1,"▲ 單一設備依賴","OK"))))) -> ▲ 單一設備依賴 | W24: =IF($E24="","",IF(AND($T24="V",$U24>0),"「無使用調理設備」不可與設備欄同時勾選，請擇一修正",IF($T24="V","免調理半成品（外購/僅切配等），不列入設備風險評估",IF($U24=0,"未勾選任何設備，請補填或勾選「無使用調理設備」",IF($U24=1,"僅依賴1台設備，須確認故障/排修時之備援製程","無異常"))))) -> 僅依賴1台設備，須確認故障/排修時之備援製程 | X24: 1150826嫩烤魚排佐花椰菜義大利麵.確認版(1) - A01.xlsx | Y24: 莊子儀 | Z24: =IF($D24="",0,IF(COUNTIF($D$5:$D24,$D24)=1,1,0)) -> 0 | AA24: =IF(Z24=1,SUM($Z$5:$Z24),"")
A25: 下架 | B25: 新豐 | C25: 熱食義麵 | D25: 嫩烤魚排佐花椰菜義大利麵 | E25: 烤南瓜片 | F25: 2 | G25: 個 | H25: 95 | K25: V | U25: =IF($E25="","",COUNTIF($I25:$S25,"V")) -> 1 | V25: =IF($E25="","",IF(AND($T25="V",$U25>0),"⚠ 勾選矛盾",IF($T25="V","○ 免調理",IF($U25=0,"⚠ 資料缺漏",IF($U25=1,"▲ 單一設備依賴","OK"))))) -> ▲ 單一設備依賴 | W25: =IF($E25="","",IF(AND($T25="V",$U25>0),"「無使用調理設備」不可與設備欄同時勾選，請擇一修正",IF($T25="V","免調理半成品（外購/僅切配等），不列入設備風險評估",IF($U25=0,"未勾選任何設備，請補填或勾選「無使用調理設備」",IF($U25=1,"僅依賴1台設備，須確認故障/排修時之備援製程","無異常"))))) -> 僅依賴1台設備，須確認故障/排修時之備援製程 | X25: 1150826嫩烤魚排佐花椰菜義大利麵.確認版(1) - A01.xlsx | Y25: 莊子儀 | Z25: =IF($D25="",0,IF(COUNTIF($D$5:$D25,$D25)=1,1,0)) -> 0 | AA25: =IF(Z25=1,SUM($Z$5:$Z25),"")
A26: 下架 | B26: 新豐 | C26: 熱食義麵 | D26: 嫩烤魚排佐花椰菜義大利麵 | E26: 烤醃漬鯰魚片 | F26: 1 | G26: 個 | H26: 100 | K26: V | U26: =IF($E26="","",COUNTIF($I26:$S26,"V")) -> 1 | V26: =IF($E26="","",IF(AND($T26="V",$U26>0),"⚠ 勾選矛盾",IF($T26="V","○ 免調理",IF($U26=0,"⚠ 資料缺漏",IF($U26=1,"▲ 單一設備依賴","OK"))))) -> ▲ 單一設備依賴 | W26: =IF($E26="","",IF(AND($T26="V",$U26>0),"「無使用調理設備」不可與設備欄同時勾選，請擇一修正",IF($T26="V","免調理半成品（外購/僅切配等），不列入設備風險評估",IF($U26=0,"未勾選任何設備，請補填或勾選「無使用調理設備」",IF($U26=1,"僅依賴1台設備，須確認故障/排修時之備援製程","無異常"))))) -> 僅依賴1台設備，須確認故障/排修時之備援製程 | X26: 1150826嫩烤魚排佐花椰菜義大利麵.確認版(1) - A01.xlsx | Y26: 莊子儀 | Z26: =IF($D26="",0,IF(COUNTIF($D$5:$D26,$D26)=1,1,0)) -> 0 | AA26: =IF(Z26=1,SUM($Z$5:$Z26),"")
A27: 下架 | B27: 新豐 | C27: 熱食義麵 | D27: 嫩烤魚排佐花椰菜義大利麵 | E27: 洋香菜葉 KU | F27: 0.1 | G27: 公克 | H27: 100 | T27: V | U27: =IF($E27="","",COUNTIF($I27:$S27,"V")) -> 0 | V27: =IF($E27="","",IF(AND($T27="V",$U27>0),"⚠ 勾選矛盾",IF($T27="V","○ 免調理",IF($U27=0,"⚠ 資料缺漏",IF($U27=1,"▲ 單一設備依賴","OK"))))) -> ○ 免調理 | W27: =IF($E27="","",IF(AND($T27="V",$U27>0),"「無使用調理設備」不可與設備欄同時勾選，請擇一修正",IF($T27="V","免調理半成品（外購/僅切配等），不列入設備風險評估",IF($U27=0,"未勾選任何設備，請補填或勾選「無使用調理設備」",IF($U27=1,"僅依賴1台設備，須確認故障/排修時之備援製程","無異常"))))) -> 免調理半成品（外購/僅切配等），不列入設備風險評估 | X27: 1150826嫩烤魚排佐花椰菜義大利麵.確認版(1) - A01.xlsx | Y27: 莊子儀 | Z27: =IF($D27="",0,IF(COUNTIF($D$5:$D27,$D27)=1,1,0)) -> 0 | AA27: =IF(Z27=1,SUM($Z$5:$Z27),"")
U28: =IF($E28="","",COUNTIF($I28:$S28,"V")) | V28: =IF($E28="","",IF(AND($T28="V",$U28>0),"⚠ 勾選矛盾",IF($T28="V","○ 免調理",IF($U28=0,"⚠ 資料缺漏",IF($U28=1,"▲ 單一設備依賴","OK"))))) | W28: =IF($E28="","",IF(AND($T28="V",$U28>0),"「無使用調理設備」不可與設備欄同時勾選，請擇一修正",IF($T28="V","免調理半成品（外購/僅切配等），不列入設備風險評估",IF($U28=0,"未勾選任何設備，請補填或勾選「無使用調理設備」",IF($U28=1,"僅依賴1台設備，須確認故障/排修時之備援製程","無異常"))))) | Z28: =IF($D28="",0,IF(COUNTIF($D$5:$D28,$D28)=1,1,0)) -> 0 | AA28: =IF(Z28=1,SUM($Z$5:$Z28),"")
U29: =IF($E29="","",COUNTIF($I29:$S29,"V")) | V29: =IF($E29="","",IF(AND($T29="V",$U29>0),"⚠ 勾選矛盾",IF($T29="V","○ 免調理",IF($U29=0,"⚠ 資料缺漏",IF($U29=1,"▲ 單一設備依賴","OK"))))) | W29: =IF($E29="","",IF(AND($T29="V",$U29>0),"「無使用調理設備」不可與設備欄同時勾選，請擇一修正",IF($T29="V","免調理半成品（外購/僅切配等），不列入設備風險評估",IF($U29=0,"未勾選任何設備，請補填或勾選「無使用調理設備」",IF($U29=1,"僅依賴1台設備，須確認故障/排修時之備援製程","無異常"))))) | Z29: =IF($D29="",0,IF(COUNTIF($D$5:$D29,$D29)=1,1,0)) -> 0 | AA29: =IF(Z29=1,SUM($Z$5:$Z29),"")
U30: =IF($E30="","",COUNTIF($I30:$S30,"V")) | V30: =IF($E30="","",IF(AND($T30="V",$U30>0),"⚠ 勾選矛盾",IF($T30="V","○ 免調理",IF($U30=0,"⚠ 資料缺漏",IF($U30=1,"▲ 單一設備依賴","OK"))))) | W30: =IF($E30="","",IF(AND($T30="V",$U30>0),"「無使用調理設備」不可與設備欄同時勾選，請擇一修正",IF($T30="V","免調理半成品（外購/僅切配等），不列入設備風險評估",IF($U30=0,"未勾選任何設備，請補填或勾選「無使用調理設備」",IF($U30=1,"僅依賴1台設備，須確認故障/排修時之備援製程","無異常"))))) | Z30: =IF($D30="",0,IF(COUNTIF($D$5:$D30,$D30)=1,1,0)) -> 0 | AA30: =IF(Z30=1,SUM($Z$5:$Z30),"")
U31: =IF($E31="","",COUNTIF($I31:$S31,"V")) | V31: =IF($E31="","",IF(AND($T31="V",$U31>0),"⚠ 勾選矛盾",IF($T31="V","○ 免調理",IF($U31=0,"⚠ 資料缺漏",IF($U31=1,"▲ 單一設備依賴","OK"))))) | W31: =IF($E31="","",IF(AND($T31="V",$U31>0),"「無使用調理設備」不可與設備欄同時勾選，請擇一修正",IF($T31="V","免調理半成品（外購/僅切配等），不列入設備風險評估",IF($U31=0,"未勾選任何設備，請補填或勾選「無使用調理設備」",IF($U31=1,"僅依賴1台設備，須確認故障/排修時之備援製程","無異常"))))) | Z31: =IF($D31="",0,IF(COUNTIF($D$5:$D31,$D31)=1,1,0)) -> 0 | AA31: =IF(Z31=1,SUM($Z$5:$Z31),"")
U32: =IF($E32="","",COUNTIF($I32:$S32,"V")) | V32: =IF($E32="","",IF(AND($T32="V",$U32>0),"⚠ 勾選矛盾",IF($T32="V","○ 免調理",IF($U32=0,"⚠ 資料缺漏",IF($U32=1,"▲ 單一設備依賴","OK"))))) | W32: =IF($E32="","",IF(AND($T32="V",$U32>0),"「無使用調理設備」不可與設備欄同時勾選，請擇一修正",IF($T32="V","免調理半成品（外購/僅切配等），不列入設備風險評估",IF($U32=0,"未勾選任何設備，請補填或勾選「無使用調理設備」",IF($U32=1,"僅依賴1台設備，須確認故障/排修時之備援製程","無異常"))))) | Z32: =IF($D32="",0,IF(COUNTIF($D$5:$D32,$D32)=1,1,0)) -> 0 | AA32: =IF(Z32=1,SUM($Z$5:$Z32),"")
U33: =IF($E33="","",COUNTIF($I33:$S33,"V")) | V33: =IF($E33="","",IF(AND($T33="V",$U33>0),"⚠ 勾選矛盾",IF($T33="V","○ 免調理",IF($U33=0,"⚠ 資料缺漏",IF($U33=1,"▲ 單一設備依賴","OK"))))) | W33: =IF($E33="","",IF(AND($T33="V",$U33>0),"「無使用調理設備」不可與設備欄同時勾選，請擇一修正",IF($T33="V","免調理半成品（外購/僅切配等），不列入設備風險評估",IF($U33=0,"未勾選任何設備，請補填或勾選「無使用調理設備」",IF($U33=1,"僅依賴1台設備，須確認故障/排修時之備援製程","無異常"))))) | Z33: =IF($D33="",0,IF(COUNTIF($D$5:$D33,$D33)=1,1,0)) -> 0 | AA33: =IF(Z33=1,SUM($Z$5:$Z33),"")
U34: =IF($E34="","",COUNTIF($I34:$S34,"V")) | V34: =IF($E34="","",IF(AND($T34="V",$U34>0),"⚠ 勾選矛盾",IF($T34="V","○ 免調理",IF($U34=0,"⚠ 資料缺漏",IF($U34=1,"▲ 單一設備依賴","OK"))))) | W34: =IF($E34="","",IF(AND($T34="V",$U34>0),"「無使用調理設備」不可與設備欄同時勾選，請擇一修正",IF($T34="V","免調理半成品（外購/僅切配等），不列入設備風險評估",IF($U34=0,"未勾選任何設備，請補填或勾選「無使用調理設備」",IF($U34=1,"僅依賴1台設備，須確認故障/排修時之備援製程","無異常"))))) | Z34: =IF($D34="",0,IF(COUNTIF($D$5:$D34,$D34)=1,1,0)) -> 0 | AA34: =IF(Z34=1,SUM($Z$5:$Z34),"")
U35: =IF($E35="","",COUNTIF($I35:$S35,"V")) | V35: =IF($E35="","",IF(AND($T35="V",$U35>0),"⚠ 勾選矛盾",IF($T35="V","○ 免調理",IF($U35=0,"⚠ 資料缺漏",IF($U35=1,"▲ 單一設備依賴","OK"))))) | W35: =IF($E35="","",IF(AND($T35="V",$U35>0),"「無使用調理設備」不可與設備欄同時勾選，請擇一修正",IF($T35="V","免調理半成品（外購/僅切配等），不列入設備風險評估",IF($U35=0,"未勾選任何設備，請補填或勾選「無使用調理設備」",IF($U35=1,"僅依賴1台設備，須確認故障/排修時之備援製程","無異常"))))) | Z35: =IF($D35="",0,IF(COUNTIF($D$5:$D35,$D35)=1,1,0)) -> 0 | AA35: =IF(Z35=1,SUM($Z$5:$Z35),"")
U36: =IF($E36="","",COUNTIF($I36:$S36,"V")) | V36: =IF($E36="","",IF(AND($T36="V",$U36>0),"⚠ 勾選矛盾",IF($T36="V","○ 免調理",IF($U36=0,"⚠ 資料缺漏",IF($U36=1,"▲ 單一設備依賴","OK"))))) | W36: =IF($E36="","",IF(AND($T36="V",$U36>0),"「無使用調理設備」不可與設備欄同時勾選，請擇一修正",IF($T36="V","免調理半成品（外購/僅切配等），不列入設備風險評估",IF($U36=0,"未勾選任何設備，請補填或勾選「無使用調理設備」",IF($U36=1,"僅依賴1台設備，須確認故障/排修時之備援製程","無異常"))))) | Z36: =IF($D36="",0,IF(COUNTIF($D$5:$D36,$D36)=1,1,0)) -> 0 | AA36: =IF(Z36=1,SUM($Z$5:$Z36),"")
U37: =IF($E37="","",COUNTIF($I37:$S37,"V")) | V37: =IF($E37="","",IF(AND($T37="V",$U37>0),"⚠ 勾選矛盾",IF($T37="V","○ 免調理",IF($U37=0,"⚠ 資料缺漏",IF($U37=1,"▲ 單一設備依賴","OK"))))) | W37: =IF($E37="","",IF(AND($T37="V",$U37>0),"「無使用調理設備」不可與設備欄同時勾選，請擇一修正",IF($T37="V","免調理半成品（外購/僅切配等），不列入設備風險評估",IF($U37=0,"未勾選任何設備，請補填或勾選「無使用調理設備」",IF($U37=1,"僅依賴1台設備，須確認故障/排修時之備援製程","無異常"))))) | Z37: =IF($D37="",0,IF(COUNTIF($D$5:$D37,$D37)=1,1,0)) -> 0 | AA37: =IF(Z37=1,SUM($Z$5:$Z37),"")
U38: =IF($E38="","",COUNTIF($I38:$S38,"V")) | V38: =IF($E38="","",IF(AND($T38="V",$U38>0),"⚠ 勾選矛盾",IF($T38="V","○ 免調理",IF($U38=0,"⚠ 資料缺漏",IF($U38=1,"▲ 單一設備依賴","OK"))))) | W38: =IF($E38="","",IF(AND($T38="V",$U38>0),"「無使用調理設備」不可與設備欄同時勾選，請擇一修正",IF($T38="V","免調理半成品（外購/僅切配等），不列入設備風險評估",IF($U38=0,"未勾選任何設備，請補填或勾選「無使用調理設備」",IF($U38=1,"僅依賴1台設備，須確認故障/排修時之備援製程","無異常"))))) | Z38: =IF($D38="",0,IF(COUNTIF($D$5:$D38,$D38)=1,1,0)) -> 0 | AA38: =IF(Z38=1,SUM($Z$5:$Z38),"")
U39: =IF($E39="","",COUNTIF($I39:$S39,"V")) | V39: =IF($E39="","",IF(AND($T39="V",$U39>0),"⚠ 勾選矛盾",IF($T39="V","○ 免調理",IF($U39=0,"⚠ 資料缺漏",IF($U39=1,"▲ 單一設備依賴","OK"))))) | W39: =IF($E39="","",IF(AND($T39="V",$U39>0),"「無使用調理設備」不可與設備欄同時勾選，請擇一修正",IF($T39="V","免調理半成品（外購/僅切配等），不列入設備風險評估",IF($U39=0,"未勾選任何設備，請補填或勾選「無使用調理設備」",IF($U39=1,"僅依賴1台設備，須確認故障/排修時之備援製程","無異常"))))) | Z39: =IF($D39="",0,IF(COUNTIF($D$5:$D39,$D39)=1,1,0)) -> 0 | AA39: =IF(Z39=1,SUM($Z$5:$Z39),"")
... U305: =IF($E305="","",COUNTIF($I305:$S305,"V")) | V305: =IF($E305="","",IF(AND($T305="V",$U305>0),"⚠ 勾選矛盾",IF($T305="V","○ 免調理",IF($U305=0,"⚠ 資料缺漏",IF($U305=1,"▲ 單一設備依賴","OK"))))) | W305: =IF($E305="","",IF(AND($T305="V",$U305>0),"「無使用調理設備」不可與設備欄同時勾選，請擇一修正",IF($T305="V","免調理半成品（外購/僅切配等），不列入設備風險評估",IF($U305=0,"未勾選任何設備，請補填或勾選「無使用調理設備」",IF($U305=1,"僅依賴1台設備，須確認故障/排修時之備援製程","無異常"))))) | Z305: =IF($D305="",0,IF(COUNTIF($D$5:$D305,$D305)=1,1,0)) -> 0 | AA305: =IF(Z305=1,SUM($Z$5:$Z305),"")

Sheet 4℃其他
A1: 商品半成品與調理設備應用展開一覽表｜4℃其他
A2: 商品資訊 | I2: 熱調理區（使用者填「V」；免調理者勾最右欄） | U2: 自動計算與風險檢核（勿手動修改） | X2: 建檔資訊（手填）
A3: 狀態 | B3: 工廠 | C3: 商品分類 (細分品類) | D3: 商品名稱 | E3: 半成品名稱 | F3: 單位用量 | H3: 製程率 (填數字) | I3: 炊飯 | J3: 煮麵 | K3: 烤箱 | L3: 炙燒 | M3: 蒸箱 | N3: 油炸機 | O3: 二重釜 | P3: 平釜 (日) | Q3: 平釜 (台) | R3: 蛋皮機 | S3: 壓力鍋 | T3: 無使用 調理設備 | U3: 使用 設備數 | V3: 檢核結果 | W3: 風險說明 | X3: 備註 (指示書編號/版本) | Y3: 建檔人員 | Z3: 系統用Y | AA3: 系統用Z
F4: 數值 | G4: 單位
A5: 下架 | B5: 新豐 | C5: 沙拉 | D5: 厚蛋時蔬握沙拉 | E5: 墨西哥餅皮-蕃茄(8英吋)新 | F5: 1 | G5: 個 | H5: 1200 | T5: V | U5: =IF($E5="","",COUNTIF($I5:$S5,"V")) -> 0 | V5: =IF($E5="","",IF(AND($T5="V",$U5>0),"⚠ 勾選矛盾",IF($T5="V","○ 免調理",IF($U5=0,"⚠ 資料缺漏",IF($U5=1,"▲ 單一設備依賴","OK"))))) -> ○ 免調理 | W5: =IF($E5="","",IF(AND($T5="V",$U5>0),"「無使用調理設備」不可與設備欄同時勾選，請擇一修正",IF($T5="V","免調理半成品（外購/僅切配等），不列入設備風險評估",IF($U5=0,"未勾選任何設備，請補填或勾選「無使用調理設備」",IF($U5=1,"僅依賴1台設備，須確認故障/排修時之備援製程","無異常"))))) -> 免調理半成品（外購/僅切配等），不列入設備風險評估 | X5: 1150520厚蛋時蔬握沙拉.確認版(4)-切換原味墨西哥餅皮、美生菜 | Y5: 王安淇 | Z5: =IF($D5="",0,IF(COUNTIF($D$5:$D5,$D5)=1,1,0)) -> 1 | AA5: =IF(Z5=1,SUM($Z$5:$Z5),"") -> 1
A6: 下架 | B6: 新豐 | C6: 沙拉 | D6: 厚蛋時蔬握沙拉 | E6: 肯瓊醬(115.04) | F6: 15 | G6: 公克 | H6: 74.7 | T6: V | U6: =IF($E6="","",COUNTIF($I6:$S6,"V")) -> 0 | V6: =IF($E6="","",IF(AND($T6="V",$U6>0),"⚠ 勾選矛盾",IF($T6="V","○ 免調理",IF($U6=0,"⚠ 資料缺漏",IF($U6=1,"▲ 單一設備依賴","OK"))))) -> ○ 免調理 | W6: =IF($E6="","",IF(AND($T6="V",$U6>0),"「無使用調理設備」不可與設備欄同時勾選，請擇一修正",IF($T6="V","免調理半成品（外購/僅切配等），不列入設備風險評估",IF($U6=0,"未勾選任何設備，請補填或勾選「無使用調理設備」",IF($U6=1,"僅依賴1台設備，須確認故障/排修時之備援製程","無異常"))))) -> 免調理半成品（外購/僅切配等），不列入設備風險評估 | X6: 1150520厚蛋時蔬握沙拉.確認版(4)-切換原味墨西哥餅皮、美生菜 | Y6: 王安淇 | Z6: =IF($D6="",0,IF(COUNTIF($D$5:$D6,$D6)=1,1,0)) -> 0 | AA6: =IF(Z6=1,SUM($Z$5:$Z6),"")
A7: 下架 | B7: 新豐 | C7: 沙拉 | D7: 厚蛋時蔬握沙拉 | E7: 電解消毒三色高麗菜絲 | F7: 25 | G7: 公克 | H7: 90.8 | T7: V | U7: =IF($E7="","",COUNTIF($I7:$S7,"V")) -> 0 | V7: =IF($E7="","",IF(AND($T7="V",$U7>0),"⚠ 勾選矛盾",IF($T7="V","○ 免調理",IF($U7=0,"⚠ 資料缺漏",IF($U7=1,"▲ 單一設備依賴","OK"))))) -> ○ 免調理 | W7: =IF($E7="","",IF(AND($T7="V",$U7>0),"「無使用調理設備」不可與設備欄同時勾選，請擇一修正",IF($T7="V","免調理半成品（外購/僅切配等），不列入設備風險評估",IF($U7=0,"未勾選任何設備，請補填或勾選「無使用調理設備」",IF($U7=1,"僅依賴1台設備，須確認故障/排修時之備援製程","無異常"))))) -> 免調理半成品（外購/僅切配等），不列入設備風險評估 | X7: 1150520厚蛋時蔬握沙拉.確認版(4)-切換原味墨西哥餅皮、美生菜 | Y7: 王安淇 | Z7: =IF($D7="",0,IF(COUNTIF($D$5:$D7,$D7)=1,1,0)) -> 0 | AA7: =IF(Z7=1,SUM($Z$5:$Z7),"")
A8: 下架 | B8: 新豐 | C8: 沙拉 | D8: 厚蛋時蔬握沙拉 | E8: 電解消毒切段美生菜2-3cm | F8: 10 | G8: 公克 | H8: 79 | T8: V | U8: =IF($E8="","",COUNTIF($I8:$S8,"V")) -> 0 | V8: =IF($E8="","",IF(AND($T8="V",$U8>0),"⚠ 勾選矛盾",IF($T8="V","○ 免調理",IF($U8=0,"⚠ 資料缺漏",IF($U8=1,"▲ 單一設備依賴","OK"))))) -> ○ 免調理 | W8: =IF($E8="","",IF(AND($T8="V",$U8>0),"「無使用調理設備」不可與設備欄同時勾選，請擇一修正",IF($T8="V","免調理半成品（外購/僅切配等），不列入設備風險評估",IF($U8=0,"未勾選任何設備，請補填或勾選「無使用調理設備」",IF($U8=1,"僅依賴1台設備，須確認故障/排修時之備援製程","無異常"))))) -> 免調理半成品（外購/僅切配等），不列入設備風險評估 | X8: 1150520厚蛋時蔬握沙拉.確認版(4)-切換原味墨西哥餅皮、美生菜 | Y8: 王安淇 | Z8: =IF($D8="",0,IF(COUNTIF($D$5:$D8,$D8)=1,1,0)) -> 0 | AA8: =IF(Z8=1,SUM($Z$5:$Z8),"")
A9: 下架 | B9: 新豐 | C9: 沙拉 | D9: 厚蛋時蔬握沙拉 | E9: 28切素食厚蛋條 | F9: 2 | G9: 個 | H9: 2800 | K9: V | U9: =IF($E9="","",COUNTIF($I9:$S9,"V")) -> 1 | V9: =IF($E9="","",IF(AND($T9="V",$U9>0),"⚠ 勾選矛盾",IF($T9="V","○ 免調理",IF($U9=0,"⚠ 資料缺漏",IF($U9=1,"▲ 單一設備依賴","OK"))))) -> ▲ 單一設備依賴 | W9: =IF($E9="","",IF(AND($T9="V",$U9>0),"「無使用調理設備」不可與設備欄同時勾選，請擇一修正",IF($T9="V","免調理半成品（外購/僅切配等），不列入設備風險評估",IF($U9=0,"未勾選任何設備，請補填或勾選「無使用調理設備」",IF($U9=1,"僅依賴1台設備，須確認故障/排修時之備援製程","無異常"))))) -> 僅依賴1台設備，須確認故障/排修時之備援製程 | X9: 1150520厚蛋時蔬握沙拉.確認版(4)-切換原味墨西哥餅皮、美生菜 | Y9: 王安淇 | Z9: =IF($D9="",0,IF(COUNTIF($D$5:$D9,$D9)=1,1,0)) -> 0 | AA9: =IF(Z9=1,SUM($Z$5:$Z9),"")
A10: 架上 | B10: 新豐 | C10: 沙拉 | D10: 莎莎烤雞麵沙拉 | E10: 拌辣番茄莎莎醬1.4細麵 | F10: 100 | G10: 公克 | H10: 86.4 | J10: V | U10: =IF($E10="","",COUNTIF($I10:$S10,"V")) -> 1 | V10: =IF($E10="","",IF(AND($T10="V",$U10>0),"⚠ 勾選矛盾",IF($T10="V","○ 免調理",IF($U10=0,"⚠ 資料缺漏",IF($U10=1,"▲ 單一設備依賴","OK"))))) -> ▲ 單一設備依賴 | W10: =IF($E10="","",IF(AND($T10="V",$U10>0),"「無使用調理設備」不可與設備欄同時勾選，請擇一修正",IF($T10="V","免調理半成品（外購/僅切配等），不列入設備風險評估",IF($U10=0,"未勾選任何設備，請補填或勾選「無使用調理設備」",IF($U10=1,"僅依賴1台設備，須確認故障/排修時之備援製程","無異常"))))) -> 僅依賴1台設備，須確認故障/排修時之備援製程 | X10: 1150610莎莎烤雞麵沙拉.確認版(3)-新增水煮蛋警語 | Y10: 王安淇 | Z10: =IF($D10="",0,IF(COUNTIF($D$5:$D10,$D10)=1,1,0)) -> 1 | AA10: =IF(Z10=1,SUM($Z$5:$Z10),"") -> 2
A11: 架上 | B11: 新豐 | C11: 沙拉 | D11: 莎莎烤雞麵沙拉 | E11: 清洗切段美生菜 | F11: 30 | G11: 公克 | H11: 79 | T11: V | U11: =IF($E11="","",COUNTIF($I11:$S11,"V")) -> 0 | V11: =IF($E11="","",IF(AND($T11="V",$U11>0),"⚠ 勾選矛盾",IF($T11="V","○ 免調理",IF($U11=0,"⚠ 資料缺漏",IF($U11=1,"▲ 單一設備依賴","OK"))))) -> ○ 免調理 | W11: =IF($E11="","",IF(AND($T11="V",$U11>0),"「無使用調理設備」不可與設備欄同時勾選，請擇一修正",IF($T11="V","免調理半成品（外購/僅切配等），不列入設備風險評估",IF($U11=0,"未勾選任何設備，請補填或勾選「無使用調理設備」",IF($U11=1,"僅依賴1台設備，須確認故障/排修時之備援製程","無異常"))))) -> 免調理半成品（外購/僅切配等），不列入設備風險評估 | X11: 1150610莎莎烤雞麵沙拉.確認版(3)-新增水煮蛋警語 | Y11: 王安淇 | Z11: =IF($D11="",0,IF(COUNTIF($D$5:$D11,$D11)=1,1,0)) -> 0 | AA11: =IF(Z11=1,SUM($Z$5:$Z11),"")
A12: 架上 | B12: 新豐 | C12: 沙拉 | D12: 莎莎烤雞麵沙拉 | E12: 辣番茄莎莎醬(115.06) | F12: 40 | G12: 公克 | H12: 61.8 | O12: V | U12: =IF($E12="","",COUNTIF($I12:$S12,"V")) -> 1 | V12: =IF($E12="","",IF(AND($T12="V",$U12>0),"⚠ 勾選矛盾",IF($T12="V","○ 免調理",IF($U12=0,"⚠ 資料缺漏",IF($U12=1,"▲ 單一設備依賴","OK"))))) -> ▲ 單一設備依賴 | W12: =IF($E12="","",IF(AND($T12="V",$U12>0),"「無使用調理設備」不可與設備欄同時勾選，請擇一修正",IF($T12="V","免調理半成品（外購/僅切配等），不列入設備風險評估",IF($U12=0,"未勾選任何設備，請補填或勾選「無使用調理設備」",IF($U12=1,"僅依賴1台設備，須確認故障/排修時之備援製程","無異常"))))) -> 僅依賴1台設備，須確認故障/排修時之備援製程 | X12: 1150610莎莎烤雞麵沙拉.確認版(3)-新增水煮蛋警語 | Y12: 王安淇 | Z12: =IF($D12="",0,IF(COUNTIF($D$5:$D12,$D12)=1,1,0)) -> 0 | AA12: =IF(Z12=1,SUM($Z$5:$Z12),"")
A13: 架上 | B13: 新豐 | C13: 沙拉 | D13: 莎莎烤雞麵沙拉 | E13: 清洗細切雙色蘿蔔絲 | F13: 10 | G13: 公克 | H13: 75 | T13: V | U13: =IF($E13="","",COUNTIF($I13:$S13,"V")) -> 0 | V13: =IF($E13="","",IF(AND($T13="V",$U13>0),"⚠ 勾選矛盾",IF($T13="V","○ 免調理",IF($U13=0,"⚠ 資料缺漏",IF($U13=1,"▲ 單一設備依賴","OK"))))) -> ○ 免調理 | W13: =IF($E13="","",IF(AND($T13="V",$U13>0),"「無使用調理設備」不可與設備欄同時勾選，請擇一修正",IF($T13="V","免調理半成品（外購/僅切配等），不列入設備風險評估",IF($U13=0,"未勾選任何設備，請補填或勾選「無使用調理設備」",IF($U13=1,"僅依賴1台設備，須確認故障/排修時之備援製程","無異常"))))) -> 免調理半成品（外購/僅切配等），不列入設備風險評估 | X13: 1150610莎莎烤雞麵沙拉.確認版(3)-新增水煮蛋警語 | Y13: 王安淇 | Z13: =IF($D13="",0,IF(COUNTIF($D$5:$D13,$D13)=1,1,0)) -> 0 | AA13: =IF(Z13=1,SUM($Z$5:$Z13),"")
A14: 架上 | B14: 新豐 | C14: 沙拉 | D14: 莎莎烤雞麵沙拉 | E14: 清洗紫洋蔥絲 | F14: 5 | G14: 公克 | H14: 62.8 | T14: V | U14: =IF($E14="","",COUNTIF($I14:$S14,"V")) -> 0 | V14: =IF($E14="","",IF(AND($T14="V",$U14>0),"⚠ 勾選矛盾",IF($T14="V","○ 免調理",IF($U14=0,"⚠ 資料缺漏",IF($U14=1,"▲ 單一設備依賴","OK"))))) -> ○ 免調理 | W14: =IF($E14="","",IF(AND($T14="V",$U14>0),"「無使用調理設備」不可與設備欄同時勾選，請擇一修正",IF($T14="V","免調理半成品（外購/僅切配等），不列入設備風險評估",IF($U14=0,"未勾選任何設備，請補填或勾選「無使用調理設備」",IF($U14=1,"僅依賴1台設備，須確認故障/排修時之備援製程","無異常"))))) -> 免調理半成品（外購/僅切配等），不列入設備風險評估 | X14: 1150610莎莎烤雞麵沙拉.確認版(3)-新增水煮蛋警語 | Y14: 王安淇 | Z14: =IF($D14="",0,IF(COUNTIF($D$5:$D14,$D14)=1,1,0)) -> 0 | AA14: =IF(Z14=1,SUM($Z$5:$Z14),"")
A15: 架上 | B15: 新豐 | C15: 沙拉 | D15: 莎莎烤雞麵沙拉 | E15: 四切白煮蛋 | F15: 1 | G15: 個 | H15: 4000 | T15: V | U15: =IF($E15="","",COUNTIF($I15:$S15,"V")) -> 0 | V15: =IF($E15="","",IF(AND($T15="V",$U15>0),"⚠ 勾選矛盾",IF($T15="V","○ 免調理",IF($U15=0,"⚠ 資料缺漏",IF($U15=1,"▲ 單一設備依賴","OK"))))) -> ○ 免調理 | W15: =IF($E15="","",IF(AND($T15="V",$U15>0),"「無使用調理設備」不可與設備欄同時勾選，請擇一修正",IF($T15="V","免調理半成品（外購/僅切配等），不列入設備風險評估",IF($U15=0,"未勾選任何設備，請補填或勾選「無使用調理設備」",IF($U15=1,"僅依賴1台設備，須確認故障/排修時之備援製程","無異常"))))) -> 免調理半成品（外購/僅切配等），不列入設備風險評估 | X15: 1150610莎莎烤雞麵沙拉.確認版(3)-新增水煮蛋警語 | Y15: 王安淇 | Z15: =IF($D15="",0,IF(COUNTIF($D$5:$D15,$D15)=1,1,0)) -> 0 | AA15: =IF(Z15=1,SUM($Z$5:$Z15),"")
A16: 架上 | B16: 新豐 | C16: 沙拉 | D16: 莎莎烤雞麵沙拉 | E16: 8切烤紐奧良腿排 | F16: 4 | G16: 個 | H16: 800 | K16: V | U16: =IF($E16="","",COUNTIF($I16:$S16,"V")) -> 1 | V16: =IF($E16="","",IF(AND($T16="V",$U16>0),"⚠ 勾選矛盾",IF($T16="V","○ 免調理",IF($U16=0,"⚠ 資料缺漏",IF($U16=1,"▲ 單一設備依賴","OK"))))) -> ▲ 單一設備依賴 | W16: =IF($E16="","",IF(AND($T16="V",$U16>0),"「無使用調理設備」不可與設備欄同時勾選，請擇一修正",IF($T16="V","免調理半成品（外購/僅切配等），不列入設備風險評估",IF($U16=0,"未勾選任何設備，請補填或勾選「無使用調理設備」",IF($U16=1,"僅依賴1台設備，須確認故障/排修時之備援製程","無異常"))))) -> 僅依賴1台設備，須確認故障/排修時之備援製程 | X16: 1150610莎莎烤雞麵沙拉.確認版(3)-新增水煮蛋警語 | Y16: 王安淇 | Z16: =IF($D16="",0,IF(COUNTIF($D$5:$D16,$D16)=1,1,0)) -> 0 | AA16: =IF(Z16=1,SUM($Z$5:$Z16),"")
A17: 架上 | B17: 新豐 | C17: 沙拉 | D17: 青檸烤雞握沙拉 | E17: 墨西哥餅皮8吋 | F17: 1 | G17: 個 | H17: 1200 | T17: V | U17: =IF($E17="","",COUNTIF($I17:$S17,"V")) -> 0 | V17: =IF($E17="","",IF(AND($T17="V",$U17>0),"⚠ 勾選矛盾",IF($T17="V","○ 免調理",IF($U17=0,"⚠ 資料缺漏",IF($U17=1,"▲ 單一設備依賴","OK"))))) -> ○ 免調理 | W17: =IF($E17="","",IF(AND($T17="V",$U17>0),"「無使用調理設備」不可與設備欄同時勾選，請擇一修正",IF($T17="V","免調理半成品（外購/僅切配等），不列入設備風險評估",IF($U17=0,"未勾選任何設備，請補填或勾選「無使用調理設備」",IF($U17=1,"僅依賴1台設備，須確認故障/排修時之備援製程","無異常"))))) -> 免調理半成品（外購/僅切配等），不列入設備風險評估 | X17: 1130320青檸烤雞握沙拉.確認版(10)-醬汁使用澱粉、新增良品圖.xlsx | Y17: 莊子儀 | Z17: =IF($D17="",0,IF(COUNTIF($D$5:$D17,$D17)=1,1,0)) -> 1 | AA17: =IF(Z17=1,SUM($Z$5:$Z17),"") -> 3
A18: 架上 | B18: 新豐 | C18: 沙拉 | D18: 青檸烤雞握沙拉 | E18: 自製醬燒醬汁(109.05) | F18: 5 | G18: 公克 | H18: 53.8 | O18: V | U18: =IF($E18="","",COUNTIF($I18:$S18,"V")) -> 1 | V18: =IF($E18="","",IF(AND($T18="V",$U18>0),"⚠ 勾選矛盾",IF($T18="V","○ 免調理",IF($U18=0,"⚠ 資料缺漏",IF($U18=1,"▲ 單一設備依賴","OK"))))) -> ▲ 單一設備依賴 | W18: =IF($E18="","",IF(AND($T18="V",$U18>0),"「無使用調理設備」不可與設備欄同時勾選，請擇一修正",IF($T18="V","免調理半成品（外購/僅切配等），不列入設備風險評估",IF($U18=0,"未勾選任何設備，請補填或勾選「無使用調理設備」",IF($U18=1,"僅依賴1台設備，須確認故障/排修時之備援製程","無異常"))))) -> 僅依賴1台設備，須確認故障/排修時之備援製程 | X18: 1130320青檸烤雞握沙拉.確認版(10)-醬汁使用澱粉、新增良品圖.xlsx | Y18: 莊子儀 | Z18: =IF($D18="",0,IF(COUNTIF($D$5:$D18,$D18)=1,1,0)) -> 0 | AA18: =IF(Z18=1,SUM($Z$5:$Z18),"")
A19: 架上 | B19: 新豐 | C19: 沙拉 | D19: 青檸烤雞握沙拉 | E19: 清洗對切整葉廣東A | F19: 2 | G19: 個 | H19: 6 | T19: V | U19: =IF($E19="","",COUNTIF($I19:$S19,"V")) -> 0 | V19: =IF($E19="","",IF(AND($T19="V",$U19>0),"⚠ 勾選矛盾",IF($T19="V","○ 免調理",IF($U19=0,"⚠ 資料缺漏",IF($U19=1,"▲ 單一設備依賴","OK"))))) -> ○ 免調理 | W19: =IF($E19="","",IF(AND($T19="V",$U19>0),"「無使用調理設備」不可與設備欄同時勾選，請擇一修正",IF($T19="V","免調理半成品（外購/僅切配等），不列入設備風險評估",IF($U19=0,"未勾選任何設備，請補填或勾選「無使用調理設備」",IF($U19=1,"僅依賴1台設備，須確認故障/排修時之備援製程","無異常"))))) -> 免調理半成品（外購/僅切配等），不列入設備風險評估 | X19: 1130320青檸烤雞握沙拉.確認版(10)-醬汁使用澱粉、新增良品圖.xlsx | Y19: 莊子儀 | Z19: =IF($D19="",0,IF(COUNTIF($D$5:$D19,$D19)=1,1,0)) -> 0 | AA19: =IF(Z19=1,SUM($Z$5:$Z19),"")
A20: 架上 | B20: 新豐 | C20: 沙拉 | D20: 青檸烤雞握沙拉 | E20: 混合雙色清洗高麗菜絲(113.07) | F20: 35 | G20: 公克 | H20: 90 | T20: V | U20: =IF($E20="","",COUNTIF($I20:$S20,"V")) -> 0 | V20: =IF($E20="","",IF(AND($T20="V",$U20>0),"⚠ 勾選矛盾",IF($T20="V","○ 免調理",IF($U20=0,"⚠ 資料缺漏",IF($U20=1,"▲ 單一設備依賴","OK"))))) -> ○ 免調理 | W20: =IF($E20="","",IF(AND($T20="V",$U20>0),"「無使用調理設備」不可與設備欄同時勾選，請擇一修正",IF($T20="V","免調理半成品（外購/僅切配等），不列入設備風險評估",IF($U20=0,"未勾選任何設備，請補填或勾選「無使用調理設備」",IF($U20=1,"僅依賴1台設備，須確認故障/排修時之備援製程","無異常"))))) -> 免調理半成品（外購/僅切配等），不列入設備風險評估 | X20: 1130320青檸烤雞握沙拉.確認版(10)-醬汁使用澱粉、新增良品圖.xlsx | Y20: 莊子儀 | Z20: =IF($D20="",0,IF(COUNTIF($D$5:$D20,$D20)=1,1,0)) -> 0 | AA20: =IF(Z20=1,SUM($Z$5:$Z20),"")
A21: 架上 | B21: 新豐 | C21: 沙拉 | D21: 青檸烤雞握沙拉 | E21: 青檸沙拉醬(115.06) | F21: 22 | G21: 公克 | H21: 72 | T21: V | U21: =IF($E21="","",COUNTIF($I21:$S21,"V")) -> 0 | V21: =IF($E21="","",IF(AND($T21="V",$U21>0),"⚠ 勾選矛盾",IF($T21="V","○ 免調理",IF($U21=0,"⚠ 資料缺漏",IF($U21=1,"▲ 單一設備依賴","OK"))))) -> ○ 免調理 | W21: =IF($E21="","",IF(AND($T21="V",$U21>0),"「無使用調理設備」不可與設備欄同時勾選，請擇一修正",IF($T21="V","免調理半成品（外購/僅切配等），不列入設備風險評估",IF($U21=0,"未勾選任何設備，請補填或勾選「無使用調理設備」",IF($U21=1,"僅依賴1台設備，須確認故障/排修時之備援製程","無異常"))))) -> 免調理半成品（外購/僅切配等），不列入設備風險評估 | X21: 1130320青檸烤雞握沙拉.確認版(10)-醬汁使用澱粉、新增良品圖.xlsx | Y21: 莊子儀 | Z21: =IF($D21="",0,IF(COUNTIF($D$5:$D21,$D21)=1,1,0)) -> 0 | AA21: =IF(Z21=1,SUM($Z$5:$Z21),"")
A22: 架上 | B22: 新豐 | C22: 沙拉 | D22: 青檸烤雞握沙拉 | E22: 4切烤法式腿排(113.07) | F22: 2 | G22: 個 | H22: 400 | K22: V | U22: =IF($E22="","",COUNTIF($I22:$S22,"V")) -> 1 | V22: =IF($E22="","",IF(AND($T22="V",$U22>0),"⚠ 勾選矛盾",IF($T22="V","○ 免調理",IF($U22=0,"⚠ 資料缺漏",IF($U22=1,"▲ 單一設備依賴","OK"))))) -> ▲ 單一設備依賴 | W22: =IF($E22="","",IF(AND($T22="V",$U22>0),"「無使用調理設備」不可與設備欄同時勾選，請擇一修正",IF($T22="V","免調理半成品（外購/僅切配等），不列入設備風險評估",IF($U22=0,"未勾選任何設備，請補填或勾選「無使用調理設備」",IF($U22=1,"僅依賴1台設備，須確認故障/排修時之備援製程","無異常"))))) -> 僅依賴1台設備，須確認故障/排修時之備援製程 | X22: 1130320青檸烤雞握沙拉.確認版(10)-醬汁使用澱粉、新增良品圖.xlsx | Y22: 莊子儀 | Z22: =IF($D22="",0,IF(COUNTIF($D$5:$D22,$D22)=1,1,0)) -> 0 | AA22: =IF(Z22=1,SUM($Z$5:$Z22),"")
A23: 架上 | B23: 新豐 | C23: 沙拉 | D23: 青醬優格雞肉握沙拉 | E23: 菠菜墨西哥餅皮 | F23: 1 | G23: 個 | H23: 1200 | T23: V | U23: =IF($E23="","",COUNTIF($I23:$S23,"V")) -> 0 | V23: =IF($E23="","",IF(AND($T23="V",$U23>0),"⚠ 勾選矛盾",IF($T23="V","○ 免調理",IF($U23=0,"⚠ 資料缺漏",IF($U23=1,"▲ 單一設備依賴","OK"))))) -> ○ 免調理 | W23: =IF($E23="","",IF(AND($T23="V",$U23>0),"「無使用調理設備」不可與設備欄同時勾選，請擇一修正",IF($T23="V","免調理半成品（外購/僅切配等），不列入設備風險評估",IF($U23=0,"未勾選任何設備，請補填或勾選「無使用調理設備」",IF($U23=1,"僅依賴1台設備，須確認故障/排修時之備援製程","無異常"))))) -> 免調理半成品（外購/僅切配等），不列入設備風險評估 | X23: 1110622青醬優格雞肉握沙拉.確認版(10)-切換金黃胡蘿蔔.xlsx | Y23: 莊子儀 | Z23: =IF($D23="",0,IF(COUNTIF($D$5:$D23,$D23)=1,1,0)) -> 1 | AA23: =IF(Z23=1,SUM($Z$5:$Z23),"") -> 4
A24: 架上 | B24: 新豐 | C24: 沙拉 | D24: 青醬優格雞肉握沙拉 | E24: 台式特級沙拉醬 | F24: 10 | G24: 公克 | H24: 100 | T24: V | U24: =IF($E24="","",COUNTIF($I24:$S24,"V")) -> 0 | V24: =IF($E24="","",IF(AND($T24="V",$U24>0),"⚠ 勾選矛盾",IF($T24="V","○ 免調理",IF($U24=0,"⚠ 資料缺漏",IF($U24=1,"▲ 單一設備依賴","OK"))))) -> ○ 免調理 | W24: =IF($E24="","",IF(AND($T24="V",$U24>0),"「無使用調理設備」不可與設備欄同時勾選，請擇一修正",IF($T24="V","免調理半成品（外購/僅切配等），不列入設備風險評估",IF($U24=0,"未勾選任何設備，請補填或勾選「無使用調理設備」",IF($U24=1,"僅依賴1台設備，須確認故障/排修時之備援製程","無異常"))))) -> 免調理半成品（外購/僅切配等），不列入設備風險評估 | X24: 1110622青醬優格雞肉握沙拉.確認版(10)-切換金黃胡蘿蔔.xlsx | Y24: 莊子儀 | Z24: =IF($D24="",0,IF(COUNTIF($D$5:$D24,$D24)=1,1,0)) -> 0 | AA24: =IF(Z24=1,SUM($Z$5:$Z24),"")
A25: 架上 | B25: 新豐 | C25: 沙拉 | D25: 青醬優格雞肉握沙拉 | E25: 清洗高麗菜絲(葉) | F25: 14 | G25: 公克 | H25: 66 | T25: V | U25: =IF($E25="","",COUNTIF($I25:$S25,"V")) -> 0 | V25: =IF($E25="","",IF(AND($T25="V",$U25>0),"⚠ 勾選矛盾",IF($T25="V","○ 免調理",IF($U25=0,"⚠ 資料缺漏",IF($U25=1,"▲ 單一設備依賴","OK"))))) -> ○ 免調理 | W25: =IF($E25="","",IF(AND($T25="V",$U25>0),"「無使用調理設備」不可與設備欄同時勾選，請擇一修正",IF($T25="V","免調理半成品（外購/僅切配等），不列入設備風險評估",IF($U25=0,"未勾選任何設備，請補填或勾選「無使用調理設備」",IF($U25=1,"僅依賴1台設備，須確認故障/排修時之備援製程","無異常"))))) -> 免調理半成品（外購/僅切配等），不列入設備風險評估 | X25: 1110622青醬優格雞肉握沙拉.確認版(10)-切換金黃胡蘿蔔.xlsx | Y25: 莊子儀 | Z25: =IF($D25="",0,IF(COUNTIF($D$5:$D25,$D25)=1,1,0)) -> 0 | AA25: =IF(Z25=1,SUM($Z$5:$Z25),"")
A26: 架上 | B26: 新豐 | C26: 沙拉 | D26: 青醬優格雞肉握沙拉 | E26: 清洗切段廣東A | F26: 3 | G26: 公克 | H26: 40 | T26: V | U26: =IF($E26="","",COUNTIF($I26:$S26,"V")) -> 0 | V26: =IF($E26="","",IF(AND($T26="V",$U26>0),"⚠ 勾選矛盾",IF($T26="V","○ 免調理",IF($U26=0,"⚠ 資料缺漏",IF($U26=1,"▲ 單一設備依賴","OK"))))) -> ○ 免調理 | W26: =IF($E26="","",IF(AND($T26="V",$U26>0),"「無使用調理設備」不可與設備欄同時勾選，請擇一修正",IF($T26="V","免調理半成品（外購/僅切配等），不列入設備風險評估",IF($U26=0,"未勾選任何設備，請補填或勾選「無使用調理設備」",IF($U26=1,"僅依賴1台設備，須確認故障/排修時之備援製程","無異常"))))) -> 免調理半成品（外購/僅切配等），不列入設備風險評估 | X26: 1110622青醬優格雞肉握沙拉.確認版(10)-切換金黃胡蘿蔔.xlsx | Y26: 莊子儀 | Z26: =IF($D26="",0,IF(COUNTIF($D$5:$D26,$D26)=1,1,0)) -> 0 | AA26: =IF(Z26=1,SUM($Z$5:$Z26),"")
A27: 架上 | B27: 新豐 | C27: 沙拉 | D27: 青醬優格雞肉握沙拉 | E27: 清洗細切黃蘿蔔絲 | F27: 10 | G27: 公克 | H27: 60 | T27: V | U27: =IF($E27="","",COUNTIF($I27:$S27,"V")) -> 0 | V27: =IF($E27="","",IF(AND($T27="V",$U27>0),"⚠ 勾選矛盾",IF($T27="V","○ 免調理",IF($U27=0,"⚠ 資料缺漏",IF($U27=1,"▲ 單一設備依賴","OK"))))) -> ○ 免調理 | W27: =IF($E27="","",IF(AND($T27="V",$U27>0),"「無使用調理設備」不可與設備欄同時勾選，請擇一修正",IF($T27="V","免調理半成品（外購/僅切配等），不列入設備風險評估",IF($U27=0,"未勾選任何設備，請補填或勾選「無使用調理設備」",IF($U27=1,"僅依賴1台設備，須確認故障/排修時之備援製程","無異常"))))) -> 免調理半成品（外購/僅切配等），不列入設備風險評估 | X27: 1110622青醬優格雞肉握沙拉.確認版(10)-切換金黃胡蘿蔔.xlsx | Y27: 莊子儀 | Z27: =IF($D27="",0,IF(COUNTIF($D$5:$D27,$D27)=1,1,0)) -> 0 | AA27: =IF(Z27=1,SUM($Z$5:$Z27),"")
A28: 架上 | B28: 新豐 | C28: 沙拉 | D28: 青醬優格雞肉握沙拉 | E28: 蒸紫米薏仁 | F28: 20 | G28: 公克 | H28: 130 | M28: V | U28: =IF($E28="","",COUNTIF($I28:$S28,"V")) -> 1 | V28: =IF($E28="","",IF(AND($T28="V",$U28>0),"⚠ 勾選矛盾",IF($T28="V","○ 免調理",IF($U28=0,"⚠ 資料缺漏",IF($U28=1,"▲ 單一設備依賴","OK"))))) -> ▲ 單一設備依賴 | W28: =IF($E28="","",IF(AND($T28="V",$U28>0),"「無使用調理設備」不可與設備欄同時勾選，請擇一修正",IF($T28="V","免調理半成品（外購/僅切配等），不列入設備風險評估",IF($U28=0,"未勾選任何設備，請補填或勾選「無使用調理設備」",IF($U28=1,"僅依賴1台設備，須確認故障/排修時之備援製程","無異常"))))) -> 僅依賴1台設備，須確認故障/排修時之備援製程 | X28: 1110622青醬優格雞肉握沙拉.確認版(10)-切換金黃胡蘿蔔.xlsx | Y28: 莊子儀 | Z28: =IF($D28="",0,IF(COUNTIF($D$5:$D28,$D28)=1,1,0)) -> 0 | AA28: =IF(Z28=1,SUM($Z$5:$Z28),"")
A29: 架上 | B29: 新豐 | C29: 沙拉 | D29: 青醬優格雞肉握沙拉 | E29: 36切蛋白條(111.06) | F29: 1 | G29: 個 | H29: 3600 | K29: V | U29: =IF($E29="","",COUNTIF($I29:$S29,"V")) -> 1 | V29: =IF($E29="","",IF(AND($T29="V",$U29>0),"⚠ 勾選矛盾",IF($T29="V","○ 免調理",IF($U29=0,"⚠ 資料缺漏",IF($U29=1,"▲ 單一設備依賴","OK"))))) -> ▲ 單一設備依賴 | W29: =IF($E29="","",IF(AND($T29="V",$U29>0),"「無使用調理設備」不可與設備欄同時勾選，請擇一修正",IF($T29="V","免調理半成品（外購/僅切配等），不列入設備風險評估",IF($U29=0,"未勾選任何設備，請補填或勾選「無使用調理設備」",IF($U29=1,"僅依賴1台設備，須確認故障/排修時之備援製程","無異常"))))) -> 僅依賴1台設備，須確認故障/排修時之備援製程 | X29: 1110622青醬優格雞肉握沙拉.確認版(10)-切換金黃胡蘿蔔.xlsx | Y29: 莊子儀
A30: 架上 | B30: 新豐 | C30: 沙拉 | D30: 青醬優格雞肉握沙拉 | E30: 青醬優格 | F30: 15 | G30: 公克 | H30: 71 | O30: V | U30: =IF($E30="","",COUNTIF($I30:$S30,"V")) -> 1 | V30: =IF($E30="","",IF(AND($T30="V",$U30>0),"⚠ 勾選矛盾",IF($T30="V","○ 免調理",IF($U30=0,"⚠ 資料缺漏",IF($U30=1,"▲ 單一設備依賴","OK"))))) -> ▲ 單一設備依賴 | W30: =IF($E30="","",IF(AND($T30="V",$U30>0),"「無使用調理設備」不可與設備欄同時勾選，請擇一修正",IF($T30="V","免調理半成品（外購/僅切配等），不列入設備風險評估",IF($U30=0,"未勾選任何設備，請補填或勾選「無使用調理設備」",IF($U30=1,"僅依賴1台設備，須確認故障/排修時之備援製程","無異常"))))) -> 僅依賴1台設備，須確認故障/排修時之備援製程 | X30: 1110622青醬優格雞肉握沙拉.確認版(10)-切換金黃胡蘿蔔.xlsx | Y30: 莊子儀
A31: 架上 | B31: 新豐 | C31: 沙拉 | D31: 青醬優格雞肉握沙拉 | E31: 蒸基礎風味雞肉絲 | F31: 21 | G31: 公克 | H31: 75 | M31: V | U31: =IF($E31="","",COUNTIF($I31:$S31,"V")) -> 1 | V31: =IF($E31="","",IF(AND($T31="V",$U31>0),"⚠ 勾選矛盾",IF($T31="V","○ 免調理",IF($U31=0,"⚠ 資料缺漏",IF($U31=1,"▲ 單一設備依賴","OK"))))) -> ▲ 單一設備依賴 | W31: =IF($E31="","",IF(AND($T31="V",$U31>0),"「無使用調理設備」不可與設備欄同時勾選，請擇一修正",IF($T31="V","免調理半成品（外購/僅切配等），不列入設備風險評估",IF($U31=0,"未勾選任何設備，請補填或勾選「無使用調理設備」",IF($U31=1,"僅依賴1台設備，須確認故障/排修時之備援製程","無異常"))))) -> 僅依賴1台設備，須確認故障/排修時之備援製程 | X31: 1110622青醬優格雞肉握沙拉.確認版(10)-切換金黃胡蘿蔔.xlsx | Y31: 莊子儀 | Z31: =IF($D31="",0,IF(COUNTIF($D$5:$D31,$D31)=1,1,0)) -> 0 | AA31: =IF(Z31=1,SUM($Z$5:$Z31),"")
A32: 架上 | B32: 新豐 | C32: 沙拉 | D32: 蔥鹽雞肉麵沙拉 | E32: 煮單色彎管麵(沙拉用) | F32: 50 | G32: 公克 | H32: 169 | J32: V | U32: =IF($E32="","",COUNTIF($I32:$S32,"V")) -> 1 | V32: =IF($E32="","",IF(AND($T32="V",$U32>0),"⚠ 勾選矛盾",IF($T32="V","○ 免調理",IF($U32=0,"⚠ 資料缺漏",IF($U32=1,"▲ 單一設備依賴","OK"))))) -> ▲ 單一設備依賴 | W32: =IF($E32="","",IF(AND($T32="V",$U32>0),"「無使用調理設備」不可與設備欄同時勾選，請擇一修正",IF($T32="V","免調理半成品（外購/僅切配等），不列入設備風險評估",IF($U32=0,"未勾選任何設備，請補填或勾選「無使用調理設備」",IF($U32=1,"僅依賴1台設備，須確認故障/排修時之備援製程","無異常"))))) -> 僅依賴1台設備，須確認故障/排修時之備援製程 | X32: 1150513蔥鹽雞肉麵沙拉.確認版(3)-新增水煮蛋警語.xlsx | Y32: 莊子儀 | Z32: =IF($D32="",0,IF(COUNTIF($D$5:$D32,$D32)=1,1,0)) -> 1 | AA32: =IF(Z32=1,SUM($Z$5:$Z32),"") -> 5
A33: 架上 | B33: 新豐 | C33: 沙拉 | D33: 蔥鹽雞肉麵沙拉 | E33: 清洗切段美生菜 | F33: 36 | G33: 公克 | H33: 79 | T33: V | U33: =IF($E33="","",COUNTIF($I33:$S33,"V")) -> 0 | V33: =IF($E33="","",IF(AND($T33="V",$U33>0),"⚠ 勾選矛盾",IF($T33="V","○ 免調理",IF($U33=0,"⚠ 資料缺漏",IF($U33=1,"▲ 單一設備依賴","OK"))))) -> ○ 免調理 | W33: =IF($E33="","",IF(AND($T33="V",$U33>0),"「無使用調理設備」不可與設備欄同時勾選，請擇一修正",IF($T33="V","免調理半成品（外購/僅切配等），不列入設備風險評估",IF($U33=0,"未勾選任何設備，請補填或勾選「無使用調理設備」",IF($U33=1,"僅依賴1台設備，須確認故障/排修時之備援製程","無異常"))))) -> 免調理半成品（外購/僅切配等），不列入設備風險評估 | X33: 1150513蔥鹽雞肉麵沙拉.確認版(3)-新增水煮蛋警語.xlsx | Y33: 莊子儀 | Z33: =IF($D33="",0,IF(COUNTIF($D$5:$D33,$D33)=1,1,0)) -> 0 | AA33: =IF(Z33=1,SUM($Z$5:$Z33),"")
A34: 架上 | B34: 新豐 | C34: 沙拉 | D34: 蔥鹽雞肉麵沙拉 | E34: 混合蔥鹽蔬菜絲 | F34: 15 | G34: 公克 | H34: 90 | T34: V | U34: =IF($E34="","",COUNTIF($I34:$S34,"V")) -> 0 | V34: =IF($E34="","",IF(AND($T34="V",$U34>0),"⚠ 勾選矛盾",IF($T34="V","○ 免調理",IF($U34=0,"⚠ 資料缺漏",IF($U34=1,"▲ 單一設備依賴","OK"))))) -> ○ 免調理 | W34: =IF($E34="","",IF(AND($T34="V",$U34>0),"「無使用調理設備」不可與設備欄同時勾選，請擇一修正",IF($T34="V","免調理半成品（外購/僅切配等），不列入設備風險評估",IF($U34=0,"未勾選任何設備，請補填或勾選「無使用調理設備」",IF($U34=1,"僅依賴1台設備，須確認故障/排修時之備援製程","無異常"))))) -> 免調理半成品（外購/僅切配等），不列入設備風險評估 | X34: 1150513蔥鹽雞肉麵沙拉.確認版(3)-新增水煮蛋警語.xlsx | Y34: 莊子儀 | Z34: =IF($D34="",0,IF(COUNTIF($D$5:$D34,$D34)=1,1,0)) -> 0 | AA34: =IF(Z34=1,SUM($Z$5:$Z34),"")
A35: 架上 | B35: 新豐 | C35: 沙拉 | D35: 蔥鹽雞肉麵沙拉 | E35: 清洗切段甜脆 | F35: 4 | G35: 公克 | H35: 62 | T35: V | U35: =IF($E35="","",COUNTIF($I35:$S35,"V")) -> 0 | V35: =IF($E35="","",IF(AND($T35="V",$U35>0),"⚠ 勾選矛盾",IF($T35="V","○ 免調理",IF($U35=0,"⚠ 資料缺漏",IF($U35=1,"▲ 單一設備依賴","OK"))))) -> ○ 免調理 | W35: =IF($E35="","",IF(AND($T35="V",$U35>0),"「無使用調理設備」不可與設備欄同時勾選，請擇一修正",IF($T35="V","免調理半成品（外購/僅切配等），不列入設備風險評估",IF($U35=0,"未勾選任何設備，請補填或勾選「無使用調理設備」",IF($U35=1,"僅依賴1台設備，須確認故障/排修時之備援製程","無異常"))))) -> 免調理半成品（外購/僅切配等），不列入設備風險評估 | X35: 1150513蔥鹽雞肉麵沙拉.確認版(3)-新增水煮蛋警語.xlsx | Y35: 莊子儀 | Z35: =IF($D35="",0,IF(COUNTIF($D$5:$D35,$D35)=1,1,0)) -> 0 | AA35: =IF(Z35=1,SUM($Z$5:$Z35),"")
A36: 架上 | B36: 新豐 | C36: 沙拉 | D36: 蔥鹽雞肉麵沙拉 | E36: 四切白煮蛋 | F36: 1 | G36: 個 | H36: 400 | T36: V | U36: =IF($E36="","",COUNTIF($I36:$S36,"V")) -> 0 | V36: =IF($E36="","",IF(AND($T36="V",$U36>0),"⚠ 勾選矛盾",IF($T36="V","○ 免調理",IF($U36=0,"⚠ 資料缺漏",IF($U36=1,"▲ 單一設備依賴","OK"))))) -> ○ 免調理 | W36: =IF($E36="","",IF(AND($T36="V",$U36>0),"「無使用調理設備」不可與設備欄同時勾選，請擇一修正",IF($T36="V","免調理半成品（外購/僅切配等），不列入設備風險評估",IF($U36=0,"未勾選任何設備，請補填或勾選「無使用調理設備」",IF($U36=1,"僅依賴1台設備，須確認故障/排修時之備援製程","無異常"))))) -> 免調理半成品（外購/僅切配等），不列入設備風險評估 | X36: 1150513蔥鹽雞肉麵沙拉.確認版(3)-新增水煮蛋警語.xlsx | Y36: 莊子儀 | Z36: =IF($D36="",0,IF(COUNTIF($D$5:$D36,$D36)=1,1,0)) -> 0 | AA36: =IF(Z36=1,SUM($Z$5:$Z36),"")
A37: 架上 | B37: 新豐 | C37: 沙拉 | D37: 蔥鹽雞肉麵沙拉 | E37: 四切烤薄漿清肉排 | F37: 3 | G37: 個 | H37: 400 | K37: V | U37: =IF($E37="","",COUNTIF($I37:$S37,"V")) -> 1 | V37: =IF($E37="","",IF(AND($T37="V",$U37>0),"⚠ 勾選矛盾",IF($T37="V","○ 免調理",IF($U37=0,"⚠ 資料缺漏",IF($U37=1,"▲ 單一設備依賴","OK"))))) -> ▲ 單一設備依賴 | W37: =IF($E37="","",IF(AND($T37="V",$U37>0),"「無使用調理設備」不可與設備欄同時勾選，請擇一修正",IF($T37="V","免調理半成品（外購/僅切配等），不列入設備風險評估",IF($U37=0,"未勾選任何設備，請補填或勾選「無使用調理設備」",IF($U37=1,"僅依賴1台設備，須確認故障/排修時之備援製程","無異常"))))) -> 僅依賴1台設備，須確認故障/排修時之備援製程 | X37: 1150513蔥鹽雞肉麵沙拉.確認版(3)-新增水煮蛋警語.xlsx | Y37: 莊子儀 | Z37: =IF($D37="",0,IF(COUNTIF($D$5:$D37,$D37)=1,1,0)) -> 0 | AA37: =IF(Z37=1,SUM($Z$5:$Z37),"")
A38: 架上 | B38: 新豐 | C38: 沙拉 | D38: 蔥鹽雞肉麵沙拉 | E38: F-鹽蔥醬 | F38: 1 | G38: 個 | H38: 100 | T38: V | U38: =IF($E38="","",COUNTIF($I38:$S38,"V")) -> 0 | V38: =IF($E38="","",IF(AND($T38="V",$U38>0),"⚠ 勾選矛盾",IF($T38="V","○ 免調理",IF($U38=0,"⚠ 資料缺漏",IF($U38=1,"▲ 單一設備依賴","OK"))))) -> ○ 免調理 | W38: =IF($E38="","",IF(AND($T38="V",$U38>0),"「無使用調理設備」不可與設備欄同時勾選，請擇一修正",IF($T38="V","免調理半成品（外購/僅切配等），不列入設備風險評估",IF($U38=0,"未勾選任何設備，請補填或勾選「無使用調理設備」",IF($U38=1,"僅依賴1台設備，須確認故障/排修時之備援製程","無異常"))))) -> 免調理半成品（外購/僅切配等），不列入設備風險評估 | X38: 1150513蔥鹽雞肉麵沙拉.確認版(3)-新增水煮蛋警語.xlsx | Y38: 莊子儀 | Z38: =IF($D38="",0,IF(COUNTIF($D$5:$D38,$D38)=1,1,0)) -> 0 | AA38: =IF(Z38=1,SUM($Z$5:$Z38),"")
A39: 下架 | B39: 新豐 | C39: 沙拉 | D39: 地瓜瓜握沙拉 | E39: 墨西哥餅皮8吋 | F39: 1 | G39: 個 | H39: 1200 | T39: V | U39: =IF($E39="","",COUNTIF($I39:$S39,"V")) -> 0 | V39: =IF($E39="","",IF(AND($T39="V",$U39>0),"⚠ 勾選矛盾",IF($T39="V","○ 免調理",IF($U39=0,"⚠ 資料缺漏",IF($U39=1,"▲ 單一設備依賴","OK"))))) -> ○ 免調理 | W39: =IF($E39="","",IF(AND($T39="V",$U39>0),"「無使用調理設備」不可與設備欄同時勾選，請擇一修正",IF($T39="V","免調理半成品（外購/僅切配等），不列入設備風險評估",IF($U39=0,"未勾選任何設備，請補填或勾選「無使用調理設備」",IF($U39=1,"僅依賴1台設備，須確認故障/排修時之備援製程","無異常"))))) -> 免調理半成品（外購/僅切配等），不列入設備風險評估 | X39: 1150603地瓜瓜握沙拉.確認版(2)-切換廣東A.xlsx | Y39: 莊子儀 | Z39: =IF($D39="",0,IF(COUNTIF($D$5:$D39,$D39)=1,1,0)) -> 1 | AA39: =IF(Z39=1,SUM($Z$5:$Z39),"") -> 6
A40: 下架 | B40: 新豐 | C40: 沙拉 | D40: 地瓜瓜握沙拉 | E40: 胡麻沙拉醬(114.07) | F40: 12 | G40: 公克 | H40: 71 | T40: V | U40: =IF($E40="","",COUNTIF($I40:$S40,"V")) -> 0 | V40: =IF($E40="","",IF(AND($T40="V",$U40>0),"⚠ 勾選矛盾",IF($T40="V","○ 免調理",IF($U40=0,"⚠ 資料缺漏",IF($U40=1,"▲ 單一設備依賴","OK"))))) -> ○ 免調理 | W40: =IF($E40="","",IF(AND($T40="V",$U40>0),"「無使用調理設備」不可與設備欄同時勾選，請擇一修正",IF($T40="V","免調理半成品（外購/僅切配等），不列入設備風險評估",IF($U40=0,"未勾選任何設備，請補填或勾選「無使用調理設備」",IF($U40=1,"僅依賴1台設備，須確認故障/排修時之備援製程","無異常"))))) -> 免調理半成品（外購/僅切配等），不列入設備風險評估 | X40: 1150603地瓜瓜握沙拉.確認版(2)-切換廣東A.xlsx | Y40: 莊子儀 | Z40: =IF($D40="",0,IF(COUNTIF($D$5:$D40,$D40)=1,1,0)) -> 0 | AA40: =IF(Z40=1,SUM($Z$5:$Z40),"")
A41: 下架 | B41: 新豐 | C41: 沙拉 | D41: 地瓜瓜握沙拉 | E41: 清洗切段廣東A1cm | F41: 7 | G41: 公克 | H41: 41 | T41: V | U41: =IF($E41="","",COUNTIF($I41:$S41,"V")) -> 0 | V41: =IF($E41="","",IF(AND($T41="V",$U41>0),"⚠ 勾選矛盾",IF($T41="V","○ 免調理",IF($U41=0,"⚠ 資料缺漏",IF($U41=1,"▲ 單一設備依賴","OK"))))) -> ○ 免調理 | W41: =IF($E41="","",IF(AND($T41="V",$U41>0),"「無使用調理設備」不可與設備欄同時勾選，請擇一修正",IF($T41="V","免調理半成品（外購/僅切配等），不列入設備風險評估",IF($U41=0,"未勾選任何設備，請補填或勾選「無使用調理設備」",IF($U41=1,"僅依賴1台設備，須確認故障/排修時之備援製程","無異常"))))) -> 免調理半成品（外購/僅切配等），不列入設備風險評估 | X41: 1150603地瓜瓜握沙拉.確認版(2)-切換廣東A.xlsx | Y41: 莊子儀 | Z41: =IF($D41="",0,IF(COUNTIF($D$5:$D41,$D41)=1,1,0)) -> 0 | AA41: =IF(Z41=1,SUM($Z$5:$Z41),"")
A42: 下架 | B42: 新豐 | C42: 沙拉 | D42: 地瓜瓜握沙拉 | E42: 清洗紫高麗菜絲 | F42: 10 | G42: 公克 | H42: 66 | T42: V | U42: =IF($E42="","",COUNTIF($I42:$S42,"V")) -> 0 | V42: =IF($E42="","",IF(AND($T42="V",$U42>0),"⚠ 勾選矛盾",IF($T42="V","○ 免調理",IF($U42=0,"⚠ 資料缺漏",IF($U42=1,"▲ 單一設備依賴","OK"))))) -> ○ 免調理 | W42: =IF($E42="","",IF(AND($T42="V",$U42>0),"「無使用調理設備」不可與設備欄同時勾選，請擇一修正",IF($T42="V","免調理半成品（外購/僅切配等），不列入設備風險評估",IF($U42=0,"未勾選任何設備，請補填或勾選「無使用調理設備」",IF($U42=1,"僅依賴1台設備，須確認故障/排修時之備援製程","無異常"))))) -> 免調理半成品（外購/僅切配等），不列入設備風險評估 | X42: 1150603地瓜瓜握沙拉.確認版(2)-切換廣東A.xlsx | Y42: 莊子儀 | Z42: =IF($D42="",0,IF(COUNTIF($D$5:$D42,$D42)=1,1,0)) -> 0 | AA42: =IF(Z42=1,SUM($Z$5:$Z42),"")
A43: 下架 | B43: 新豐 | C43: 沙拉 | D43: 地瓜瓜握沙拉 | E43: 清洗細切胡蘿蔔絲 | F43: 10 | G43: 公克 | H43: 60 | T43: V | U43: =IF($E43="","",COUNTIF($I43:$S43,"V")) -> 0 | V43: =IF($E43="","",IF(AND($T43="V",$U43>0),"⚠ 勾選矛盾",IF($T43="V","○ 免調理",IF($U43=0,"⚠ 資料缺漏",IF($U43=1,"▲ 單一設備依賴","OK"))))) -> ○ 免調理 | W43: =IF($E43="","",IF(AND($T43="V",$U43>0),"「無使用調理設備」不可與設備欄同時勾選，請擇一修正",IF($T43="V","免調理半成品（外購/僅切配等），不列入設備風險評估",IF($U43=0,"未勾選任何設備，請補填或勾選「無使用調理設備」",IF($U43=1,"僅依賴1台設備，須確認故障/排修時之備援製程","無異常"))))) -> 免調理半成品（外購/僅切配等），不列入設備風險評估 | X43: 1150603地瓜瓜握沙拉.確認版(2)-切換廣東A.xlsx | Y43: 莊子儀 | Z43: =IF($D43="",0,IF(COUNTIF($D$5:$D43,$D43)=1,1,0)) -> 0 | AA43: =IF(Z43=1,SUM($Z$5:$Z43),"")
A44: 下架 | B44: 新豐 | C44: 沙拉 | D44: 地瓜瓜握沙拉 | E44: 炒素鬆 | F44: 10 | G44: 公克 | H44: 61 | O44: V | U44: =IF($E44="","",COUNTIF($I44:$S44,"V")) -> 1 | V44: =IF($E44="","",IF(AND($T44="V",$U44>0),"⚠ 勾選矛盾",IF($T44="V","○ 免調理",IF($U44=0,"⚠ 資料缺漏",IF($U44=1,"▲ 單一設備依賴","OK"))))) -> ▲ 單一設備依賴 | W44: =IF($E44="","",IF(AND($T44="V",$U44>0),"「無使用調理設備」不可與設備欄同時勾選，請擇一修正",IF($T44="V","免調理半成品（外購/僅切配等），不列入設備風險評估",IF($U44=0,"未勾選任何設備，請補填或勾選「無使用調理設備」",IF($U44=1,"僅依賴1台設備，須確認故障/排修時之備援製程","無異常"))))) -> 僅依賴1台設備，須確認故障/排修時之備援製程 | X44: 1150603地瓜瓜握沙拉.確認版(2)-切換廣東A.xlsx | Y44: 莊子儀 | Z44: =IF($D44="",0,IF(COUNTIF($D$5:$D44,$D44)=1,1,0)) -> 0 | AA44: =IF(Z44=1,SUM($Z$5:$Z44),"")
A45: 下架 | B45: 新豐 | C45: 沙拉 | D45: 地瓜瓜握沙拉 | E45: 調製地瓜泥 | F45: 35 | G45: 公克 | H45: 67 | T45: V | U45: =IF($E45="","",COUNTIF($I45:$S45,"V")) -> 0 | V45: =IF($E45="","",IF(AND($T45="V",$U45>0),"⚠ 勾選矛盾",IF($T45="V","○ 免調理",IF($U45=0,"⚠ 資料缺漏",IF($U45=1,"▲ 單一設備依賴","OK"))))) -> ○ 免調理 | W45: =IF($E45="","",IF(AND($T45="V",$U45>0),"「無使用調理設備」不可與設備欄同時勾選，請擇一修正",IF($T45="V","免調理半成品（外購/僅切配等），不列入設備風險評估",IF($U45=0,"未勾選任何設備，請補填或勾選「無使用調理設備」",IF($U45=1,"僅依賴1台設備，須確認故障/排修時之備援製程","無異常"))))) -> 免調理半成品（外購/僅切配等），不列入設備風險評估 | X45: 1150603地瓜瓜握沙拉.確認版(2)-切換廣東A.xlsx | Y45: 莊子儀 | Z45: =IF($D45="",0,IF(COUNTIF($D$5:$D45,$D45)=1,1,0)) -> 0 | AA45: =IF(Z45=1,SUM($Z$5:$Z45),"")
A46: 下架 | B46: 新豐 | C46: 沙拉 | D46: 地瓜瓜握沙拉 | E46: 熟化帶皮黃肉地瓜滾刀7-13g | F46: 30 | G46: 公克 | H46: 100 | T46: V | U46: =IF($E46="","",COUNTIF($I46:$S46,"V")) -> 0 | V46: =IF($E46="","",IF(AND($T46="V",$U46>0),"⚠ 勾選矛盾",IF($T46="V","○ 免調理",IF($U46=0,"⚠ 資料缺漏",IF($U46=1,"▲ 單一設備依賴","OK"))))) -> ○ 免調理 | W46: =IF($E46="","",IF(AND($T46="V",$U46>0),"「無使用調理設備」不可與設備欄同時勾選，請擇一修正",IF($T46="V","免調理半成品（外購/僅切配等），不列入設備風險評估",IF($U46=0,"未勾選任何設備，請補填或勾選「無使用調理設備」",IF($U46=1,"僅依賴1台設備，須確認故障/排修時之備援製程","無異常"))))) -> 免調理半成品（外購/僅切配等），不列入設備風險評估 | X46: 1150603地瓜瓜握沙拉.確認版(2)-切換廣東A.xlsx | Y46: 莊子儀 | Z46: =IF($D46="",0,IF(COUNTIF($D$5:$D46,$D46)=1,1,0)) -> 0 | AA46: =IF(Z46=1,SUM($Z$5:$Z46),"")
A47: 架上 | B47: 新豐 | C47: 調理麵包 | D47: 香雞蛋堡 | E47: 馬芬堡 | F47: 1 | G47: 個 | H47: 2000 | T47: V | U47: =IF($E47="","",COUNTIF($I47:$S47,"V")) -> 0 | V47: =IF($E47="","",IF(AND($T47="V",$U47>0),"⚠ 勾選矛盾",IF($T47="V","○ 免調理",IF($U47=0,"⚠ 資料缺漏",IF($U47=1,"▲ 單一設備依賴","OK"))))) -> ○ 免調理 | W47: =IF($E47="","",IF(AND($T47="V",$U47>0),"「無使用調理設備」不可與設備欄同時勾選，請擇一修正",IF($T47="V","免調理半成品（外購/僅切配等），不列入設備風險評估",IF($U47=0,"未勾選任何設備，請補填或勾選「無使用調理設備」",IF($U47=1,"僅依賴1台設備，須確認故障/排修時之備援製程","無異常"))))) -> 免調理半成品（外購/僅切配等），不列入設備風險評估 | X47: 1120809香雞蛋堡.確認版(16)切換蜂蜜芥末醬、法式芥末籽醬 | Y47: 莊子儀 | Z47: =IF($D47="",0,IF(COUNTIF($D$5:$D47,$D47)=1,1,0)) -> 1 | AA47: =IF(Z47=1,SUM($Z$5:$Z47),"") -> 7
A48: 架上 | B48: 新豐 | C48: 調理麵包 | D48: 香雞蛋堡 | E48: 全熟香雞堡CL(全) | F48: 1 | G48: 個 | H48: 100 | T48: V | U48: =IF($E48="","",COUNTIF($I48:$S48,"V")) -> 0 | V48: =IF($E48="","",IF(AND($T48="V",$U48>0),"⚠ 勾選矛盾",IF($T48="V","○ 免調理",IF($U48=0,"⚠ 資料缺漏",IF($U48=1,"▲ 單一設備依賴","OK"))))) -> ○ 免調理 | W48: =IF($E48="","",IF(AND($T48="V",$U48>0),"「無使用調理設備」不可與設備欄同時勾選，請擇一修正",IF($T48="V","免調理半成品（外購/僅切配等），不列入設備風險評估",IF($U48=0,"未勾選任何設備，請補填或勾選「無使用調理設備」",IF($U48=1,"僅依賴1台設備，須確認故障/排修時之備援製程","無異常"))))) -> 免調理半成品（外購/僅切配等），不列入設備風險評估 | X48: 1120809香雞蛋堡.確認版(16)切換蜂蜜芥末醬、法式芥末籽醬 | Y48: 莊子儀 | Z48: =IF($D48="",0,IF(COUNTIF($D$5:$D48,$D48)=1,1,0)) -> 0 | AA48: =IF(Z48=1,SUM($Z$5:$Z48),"")
A49: 架上 | B49: 新豐 | C49: 調理麵包 | D49: 香雞蛋堡 | E49: 烤太陽蛋(112年) | F49: 1 | G49: 個 | H49: 100 | K49: V | U49: =IF($E49="","",COUNTIF($I49:$S49,"V")) -> 1 | V49: =IF($E49="","",IF(AND($T49="V",$U49>0),"⚠ 勾選矛盾",IF($T49="V","○ 免調理",IF($U49=0,"⚠ 資料缺漏",IF($U49=1,"▲ 單一設備依賴","OK"))))) -> ▲ 單一設備依賴 | W49: =IF($E49="","",IF(AND($T49="V",$U49>0),"「無使用調理設備」不可與設備欄同時勾選，請擇一修正",IF($T49="V","免調理半成品（外購/僅切配等），不列入設備風險評估",IF($U49=0,"未勾選任何設備，請補填或勾選「無使用調理設備」",IF($U49=1,"僅依賴1台設備，須確認故障/排修時之備援製程","無異常"))))) -> 僅依賴1台設備，須確認故障/排修時之備援製程 | X49: 1120809香雞蛋堡.確認版(16)切換蜂蜜芥末醬、法式芥末籽醬 | Y49: 莊子儀 | Z49: =IF($D49="",0,IF(COUNTIF($D$5:$D49,$D49)=1,1,0)) -> 0 | AA49: =IF(Z49=1,SUM($Z$5:$Z49),"")
A50: 架上 | B50: 新豐 | C50: 調理麵包 | D50: 香雞蛋堡 | E50: 拌法式芥末沙拉醬(112年) | F50: 8 | G50: 公克 | H50: 95 | T50: V | U50: =IF($E50="","",COUNTIF($I50:$S50,"V")) -> 0 | V50: =IF($E50="","",IF(AND($T50="V",$U50>0),"⚠ 勾選矛盾",IF($T50="V","○ 免調理",IF($U50=0,"⚠ 資料缺漏",IF($U50=1,"▲ 單一設備依賴","OK"))))) -> ○ 免調理 | W50: =IF($E50="","",IF(AND($T50="V",$U50>0),"「無使用調理設備」不可與設備欄同時勾選，請擇一修正",IF($T50="V","免調理半成品（外購/僅切配等），不列入設備風險評估",IF($U50=0,"未勾選任何設備，請補填或勾選「無使用調理設備」",IF($U50=1,"僅依賴1台設備，須確認故障/排修時之備援製程","無異常"))))) -> 免調理半成品（外購/僅切配等），不列入設備風險評估 | X50: 1120809香雞蛋堡.確認版(16)切換蜂蜜芥末醬、法式芥末籽醬 | Y50: 莊子儀 | Z50: =IF($D50="",0,IF(COUNTIF($D$5:$D50,$D50)=1,1,0)) -> 0 | AA50: =IF(Z50=1,SUM($Z$5:$Z50),"")
A51: 架上 | B51: 新豐 | C51: 調理麵包 | D51: 經典雙牛起司堡 | E51: 四吋芝麻漢堡 | F51: 1 | G51: 個 | H51: 2000 | T51: V | U51: =IF($E51="","",COUNTIF($I51:$S51,"V")) -> 0 | V51: =IF($E51="","",IF(AND($T51="V",$U51>0),"⚠ 勾選矛盾",IF($T51="V","○ 免調理",IF($U51=0,"⚠ 資料缺漏",IF($U51=1,"▲ 單一設備依賴","OK"))))) -> ○ 免調理 | W51: =IF($E51="","",IF(AND($T51="V",$U51>0),"「無使用調理設備」不可與設備欄同時勾選，請擇一修正",IF($T51="V","免調理半成品（外購/僅切配等），不列入設備風險評估",IF($U51=0,"未勾選任何設備，請補填或勾選「無使用調理設備」",IF($U51=1,"僅依賴1台設備，須確認故障/排修時之備援製程","無異常"))))) -> 免調理半成品（外購/僅切配等），不列入設備風險評估 | X51: 1130110經典雙牛起司堡.確認版(9)FF14改包、修改步留 | Y51: 莊子儀 | Z51: =IF($D51="",0,IF(COUNTIF($D$5:$D51,$D51)=1,1,0)) -> 1 | AA51: =IF(Z51=1,SUM($Z$5:$Z51),"") -> 8
A52: 架上 | B52: 新豐 | C52: 調理麵包 | D52: 經典雙牛起司堡 | E52: 潔淨切達芝士片 | F52: 1 | G52: 個 | H52: 100 | T52: V | U52: =IF($E52="","",COUNTIF($I52:$S52,"V")) -> 0 | V52: =IF($E52="","",IF(AND($T52="V",$U52>0),"⚠ 勾選矛盾",IF($T52="V","○ 免調理",IF($U52=0,"⚠ 資料缺漏",IF($U52=1,"▲ 單一設備依賴","OK"))))) -> ○ 免調理 | W52: =IF($E52="","",IF(AND($T52="V",$U52>0),"「無使用調理設備」不可與設備欄同時勾選，請擇一修正",IF($T52="V","免調理半成品（外購/僅切配等），不列入設備風險評估",IF($U52=0,"未勾選任何設備，請補填或勾選「無使用調理設備」",IF($U52=1,"僅依賴1台設備，須確認故障/排修時之備援製程","無異常"))))) -> 免調理半成品（外購/僅切配等），不列入設備風險評估 | X52: 1130110經典雙牛起司堡.確認版(9)FF14改包、修改步留 | Y52: 莊子儀 | Z52: =IF($D52="",0,IF(COUNTIF($D$5:$D52,$D52)=1,1,0)) -> 0 | AA52: =IF(Z52=1,SUM($Z$5:$Z52),"")
A53: 架上 | B53: 新豐 | C53: 調理麵包 | D53: 經典雙牛起司堡 | E53: 酸黃瓜碎(新) | F53: 6 | G53: 公克 | H53: 100 | T53: V | U53: =IF($E53="","",COUNTIF($I53:$S53,"V")) -> 0 | V53: =IF($E53="","",IF(AND($T53="V",$U53>0),"⚠ 勾選矛盾",IF($T53="V","○ 免調理",IF($U53=0,"⚠ 資料缺漏",IF($U53=1,"▲ 單一設備依賴","OK"))))) -> ○ 免調理 | W53: =IF($E53="","",IF(AND($T53="V",$U53>0),"「無使用調理設備」不可與設備欄同時勾選，請擇一修正",IF($T53="V","免調理半成品（外購/僅切配等），不列入設備風險評估",IF($U53=0,"未勾選任何設備，請補填或勾選「無使用調理設備」",IF($U53=1,"僅依賴1台設備，須確認故障/排修時之備援製程","無異常"))))) -> 免調理半成品（外購/僅切配等），不列入設備風險評估 | X53: 1130110經典雙牛起司堡.確認版(9)FF14改包、修改步留 | Y53: 莊子儀 | Z53: =IF($D53="",0,IF(COUNTIF($D$5:$D53,$D53)=1,1,0)) -> 0 | AA53: =IF(Z53=1,SUM($Z$5:$Z53),"")
A54: 架上 | B54: 新豐 | C54: 調理麵包 | D54: 經典雙牛起司堡 | E54: 烤牛肉餅(CL) | F54: 2 | G54: 個 | H54: 100 | K54: V | U54: =IF($E54="","",COUNTIF($I54:$S54,"V")) -> 1 | V54: =IF($E54="","",IF(AND($T54="V",$U54>0),"⚠ 勾選矛盾",IF($T54="V","○ 免調理",IF($U54=0,"⚠ 資料缺漏",IF($U54=1,"▲ 單一設備依賴","OK"))))) -> ▲ 單一設備依賴 | W54: =IF($E54="","",IF(AND($T54="V",$U54>0),"「無使用調理設備」不可與設備欄同時勾選，請擇一修正",IF($T54="V","免調理半成品（外購/僅切配等），不列入設備風險評估",IF($U54=0,"未勾選任何設備，請補填或勾選「無使用調理設備」",IF($U54=1,"僅依賴1台設備，須確認故障/排修時之備援製程","無異常"))))) -> 僅依賴1台設備，須確認故障/排修時之備援製程 | X54: 1130110經典雙牛起司堡.確認版(9)FF14改包、修改步留 | Y54: 莊子儀 | Z54: =IF($D54="",0,IF(COUNTIF($D$5:$D54,$D54)=1,1,0)) -> 0 | AA54: =IF(Z54=1,SUM($Z$5:$Z54),"")
A55: 架上 | B55: 新豐 | C55: 調理麵包 | D55: 經典雙牛起司堡 | E55: 111年自製茄汁醬 | F55: 8 | G55: 公克 | H55: 95 | T55: V | U55: =IF($E55="","",COUNTIF($I55:$S55,"V")) -> 0 | V55: =IF($E55="","",IF(AND($T55="V",$U55>0),"⚠ 勾選矛盾",IF($T55="V","○ 免調理",IF($U55=0,"⚠ 資料缺漏",IF($U55=1,"▲ 單一設備依賴","OK"))))) -> ○ 免調理 | W55: =IF($E55="","",IF(AND($T55="V",$U55>0),"「無使用調理設備」不可與設備欄同時勾選，請擇一修正",IF($T55="V","免調理半成品（外購/僅切配等），不列入設備風險評估",IF($U55=0,"未勾選任何設備，請補填或勾選「無使用調理設備」",IF($U55=1,"僅依賴1台設備，須確認故障/排修時之備援製程","無異常"))))) -> 免調理半成品（外購/僅切配等），不列入設備風險評估 | X55: 1130110經典雙牛起司堡.確認版(9)FF14改包、修改步留 | Y55: 莊子儀 | Z55: =IF($D55="",0,IF(COUNTIF($D$5:$D55,$D55)=1,1,0)) -> 0 | AA55: =IF(Z55=1,SUM($Z$5:$Z55),"")
A56: 架上 | B56: 新豐 | C56: 調理麵包 | D56: 豬肉起司堡 | E56: 烤豬肉餅(CL) | F56: 1 | G56: 個 | H56: 100 | K56: V | U56: =IF($E56="","",COUNTIF($I56:$S56,"V")) -> 1 | V56: =IF($E56="","",IF(AND($T56="V",$U56>0),"⚠ 勾選矛盾",IF($T56="V","○ 免調理",IF($U56=0,"⚠ 資料缺漏",IF($U56=1,"▲ 單一設備依賴","OK"))))) -> ▲ 單一設備依賴 | W56: =IF($E56="","",IF(AND($T56="V",$U56>0),"「無使用調理設備」不可與設備欄同時勾選，請擇一修正",IF($T56="V","免調理半成品（外購/僅切配等），不列入設備風險評估",IF($U56=0,"未勾選任何設備，請補填或勾選「無使用調理設備」",IF($U56=1,"僅依賴1台設備，須確認故障/排修時之備援製程","無異常"))))) -> 僅依賴1台設備，須確認故障/排修時之備援製程 | X56: 1081106 豬肉起司堡.確認版(20)拉除國產豬 | Y56: 莊子儀 | Z56: =IF($D56="",0,IF(COUNTIF($D$5:$D56,$D56)=1,1,0)) -> 1 | AA56: =IF(Z56=1,SUM($Z$5:$Z56),"") -> 9
A57: 架上 | B57: 新豐 | C57: 調理麵包 | D57: 豬肉起司堡 | E57: 解凍馬芬堡 | F57: 1 | G57: 個 | H57: 2000 | T57: V | U57: =IF($E57="","",COUNTIF($I57:$S57,"V")) -> 0 | V57: =IF($E57="","",IF(AND($T57="V",$U57>0),"⚠ 勾選矛盾",IF($T57="V","○ 免調理",IF($U57=0,"⚠ 資料缺漏",IF($U57=1,"▲ 單一設備依賴","OK"))))) -> ○ 免調理 | W57: =IF($E57="","",IF(AND($T57="V",$U57>0),"「無使用調理設備」不可與設備欄同時勾選，請擇一修正",IF($T57="V","免調理半成品（外購/僅切配等），不列入設備風險評估",IF($U57=0,"未勾選任何設備，請補填或勾選「無使用調理設備」",IF($U57=1,"僅依賴1台設備，須確認故障/排修時之備援製程","無異常"))))) -> 免調理半成品（外購/僅切配等），不列入設備風險評估 | X57: 1081106 豬肉起司堡.確認版(20)拉除國產豬 | Y57: 莊子儀 | Z57: =IF($D57="",0,IF(COUNTIF($D$5:$D57,$D57)=1,1,0)) -> 0 | AA57: =IF(Z57=1,SUM($Z$5:$Z57),"")
A58: 架上 | B58: 新豐 | C58: 調理麵包 | D58: 豬肉起司堡 | E58: 潔淨切達芝士片 | F58: 1 | G58: 個 | H58: 100 | T58: V | U58: =IF($E58="","",COUNTIF($I58:$S58,"V")) -> 0 | V58: =IF($E58="","",IF(AND($T58="V",$U58>0),"⚠ 勾選矛盾",IF($T58="V","○ 免調理",IF($U58=0,"⚠ 資料缺漏",IF($U58=1,"▲ 單一設備依賴","OK"))))) -> ○ 免調理 | W58: =IF($E58="","",IF(AND($T58="V",$U58>0),"「無使用調理設備」不可與設備欄同時勾選，請擇一修正",IF($T58="V","免調理半成品（外購/僅切配等），不列入設備風險評估",IF($U58=0,"未勾選任何設備，請補填或勾選「無使用調理設備」",IF($U58=1,"僅依賴1台設備，須確認故障/排修時之備援製程","無異常"))))) -> 免調理半成品（外購/僅切配等），不列入設備風險評估 | X58: 1081106 豬肉起司堡.確認版(20)拉除國產豬 | Y58: 莊子儀 | Z58: =IF($D58="",0,IF(COUNTIF($D$5:$D58,$D58)=1,1,0)) -> 0 | AA58: =IF(Z58=1,SUM($Z$5:$Z58),"")
A59: 架上 | B59: 新豐 | C59: 調理麵包 | D59: 豬肉起司蛋堡 | E59: 馬芬堡 | F59: 1 | G59: 個 | H59: 2000 | T59: V | U59: =IF($E59="","",COUNTIF($I59:$S59,"V")) -> 0 | V59: =IF($E59="","",IF(AND($T59="V",$U59>0),"⚠ 勾選矛盾",IF($T59="V","○ 免調理",IF($U59=0,"⚠ 資料缺漏",IF($U59=1,"▲ 單一設備依賴","OK"))))) -> ○ 免調理 | W59: =IF($E59="","",IF(AND($T59="V",$U59>0),"「無使用調理設備」不可與設備欄同時勾選，請擇一修正",IF($T59="V","免調理半成品（外購/僅切配等），不列入設備風險評估",IF($U59=0,"未勾選任何設備，請補填或勾選「無使用調理設備」",IF($U59=1,"僅依賴1台設備，須確認故障/排修時之備援製程","無異常"))))) -> 免調理半成品（外購/僅切配等），不列入設備風險評估 | X59: 1081023豬肉起司蛋堡.確認版(28)新增硫化物警語 (1) | Y59: 莊子儀 | Z59: =IF($D59="",0,IF(COUNTIF($D$5:$D59,$D59)=1,1,0)) -> 1 | AA59: =IF(Z59=1,SUM($Z$5:$Z59),"") -> 10
A60: 架上 | B60: 新豐 | C60: 調理麵包 | D60: 豬肉起司蛋堡 | E60: 潔淨切達芝士片 | F60: 1 | G60: 個 | H60: 100 | T60: V | U60: =IF($E60="","",COUNTIF($I60:$S60,"V")) -> 0 | V60: =IF($E60="","",IF(AND($T60="V",$U60>0),"⚠ 勾選矛盾",IF($T60="V","○ 免調理",IF($U60=0,"⚠ 資料缺漏",IF($U60=1,"▲ 單一設備依賴","OK"))))) -> ○ 免調理 | W60: =IF($E60="","",IF(AND($T60="V",$U60>0),"「無使用調理設備」不可與設備欄同時勾選，請擇一修正",IF($T60="V","免調理半成品（外購/僅切配等），不列入設備風險評估",IF($U60=0,"未勾選任何設備，請補填或勾選「無使用調理設備」",IF($U60=1,"僅依賴1台設備，須確認故障/排修時之備援製程","無異常"))))) -> 免調理半成品（外購/僅切配等），不列入設備風險評估 | X60: 1081023豬肉起司蛋堡.確認版(28)新增硫化物警語 (1) | Y60: 莊子儀 | Z60: =IF($D60="",0,IF(COUNTIF($D$5:$D60,$D60)=1,1,0)) -> 0 | AA60: =IF(Z60=1,SUM($Z$5:$Z60),"")
A61: 架上 | B61: 新豐 | C61: 調理麵包 | D61: 豬肉起司蛋堡 | E61: 烤豬肉餅(CL) | F61: 1 | G61: 個 | H61: 100 | K61: V | U61: =IF($E61="","",COUNTIF($I61:$S61,"V")) -> 1 | V61: =IF($E61="","",IF(AND($T61="V",$U61>0),"⚠ 勾選矛盾",IF($T61="V","○ 免調理",IF($U61=0,"⚠ 資料缺漏",IF($U61=1,"▲ 單一設備依賴","OK"))))) -> ▲ 單一設備依賴 | W61: =IF($E61="","",IF(AND($T61="V",$U61>0),"「無使用調理設備」不可與設備欄同時勾選，請擇一修正",IF($T61="V","免調理半成品（外購/僅切配等），不列入設備風險評估",IF($U61=0,"未勾選任何設備，請補填或勾選「無使用調理設備」",IF($U61=1,"僅依賴1台設備，須確認故障/排修時之備援製程","無異常"))))) -> 僅依賴1台設備，須確認故障/排修時之備援製程 | X61: 1081023豬肉起司蛋堡.確認版(28)新增硫化物警語 (1) | Y61: 莊子儀 | Z61: =IF($D61="",0,IF(COUNTIF($D$5:$D61,$D61)=1,1,0)) -> 0 | AA61: =IF(Z61=1,SUM($Z$5:$Z61),"")
A62: 架上 | B62: 新豐 | C62: 調理麵包 | D62: 豬肉起司蛋堡 | E62: 烤厚蛋片(新加玻) | F62: 1 | G62: 個 | H62: 100 | K62: V | U62: =IF($E62="","",COUNTIF($I62:$S62,"V")) -> 1 | V62: =IF($E62="","",IF(AND($T62="V",$U62>0),"⚠ 勾選矛盾",IF($T62="V","○ 免調理",IF($U62=0,"⚠ 資料缺漏",IF($U62=1,"▲ 單一設備依賴","OK"))))) -> ▲ 單一設備依賴 | W62: =IF($E62="","",IF(AND($T62="V",$U62>0),"「無使用調理設備」不可與設備欄同時勾選，請擇一修正",IF($T62="V","免調理半成品（外購/僅切配等），不列入設備風險評估",IF($U62=0,"未勾選任何設備，請補填或勾選「無使用調理設備」",IF($U62=1,"僅依賴1台設備，須確認故障/排修時之備援製程","無異常"))))) -> 僅依賴1台設備，須確認故障/排修時之備援製程 | X62: 1081023豬肉起司蛋堡.確認版(28)新增硫化物警語 (1) | Y62: 莊子儀 | Z62: =IF($D62="",0,IF(COUNTIF($D$5:$D62,$D62)=1,1,0)) -> 0 | AA62: =IF(Z62=1,SUM($Z$5:$Z62),"")
A63: 架上 | B63: 新豐 | C63: 調理麵包 | D63: 美式雞腿堡 | E63: 義美4吋芝麻漢堡 | F63: 1 | G63: 個 | H63: 2000 | T63: V | U63: =IF($E63="","",COUNTIF($I63:$S63,"V")) -> 0 | V63: =IF($E63="","",IF(AND($T63="V",$U63>0),"⚠ 勾選矛盾",IF($T63="V","○ 免調理",IF($U63=0,"⚠ 資料缺漏",IF($U63=1,"▲ 單一設備依賴","OK"))))) -> ○ 免調理 | W63: =IF($E63="","",IF(AND($T63="V",$U63>0),"「無使用調理設備」不可與設備欄同時勾選，請擇一修正",IF($T63="V","免調理半成品（外購/僅切配等），不列入設備風險評估",IF($U63=0,"未勾選任何設備，請補填或勾選「無使用調理設備」",IF($U63=1,"僅依賴1台設備，須確認故障/排修時之備援製程","無異常"))))) -> 免調理半成品（外購/僅切配等），不列入設備風險評估 | X63: 1140709美式雞腿堡.確認版(5)修改沙拉醬 | Y63: 莊子儀 | Z63: =IF($D63="",0,IF(COUNTIF($D$5:$D63,$D63)=1,1,0)) -> 1 | AA63: =IF(Z63=1,SUM($Z$5:$Z63),"") -> 11
