Workbook

Sheet 總覽
B1: 商品半成品與調理設備應用盤點｜總覽目錄
B3: 盤點基本資訊（黃底請填寫） | E3: 本廠總體統計（自動計算）
B4: 盤點工廠 | C4: 長家 | E4: 生產總品項數 | F4: =SUM(MAX('18℃'!$Z$5:$Z$304),MAX('4℃飯'!$Z$5:$Z$304),MAX('4℃麵'!$AA$5:$AA$292),MAX('4℃其他'!$AA$5:$AA$304),MAX(冷凍品!$AA$5:$AA$304)) -> 40
B5: 盤點日期 | C5: 2026.7.22 | E5: 半成品總筆數 | F5: =COUNTA('18℃'!$D$5:$D$304)+COUNTA('4℃飯'!$D$5:$D$304)+COUNTA('4℃麵'!$E$5:$E$292)+COUNTA('4℃其他'!$E$5:$E$304)+COUNTA(冷凍品!$E$5:$E$304) -> 198
B6: 盤點負責人 | C6: 朱笠揚 | E6: 資料缺漏/矛盾筆數 | F6: =COUNTIF('18℃'!$U$5:$U$304,"⚠*")+COUNTIF('4℃飯'!$U$5:$U$304,"⚠*")+COUNTIF('4℃麵'!$V$5:$V$292,"⚠*")+COUNTIF('4℃其他'!$V$5:$V$304,"⚠*")+COUNTIF(冷凍品!$V$5:$V$304,"⚠*") -> 0
E7: 單一設備依賴筆數 | F7: =COUNTIF('18℃'!$U$5:$U$304,"▲ 單一設備依賴")+COUNTIF('4℃飯'!$U$5:$U$304,"▲ 單一設備依賴")+COUNTIF('4℃麵'!$V$5:$V$292,"▲ 單一設備依賴")+COUNTIF('4℃其他'!$V$5:$V$304,"▲ 單一設備依賴")+COUNTIF(冷凍品!$V$5:$V$304,"▲ 單一設備依賴") -> 141
E8: 免調理半成品筆數 | F8: =COUNTIF('18℃'!$U$5:$U$304,"○ 免調理")+COUNTIF('4℃飯'!$U$5:$U$304,"○ 免調理")+COUNTIF('4℃麵'!$V$5:$V$292,"○ 免調理")+COUNTIF('4℃其他'!$V$5:$V$304,"○ 免調理")+COUNTIF(冷凍品!$V$5:$V$304,"○ 免調理") -> 51
B10: 商品分類分布
B11: 分類 | C11: 品項數 | D11: 品項佔比 | E11: 半成品筆數 | F11: 半成品佔比
B12: 18℃ | C12: =MAX('18℃'!$Z$5:$Z$304) -> 0 | D12: =IF($F$4=0,0,C12/$F$4) -> 0 | E12: =COUNTA('18℃'!$D$5:$D$304) -> 0 | F12: =IF($F$5=0,0,E12/$F$5) -> 0
B13: 4℃飯 | C13: =MAX('4℃飯'!$Z$5:$Z$304) -> 0 | D13: =IF($F$4=0,0,C13/$F$4) -> 0 | E13: =COUNTA('4℃飯'!$D$5:$D$304) -> 0 | F13: =IF($F$5=0,0,E13/$F$5) -> 0
B14: 4℃麵 | C14: =MAX('4℃麵'!$AA$5:$AA$292) -> 26 | D14: =IF($F$4=0,0,C14/$F$4) -> 0.65 | E14: =COUNTA('4℃麵'!$E$5:$E$292) -> 148 | F14: =IF($F$5=0,0,E14/$F$5) -> 0.74747475
B15: 4℃其他 | C15: =MAX('4℃其他'!$AA$5:$AA$304) -> 5 | D15: =IF($F$4=0,0,C15/$F$4) -> 0.125 | E15: =COUNTA('4℃其他'!$E$5:$E$304) -> 21 | F15: =IF($F$5=0,0,E15/$F$5) -> 0.10606061
B16: 冷凍品 | C16: =MAX(冷凍品!$AA$5:$AA$304) -> 9 | D16: =IF($F$4=0,0,C16/$F$4) -> 0.225 | E16: =COUNTA(冷凍品!$E$5:$E$304) -> 29 | F16: =IF($F$5=0,0,E16/$F$5) -> 0.14646465
B17: 合計 | C17: =SUM(C12:C16) -> 40 | E17: =SUM(E12:E16) -> 198
B19: 商品目錄（自動列出各分頁不重複品項，勿手動修改）
B20: 18℃ | C20: 4℃飯 | D20: 4℃麵 | E20: 4℃其他 | F20: 冷凍品
B21: ="品項數："&MAX('18℃'!$Z$5:$Z$304) -> 品項數：0 | C21: ="品項數："&MAX('4℃飯'!$Z$5:$Z$304) -> 品項數：0 | D21: ="品項數："&MAX('4℃麵'!$AA$5:$AA$292) -> 品項數：26 | E21: ="品項數："&MAX('4℃其他'!$AA$5:$AA$304) -> 品項數：5 | F21: ="品項數："&MAX(冷凍品!$AA$5:$AA$304) -> 品項數：9
B22: =IF(1>MAX('18℃'!$Z$5:$Z$304),"",HYPERLINK("#'18℃'!C"&(MATCH(1,'18℃'!$Z$5:$Z$304,0)+4),INDEX('18℃'!$C$5:$C$304,MATCH(1,'18℃'!$Z$5:$Z$304,0)))) | C22: =IF(1>MAX('4℃飯'!$Z$5:$Z$304),"",HYPERLINK("#'4℃飯'!C"&(MATCH(1,'4℃飯'!$Z$5:$Z$304,0)+4),INDEX('4℃飯'!$C$5:$C$304,MATCH(1,'4℃飯'!$Z$5:$Z$304,0)))) | D22: =IF(1>MAX('4℃麵'!$AA$5:$AA$292),"",HYPERLINK("#'4℃麵'!D"&(MATCH(1,'4℃麵'!$AA$5:$AA$292,0)+4),INDEX('4℃麵'!$D$5:$D$292,MATCH(1,'4℃麵'!$AA$5:$AA$292,0)))) -> 金沙豆腐義大利麵 | E22: =IF(1>MAX('4℃其他'!$AA$5:$AA$304),"",HYPERLINK("#'4℃其他'!D"&(MATCH(1,'4℃其他'!$AA$5:$AA$304,0)+4),INDEX('4℃其他'!$D$5:$D$304,MATCH(1,'4℃其他'!$AA$5:$AA$304,0)))) -> 韓式炒冬粉 | F22: =IF(1>MAX('冷凍品'!$AA$5:$AA$304),"",HYPERLINK("#'冷凍品'!D"&(MATCH(1,'冷凍品'!$AA$5:$AA$304,0)+4),INDEX('冷凍品'!$D$5:$D$304,MATCH(1,'冷凍品'!$AA$5:$AA$304,0)))) -> 奶油蘑菇培根義大利麵
B23: =IF(2>MAX('18℃'!$Z$5:$Z$304),"",HYPERLINK("#'18℃'!C"&(MATCH(2,'18℃'!$Z$5:$Z$304,0)+4),INDEX('18℃'!$C$5:$C$304,MATCH(2,'18℃'!$Z$5:$Z$304,0)))) | C23: =IF(2>MAX('4℃飯'!$Z$5:$Z$304),"",HYPERLINK("#'4℃飯'!C"&(MATCH(2,'4℃飯'!$Z$5:$Z$304,0)+4),INDEX('4℃飯'!$C$5:$C$304,MATCH(2,'4℃飯'!$Z$5:$Z$304,0)))) | D23: =IF(2>MAX('4℃麵'!$AA$5:$AA$292),"",HYPERLINK("#'4℃麵'!D"&(MATCH(2,'4℃麵'!$AA$5:$AA$292,0)+4),INDEX('4℃麵'!$D$5:$D$292,MATCH(2,'4℃麵'!$AA$5:$AA$292,0)))) -> 奶油培根義大利麵RN | E23: =IF(2>MAX('4℃其他'!$AA$5:$AA$304),"",HYPERLINK("#'4℃其他'!D"&(MATCH(2,'4℃其他'!$AA$5:$AA$304,0)+4),INDEX('4℃其他'!$D$5:$D$304,MATCH(2,'4℃其他'!$AA$5:$AA$304,0)))) -> 小滷青蔬 | F23: =IF(2>MAX('冷凍品'!$AA$5:$AA$304),"",HYPERLINK("#'冷凍品'!D"&(MATCH(2,'冷凍品'!$AA$5:$AA$304,0)+4),INDEX('冷凍品'!$D$5:$D$304,MATCH(2,'冷凍品'!$AA$5:$AA$304,0)))) -> 青醬蛤蜊義大利麵
B24: =IF(3>MAX('18℃'!$Z$5:$Z$304),"",HYPERLINK("#'18℃'!C"&(MATCH(3,'18℃'!$Z$5:$Z$304,0)+4),INDEX('18℃'!$C$5:$C$304,MATCH(3,'18℃'!$Z$5:$Z$304,0)))) | C24: =IF(3>MAX('4℃飯'!$Z$5:$Z$304),"",HYPERLINK("#'4℃飯'!C"&(MATCH(3,'4℃飯'!$Z$5:$Z$304,0)+4),INDEX('4℃飯'!$C$5:$C$304,MATCH(3,'4℃飯'!$Z$5:$Z$304,0)))) | D24: =IF(3>MAX('4℃麵'!$AA$5:$AA$292),"",HYPERLINK("#'4℃麵'!D"&(MATCH(3,'4℃麵'!$AA$5:$AA$292,0)+4),INDEX('4℃麵'!$D$5:$D$292,MATCH(3,'4℃麵'!$AA$5:$AA$292,0)))) -> 奶油鮮蝦明太子細扁麵 | E24: =IF(3>MAX('4℃其他'!$AA$5:$AA$304),"",HYPERLINK("#'4℃其他'!D"&(MATCH(3,'4℃其他'!$AA$5:$AA$304,0)+4),INDEX('4℃其他'!$D$5:$D$304,MATCH(3,'4℃其他'!$AA$5:$AA$304,0)))) -> 香濃起司馬鈴薯 | F24: =IF(3>MAX('冷凍品'!$AA$5:$AA$304),"",HYPERLINK("#'冷凍品'!D"&(MATCH(3,'冷凍品'!$AA$5:$AA$304,0)+4),INDEX('冷凍品'!$D$5:$D$304,MATCH(3,'冷凍品'!$AA$5:$AA$304,0)))) -> 剝皮辣椒細扁麵
B25: =IF(4>MAX('18℃'!$Z$5:$Z$304),"",HYPERLINK("#'18℃'!C"&(MATCH(4,'18℃'!$Z$5:$Z$304,0)+4),INDEX('18℃'!$C$5:$C$304,MATCH(4,'18℃'!$Z$5:$Z$304,0)))) | C25: =IF(4>MAX('4℃飯'!$Z$5:$Z$304),"",HYPERLINK("#'4℃飯'!C"&(MATCH(4,'4℃飯'!$Z$5:$Z$304,0)+4),INDEX('4℃飯'!$C$5:$C$304,MATCH(4,'4℃飯'!$Z$5:$Z$304,0)))) | D25: =IF(4>MAX('4℃麵'!$AA$5:$AA$292),"",HYPERLINK("#'4℃麵'!D"&(MATCH(4,'4℃麵'!$AA$5:$AA$292,0)+4),INDEX('4℃麵'!$D$5:$D$292,MATCH(4,'4℃麵'!$AA$5:$AA$292,0)))) -> 白酒清炒鮮蛤義大利麵 | E25: =IF(4>MAX('4℃其他'!$AA$5:$AA$304),"",HYPERLINK("#'4℃其他'!D"&(MATCH(4,'4℃其他'!$AA$5:$AA$304,0)+4),INDEX('4℃其他'!$D$5:$D$304,MATCH(4,'4℃其他'!$AA$5:$AA$304,0)))) -> 台式蒜味小寬粉 | F25: =IF(4>MAX('冷凍品'!$AA$5:$AA$304),"",HYPERLINK("#'冷凍品'!D"&(MATCH(4,'冷凍品'!$AA$5:$AA$304,0)+4),INDEX('冷凍品'!$D$5:$D$304,MATCH(4,'冷凍品'!$AA$5:$AA$304,0)))) -> 清炒蛤蜊義大利麵
B26: =IF(5>MAX('18℃'!$Z$5:$Z$304),"",HYPERLINK("#'18℃'!C"&(MATCH(5,'18℃'!$Z$5:$Z$304,0)+4),INDEX('18℃'!$C$5:$C$304,MATCH(5,'18℃'!$Z$5:$Z$304,0)))) | C26: =IF(5>MAX('4℃飯'!$Z$5:$Z$304),"",HYPERLINK("#'4℃飯'!C"&(MATCH(5,'4℃飯'!$Z$5:$Z$304,0)+4),INDEX('4℃飯'!$C$5:$C$304,MATCH(5,'4℃飯'!$Z$5:$Z$304,0)))) | D26: =IF(5>MAX('4℃麵'!$AA$5:$AA$292),"",HYPERLINK("#'4℃麵'!D"&(MATCH(5,'4℃麵'!$AA$5:$AA$292,0)+4),INDEX('4℃麵'!$D$5:$D$292,MATCH(5,'4℃麵'!$AA$5:$AA$292,0)))) -> 沙茶豬肉炒麵 | E26: =IF(5>MAX('4℃其他'!$AA$5:$AA$304),"",HYPERLINK("#'4℃其他'!D"&(MATCH(5,'4℃其他'!$AA$5:$AA$304,0)+4),INDEX('4℃其他'!$D$5:$D$304,MATCH(5,'4℃其他'!$AA$5:$AA$304,0)))) -> 麻辣雞心 | F26: =IF(5>MAX('冷凍品'!$AA$5:$AA$304),"",HYPERLINK("#'冷凍品'!D"&(MATCH(5,'冷凍品'!$AA$5:$AA$304,0)+4),INDEX('冷凍品'!$D$5:$D$304,MATCH(5,'冷凍品'!$AA$5:$AA$304,0)))) -> 經典肉醬義大利麵
B27: =IF(6>MAX('18℃'!$Z$5:$Z$304),"",HYPERLINK("#'18℃'!C"&(MATCH(6,'18℃'!$Z$5:$Z$304,0)+4),INDEX('18℃'!$C$5:$C$304,MATCH(6,'18℃'!$Z$5:$Z$304,0)))) | C27: =IF(6>MAX('4℃飯'!$Z$5:$Z$304),"",HYPERLINK("#'4℃飯'!C"&(MATCH(6,'4℃飯'!$Z$5:$Z$304,0)+4),INDEX('4℃飯'!$C$5:$C$304,MATCH(6,'4℃飯'!$Z$5:$Z$304,0)))) | D27: =IF(6>MAX('4℃麵'!$AA$5:$AA$292),"",HYPERLINK("#'4℃麵'!D"&(MATCH(6,'4℃麵'!$AA$5:$AA$292,0)+4),INDEX('4℃麵'!$D$5:$D$292,MATCH(6,'4℃麵'!$AA$5:$AA$292,0)))) -> 府城鹽水意麵 | E27: =IF(6>MAX('4℃其他'!$AA$5:$AA$304),"",HYPERLINK("#'4℃其他'!D"&(MATCH(6,'4℃其他'!$AA$5:$AA$304,0)+4),INDEX('4℃其他'!$D$5:$D$304,MATCH(6,'4℃其他'!$AA$5:$AA$304,0)))) | F27: =IF(6>MAX('冷凍品'!$AA$5:$AA$304),"",HYPERLINK("#'冷凍品'!D"&(MATCH(6,'冷凍品'!$AA$5:$AA$304,0)+4),INDEX('冷凍品'!$D$5:$D$304,MATCH(6,'冷凍品'!$AA$5:$AA$304,0)))) -> 辣蕃茄義大利麵
B28: =IF(7>MAX('18℃'!$Z$5:$Z$304),"",HYPERLINK("#'18℃'!C"&(MATCH(7,'18℃'!$Z$5:$Z$304,0)+4),INDEX('18℃'!$C$5:$C$304,MATCH(7,'18℃'!$Z$5:$Z$304,0)))) | C28: =IF(7>MAX('4℃飯'!$Z$5:$Z$304),"",HYPERLINK("#'4℃飯'!C"&(MATCH(7,'4℃飯'!$Z$5:$Z$304,0)+4),INDEX('4℃飯'!$C$5:$C$304,MATCH(7,'4℃飯'!$Z$5:$Z$304,0)))) | D28: =IF(7>MAX('4℃麵'!$AA$5:$AA$292),"",HYPERLINK("#'4℃麵'!D"&(MATCH(7,'4℃麵'!$AA$5:$AA$292,0)+4),INDEX('4℃麵'!$D$5:$D$292,MATCH(7,'4℃麵'!$AA$5:$AA$292,0)))) -> 青花椒麻雞肉拌麵 | E28: =IF(7>MAX('4℃其他'!$AA$5:$AA$304),"",HYPERLINK("#'4℃其他'!D"&(MATCH(7,'4℃其他'!$AA$5:$AA$304,0)+4),INDEX('4℃其他'!$D$5:$D$304,MATCH(7,'4℃其他'!$AA$5:$AA$304,0)))) | F28: =IF(7>MAX('冷凍品'!$AA$5:$AA$304),"",HYPERLINK("#'冷凍品'!D"&(MATCH(7,'冷凍品'!$AA$5:$AA$304,0)+4),INDEX('冷凍品'!$D$5:$D$304,MATCH(7,'冷凍品'!$AA$5:$AA$304,0)))) -> 濃郁牛肉肉醬義大利麵
B29: =IF(8>MAX('18℃'!$Z$5:$Z$304),"",HYPERLINK("#'18℃'!C"&(MATCH(8,'18℃'!$Z$5:$Z$304,0)+4),INDEX('18℃'!$C$5:$C$304,MATCH(8,'18℃'!$Z$5:$Z$304,0)))) | C29: =IF(8>MAX('4℃飯'!$Z$5:$Z$304),"",HYPERLINK("#'4℃飯'!C"&(MATCH(8,'4℃飯'!$Z$5:$Z$304,0)+4),INDEX('4℃飯'!$C$5:$C$304,MATCH(8,'4℃飯'!$Z$5:$Z$304,0)))) | D29: =IF(8>MAX('4℃麵'!$AA$5:$AA$292),"",HYPERLINK("#'4℃麵'!D"&(MATCH(8,'4℃麵'!$AA$5:$AA$292,0)+4),INDEX('4℃麵'!$D$5:$D$292,MATCH(8,'4℃麵'!$AA$5:$AA$292,0)))) -> 青醬蛤蜊義大利麵RN | E29: =IF(8>MAX('4℃其他'!$AA$5:$AA$304),"",HYPERLINK("#'4℃其他'!D"&(MATCH(8,'4℃其他'!$AA$5:$AA$304,0)+4),INDEX('4℃其他'!$D$5:$D$304,MATCH(8,'4℃其他'!$AA$5:$AA$304,0)))) | F29: =IF(8>MAX('冷凍品'!$AA$5:$AA$304),"",HYPERLINK("#'冷凍品'!D"&(MATCH(8,'冷凍品'!$AA$5:$AA$304,0)+4),INDEX('冷凍品'!$D$5:$D$304,MATCH(8,'冷凍品'!$AA$5:$AA$304,0)))) -> 韓式起司義大利麵
B30: =IF(9>MAX('18℃'!$Z$5:$Z$304),"",HYPERLINK("#'18℃'!C"&(MATCH(9,'18℃'!$Z$5:$Z$304,0)+4),INDEX('18℃'!$C$5:$C$304,MATCH(9,'18℃'!$Z$5:$Z$304,0)))) | C30: =IF(9>MAX('4℃飯'!$Z$5:$Z$304),"",HYPERLINK("#'4℃飯'!C"&(MATCH(9,'4℃飯'!$Z$5:$Z$304,0)+4),INDEX('4℃飯'!$C$5:$C$304,MATCH(9,'4℃飯'!$Z$5:$Z$304,0)))) | D30: =IF(9>MAX('4℃麵'!$AA$5:$AA$292),"",HYPERLINK("#'4℃麵'!D"&(MATCH(9,'4℃麵'!$AA$5:$AA$292,0)+4),INDEX('4℃麵'!$D$5:$D$292,MATCH(9,'4℃麵'!$AA$5:$AA$292,0)))) -> 香煎魚排佐檸檬奶油義大利麵 | E30: =IF(9>MAX('4℃其他'!$AA$5:$AA$304),"",HYPERLINK("#'4℃其他'!D"&(MATCH(9,'4℃其他'!$AA$5:$AA$304,0)+4),INDEX('4℃其他'!$D$5:$D$304,MATCH(9,'4℃其他'!$AA$5:$AA$304,0)))) | F30: =IF(9>MAX('冷凍品'!$AA$5:$AA$304),"",HYPERLINK("#'冷凍品'!D"&(MATCH(9,'冷凍品'!$AA$5:$AA$304,0)+4),INDEX('冷凍品'!$D$5:$D$304,MATCH(9,'冷凍品'!$AA$5:$AA$304,0)))) -> (冷凍)黑松露野菇義大利麵
B31: =IF(10>MAX('18℃'!$Z$5:$Z$304),"",HYPERLINK("#'18℃'!C"&(MATCH(10,'18℃'!$Z$5:$Z$304,0)+4),INDEX('18℃'!$C$5:$C$304,MATCH(10,'18℃'!$Z$5:$Z$304,0)))) | C31: =IF(10>MAX('4℃飯'!$Z$5:$Z$304),"",HYPERLINK("#'4℃飯'!C"&(MATCH(10,'4℃飯'!$Z$5:$Z$304,0)+4),INDEX('4℃飯'!$C$5:$C$304,MATCH(10,'4℃飯'!$Z$5:$Z$304,0)))) | D31: =IF(10>MAX('4℃麵'!$AA$5:$AA$292),"",HYPERLINK("#'4℃麵'!D"&(MATCH(10,'4℃麵'!$AA$5:$AA$292,0)+4),INDEX('4℃麵'!$D$5:$D$292,MATCH(10,'4℃麵'!$AA$5:$AA$292,0)))) -> 焗烤起司雙饗筆尖麵 | E31: =IF(10>MAX('4℃其他'!$AA$5:$AA$304),"",HYPERLINK("#'4℃其他'!D"&(MATCH(10,'4℃其他'!$AA$5:$AA$304,0)+4),INDEX('4℃其他'!$D$5:$D$304,MATCH(10,'4℃其他'!$AA$5:$AA$304,0)))) | F31: =IF(10>MAX('冷凍品'!$AA$5:$AA$304),"",HYPERLINK("#'冷凍品'!D"&(MATCH(10,'冷凍品'!$AA$5:$AA$304,0)+4),INDEX('冷凍品'!$D$5:$D$304,MATCH(10,'冷凍品'!$AA$5:$AA$304,0))))
B32: =IF(11>MAX('18℃'!$Z$5:$Z$304),"",HYPERLINK("#'18℃'!C"&(MATCH(11,'18℃'!$Z$5:$Z$304,0)+4),INDEX('18℃'!$C$5:$C$304,MATCH(11,'18℃'!$Z$5:$Z$304,0)))) | C32: =IF(11>MAX('4℃飯'!$Z$5:$Z$304),"",HYPERLINK("#'4℃飯'!C"&(MATCH(11,'4℃飯'!$Z$5:$Z$304,0)+4),INDEX('4℃飯'!$C$5:$C$304,MATCH(11,'4℃飯'!$Z$5:$Z$304,0)))) | D32: =IF(11>MAX('4℃麵'!$AA$5:$AA$292),"",HYPERLINK("#'4℃麵'!D"&(MATCH(11,'4℃麵'!$AA$5:$AA$292,0)+4),INDEX('4℃麵'!$D$5:$D$292,MATCH(11,'4℃麵'!$AA$5:$AA$292,0)))) -> 黑松露野菇義大利麵 | E32: =IF(11>MAX('4℃其他'!$AA$5:$AA$304),"",HYPERLINK("#'4℃其他'!D"&(MATCH(11,'4℃其他'!$AA$5:$AA$304,0)+4),INDEX('4℃其他'!$D$5:$D$304,MATCH(11,'4℃其他'!$AA$5:$AA$304,0)))) | F32: =IF(11>MAX('冷凍品'!$AA$5:$AA$304),"",HYPERLINK("#'冷凍品'!D"&(MATCH(11,'冷凍品'!$AA$5:$AA$304,0)+4),INDEX('冷凍品'!$D$5:$D$304,MATCH(11,'冷凍品'!$AA$5:$AA$304,0))))
B33: =IF(12>MAX('18℃'!$Z$5:$Z$304),"",HYPERLINK("#'18℃'!C"&(MATCH(12,'18℃'!$Z$5:$Z$304,0)+4),INDEX('18℃'!$C$5:$C$304,MATCH(12,'18℃'!$Z$5:$Z$304,0)))) | C33: =IF(12>MAX('4℃飯'!$Z$5:$Z$304),"",HYPERLINK("#'4℃飯'!C"&(MATCH(12,'4℃飯'!$Z$5:$Z$304,0)+4),INDEX('4℃飯'!$C$5:$C$304,MATCH(12,'4℃飯'!$Z$5:$Z$304,0)))) | D33: =IF(12>MAX('4℃麵'!$AA$5:$AA$292),"",HYPERLINK("#'4℃麵'!D"&(MATCH(12,'4℃麵'!$AA$5:$AA$292,0)+4),INDEX('4℃麵'!$D$5:$D$292,MATCH(12,'4℃麵'!$AA$5:$AA$292,0)))) -> 義式蛋蛋青醬鮪魚冷義大利麵 | E33: =IF(12>MAX('4℃其他'!$AA$5:$AA$304),"",HYPERLINK("#'4℃其他'!D"&(MATCH(12,'4℃其他'!$AA$5:$AA$304,0)+4),INDEX('4℃其他'!$D$5:$D$304,MATCH(12,'4℃其他'!$AA$5:$AA$304,0)))) | F33: =IF(12>MAX('冷凍品'!$AA$5:$AA$304),"",HYPERLINK("#'冷凍品'!D"&(MATCH(12,'冷凍品'!$AA$5:$AA$304,0)+4),INDEX('冷凍品'!$D$5:$D$304,MATCH(12,'冷凍品'!$AA$5:$AA$304,0))))
B34: =IF(13>MAX('18℃'!$Z$5:$Z$304),"",HYPERLINK("#'18℃'!C"&(MATCH(13,'18℃'!$Z$5:$Z$304,0)+4),INDEX('18℃'!$C$5:$C$304,MATCH(13,'18℃'!$Z$5:$Z$304,0)))) | C34: =IF(13>MAX('4℃飯'!$Z$5:$Z$304),"",HYPERLINK("#'4℃飯'!C"&(MATCH(13,'4℃飯'!$Z$5:$Z$304,0)+4),INDEX('4℃飯'!$C$5:$C$304,MATCH(13,'4℃飯'!$Z$5:$Z$304,0)))) | D34: =IF(13>MAX('4℃麵'!$AA$5:$AA$292),"",HYPERLINK("#'4℃麵'!D"&(MATCH(13,'4℃麵'!$AA$5:$AA$292,0)+4),INDEX('4℃麵'!$D$5:$D$292,MATCH(13,'4℃麵'!$AA$5:$AA$292,0)))) -> 義式蕃茄起司義大利麵 | E34: =IF(13>MAX('4℃其他'!$AA$5:$AA$304),"",HYPERLINK("#'4℃其他'!D"&(MATCH(13,'4℃其他'!$AA$5:$AA$304,0)+4),INDEX('4℃其他'!$D$5:$D$304,MATCH(13,'4℃其他'!$AA$5:$AA$304,0)))) | F34: =IF(13>MAX('冷凍品'!$AA$5:$AA$304),"",HYPERLINK("#'冷凍品'!D"&(MATCH(13,'冷凍品'!$AA$5:$AA$304,0)+4),INDEX('冷凍品'!$D$5:$D$304,MATCH(13,'冷凍品'!$AA$5:$AA$304,0))))
B35: =IF(14>MAX('18℃'!$Z$5:$Z$304),"",HYPERLINK("#'18℃'!C"&(MATCH(14,'18℃'!$Z$5:$Z$304,0)+4),INDEX('18℃'!$C$5:$C$304,MATCH(14,'18℃'!$Z$5:$Z$304,0)))) | C35: =IF(14>MAX('4℃飯'!$Z$5:$Z$304),"",HYPERLINK("#'4℃飯'!C"&(MATCH(14,'4℃飯'!$Z$5:$Z$304,0)+4),INDEX('4℃飯'!$C$5:$C$304,MATCH(14,'4℃飯'!$Z$5:$Z$304,0)))) | D35: =IF(14>MAX('4℃麵'!$AA$5:$AA$292),"",HYPERLINK("#'4℃麵'!D"&(MATCH(14,'4℃麵'!$AA$5:$AA$292,0)+4),INDEX('4℃麵'!$D$5:$D$292,MATCH(14,'4℃麵'!$AA$5:$AA$292,0)))) -> 蒜香奶油蝦蝦義大利麵 | E35: =IF(14>MAX('4℃其他'!$AA$5:$AA$304),"",HYPERLINK("#'4℃其他'!D"&(MATCH(14,'4℃其他'!$AA$5:$AA$304,0)+4),INDEX('4℃其他'!$D$5:$D$304,MATCH(14,'4℃其他'!$AA$5:$AA$304,0)))) | F35: =IF(14>MAX('冷凍品'!$AA$5:$AA$304),"",HYPERLINK("#'冷凍品'!D"&(MATCH(14,'冷凍品'!$AA$5:$AA$304,0)+4),INDEX('冷凍品'!$D$5:$D$304,MATCH(14,'冷凍品'!$AA$5:$AA$304,0))))
B36: =IF(15>MAX('18℃'!$Z$5:$Z$304),"",HYPERLINK("#'18℃'!C"&(MATCH(15,'18℃'!$Z$5:$Z$304,0)+4),INDEX('18℃'!$C$5:$C$304,MATCH(15,'18℃'!$Z$5:$Z$304,0)))) | C36: =IF(15>MAX('4℃飯'!$Z$5:$Z$304),"",HYPERLINK("#'4℃飯'!C"&(MATCH(15,'4℃飯'!$Z$5:$Z$304,0)+4),INDEX('4℃飯'!$C$5:$C$304,MATCH(15,'4℃飯'!$Z$5:$Z$304,0)))) | D36: =IF(15>MAX('4℃麵'!$AA$5:$AA$292),"",HYPERLINK("#'4℃麵'!D"&(MATCH(15,'4℃麵'!$AA$5:$AA$292,0)+4),INDEX('4℃麵'!$D$5:$D$292,MATCH(15,'4℃麵'!$AA$5:$AA$292,0)))) -> 蕃茄莎莎海鮮冷義大利麵 | E36: =IF(15>MAX('4℃其他'!$AA$5:$AA$304),"",HYPERLINK("#'4℃其他'!D"&(MATCH(15,'4℃其他'!$AA$5:$AA$304,0)+4),INDEX('4℃其他'!$D$5:$D$304,MATCH(15,'4℃其他'!$AA$5:$AA$304,0)))) | F36: =IF(15>MAX('冷凍品'!$AA$5:$AA$304),"",HYPERLINK("#'冷凍品'!D"&(MATCH(15,'冷凍品'!$AA$5:$AA$304,0)+4),INDEX('冷凍品'!$D$5:$D$304,MATCH(15,'冷凍品'!$AA$5:$AA$304,0))))
B37: =IF(16>MAX('18℃'!$Z$5:$Z$304),"",HYPERLINK("#'18℃'!C"&(MATCH(16,'18℃'!$Z$5:$Z$304,0)+4),INDEX('18℃'!$C$5:$C$304,MATCH(16,'18℃'!$Z$5:$Z$304,0)))) | C37: =IF(16>MAX('4℃飯'!$Z$5:$Z$304),"",HYPERLINK("#'4℃飯'!C"&(MATCH(16,'4℃飯'!$Z$5:$Z$304,0)+4),INDEX('4℃飯'!$C$5:$C$304,MATCH(16,'4℃飯'!$Z$5:$Z$304,0)))) | D37: =IF(16>MAX('4℃麵'!$AA$5:$AA$292),"",HYPERLINK("#'4℃麵'!D"&(MATCH(16,'4℃麵'!$AA$5:$AA$292,0)+4),INDEX('4℃麵'!$D$5:$D$292,MATCH(16,'4℃麵'!$AA$5:$AA$292,0)))) -> 羅馬黑胡椒起司義大利麵 | E37: =IF(16>MAX('4℃其他'!$AA$5:$AA$304),"",HYPERLINK("#'4℃其他'!D"&(MATCH(16,'4℃其他'!$AA$5:$AA$304,0)+4),INDEX('4℃其他'!$D$5:$D$304,MATCH(16,'4℃其他'!$AA$5:$AA$304,0)))) | F37: =IF(16>MAX('冷凍品'!$AA$5:$AA$304),"",HYPERLINK("#'冷凍品'!D"&(MATCH(16,'冷凍品'!$AA$5:$AA$304,0)+4),INDEX('冷凍品'!$D$5:$D$304,MATCH(16,'冷凍品'!$AA$5:$AA$304,0))))
B38: =IF(17>MAX('18℃'!$Z$5:$Z$304),"",HYPERLINK("#'18℃'!C"&(MATCH(17,'18℃'!$Z$5:$Z$304,0)+4),INDEX('18℃'!$C$5:$C$304,MATCH(17,'18℃'!$Z$5:$Z$304,0)))) | C38: =IF(17>MAX('4℃飯'!$Z$5:$Z$304),"",HYPERLINK("#'4℃飯'!C"&(MATCH(17,'4℃飯'!$Z$5:$Z$304,0)+4),INDEX('4℃飯'!$C$5:$C$304,MATCH(17,'4℃飯'!$Z$5:$Z$304,0)))) | D38: =IF(17>MAX('4℃麵'!$AA$5:$AA$292),"",HYPERLINK("#'4℃麵'!D"&(MATCH(17,'4℃麵'!$AA$5:$AA$292,0)+4),INDEX('4℃麵'!$D$5:$D$292,MATCH(17,'4℃麵'!$AA$5:$AA$292,0)))) -> 鱈魚佐粉紅青醬筆尖麵 | E38: =IF(17>MAX('4℃其他'!$AA$5:$AA$304),"",HYPERLINK("#'4℃其他'!D"&(MATCH(17,'4℃其他'!$AA$5:$AA$304,0)+4),INDEX('4℃其他'!$D$5:$D$304,MATCH(17,'4℃其他'!$AA$5:$AA$304,0)))) | F38: =IF(17>MAX('冷凍品'!$AA$5:$AA$304),"",HYPERLINK("#'冷凍品'!D"&(MATCH(17,'冷凍品'!$AA$5:$AA$304,0)+4),INDEX('冷凍品'!$D$5:$D$304,MATCH(17,'冷凍品'!$AA$5:$AA$304,0))))
B39: =IF(18>MAX('18℃'!$Z$5:$Z$304),"",HYPERLINK("#'18℃'!C"&(MATCH(18,'18℃'!$Z$5:$Z$304,0)+4),INDEX('18℃'!$C$5:$C$304,MATCH(18,'18℃'!$Z$5:$Z$304,0)))) | C39: =IF(18>MAX('4℃飯'!$Z$5:$Z$304),"",HYPERLINK("#'4℃飯'!C"&(MATCH(18,'4℃飯'!$Z$5:$Z$304,0)+4),INDEX('4℃飯'!$C$5:$C$304,MATCH(18,'4℃飯'!$Z$5:$Z$304,0)))) | D39: =IF(18>MAX('4℃麵'!$AA$5:$AA$292),"",HYPERLINK("#'4℃麵'!D"&(MATCH(18,'4℃麵'!$AA$5:$AA$292,0)+4),INDEX('4℃麵'!$D$5:$D$292,MATCH(18,'4℃麵'!$AA$5:$AA$292,0)))) -> 燻鴨佐白蘭地義大利麵 | E39: =IF(18>MAX('4℃其他'!$AA$5:$AA$304),"",HYPERLINK("#'4℃其他'!D"&(MATCH(18,'4℃其他'!$AA$5:$AA$304,0)+4),INDEX('4℃其他'!$D$5:$D$304,MATCH(18,'4℃其他'!$AA$5:$AA$304,0)))) | F39: =IF(18>MAX('冷凍品'!$AA$5:$AA$304),"",HYPERLINK("#'冷凍品'!D"&(MATCH(18,'冷凍品'!$AA$5:$AA$304,0)+4),INDEX('冷凍品'!$D$5:$D$304,MATCH(18,'冷凍品'!$AA$5:$AA$304,0))))
B40: =IF(19>MAX('18℃'!$Z$5:$Z$304),"",HYPERLINK("#'18℃'!C"&(MATCH(19,'18℃'!$Z$5:$Z$304,0)+4),INDEX('18℃'!$C$5:$C$304,MATCH(19,'18℃'!$Z$5:$Z$304,0)))) | C40: =IF(19>MAX('4℃飯'!$Z$5:$Z$304),"",HYPERLINK("#'4℃飯'!C"&(MATCH(19,'4℃飯'!$Z$5:$Z$304,0)+4),INDEX('4℃飯'!$C$5:$C$304,MATCH(19,'4℃飯'!$Z$5:$Z$304,0)))) | D40: =IF(19>MAX('4℃麵'!$AA$5:$AA$292),"",HYPERLINK("#'4℃麵'!D"&(MATCH(19,'4℃麵'!$AA$5:$AA$292,0)+4),INDEX('4℃麵'!$D$5:$D$292,MATCH(19,'4℃麵'!$AA$5:$AA$292,0)))) -> 拿坡里燻腸義大利麵 | E40: =IF(19>MAX('4℃其他'!$AA$5:$AA$304),"",HYPERLINK("#'4℃其他'!D"&(MATCH(19,'4℃其他'!$AA$5:$AA$304,0)+4),INDEX('4℃其他'!$D$5:$D$304,MATCH(19,'4℃其他'!$AA$5:$AA$304,0)))) | F40: =IF(19>MAX('冷凍品'!$AA$5:$AA$304),"",HYPERLINK("#'冷凍品'!D"&(MATCH(19,'冷凍品'!$AA$5:$AA$304,0)+4),INDEX('冷凍品'!$D$5:$D$304,MATCH(19,'冷凍品'!$AA$5:$AA$304,0))))
B41: =IF(20>MAX('18℃'!$Z$5:$Z$304),"",HYPERLINK("#'18℃'!C"&(MATCH(20,'18℃'!$Z$5:$Z$304,0)+4),INDEX('18℃'!$C$5:$C$304,MATCH(20,'18℃'!$Z$5:$Z$304,0)))) | C41: =IF(20>MAX('4℃飯'!$Z$5:$Z$304),"",HYPERLINK("#'4℃飯'!C"&(MATCH(20,'4℃飯'!$Z$5:$Z$304,0)+4),INDEX('4℃飯'!$C$5:$C$304,MATCH(20,'4℃飯'!$Z$5:$Z$304,0)))) | D41: =IF(20>MAX('4℃麵'!$AA$5:$AA$292),"",HYPERLINK("#'4℃麵'!D"&(MATCH(20,'4℃麵'!$AA$5:$AA$292,0)+4),INDEX('4℃麵'!$D$5:$D$292,MATCH(20,'4℃麵'!$AA$5:$AA$292,0)))) -> 卡波納拉義大利麵 | E41: =IF(20>MAX('4℃其他'!$AA$5:$AA$304),"",HYPERLINK("#'4℃其他'!D"&(MATCH(20,'4℃其他'!$AA$5:$AA$304,0)+4),INDEX('4℃其他'!$D$5:$D$304,MATCH(20,'4℃其他'!$AA$5:$AA$304,0)))) | F41: =IF(20>MAX('冷凍品'!$AA$5:$AA$304),"",HYPERLINK("#'冷凍品'!D"&(MATCH(20,'冷凍品'!$AA$5:$AA$304,0)+4),INDEX('冷凍品'!$D$5:$D$304,MATCH(20,'冷凍品'!$AA$5:$AA$304,0))))
B42: =IF(21>MAX('18℃'!$Z$5:$Z$304),"",HYPERLINK("#'18℃'!C"&(MATCH(21,'18℃'!$Z$5:$Z$304,0)+4),INDEX('18℃'!$C$5:$C$304,MATCH(21,'18℃'!$Z$5:$Z$304,0)))) | C42: =IF(21>MAX('4℃飯'!$Z$5:$Z$304),"",HYPERLINK("#'4℃飯'!C"&(MATCH(21,'4℃飯'!$Z$5:$Z$304,0)+4),INDEX('4℃飯'!$C$5:$C$304,MATCH(21,'4℃飯'!$Z$5:$Z$304,0)))) | D42: =IF(21>MAX('4℃麵'!$AA$5:$AA$292),"",HYPERLINK("#'4℃麵'!D"&(MATCH(21,'4℃麵'!$AA$5:$AA$292,0)+4),INDEX('4℃麵'!$D$5:$D$292,MATCH(21,'4℃麵'!$AA$5:$AA$292,0)))) -> 義式蒜香鮮蝦義大利麵 | E42: =IF(21>MAX('4℃其他'!$AA$5:$AA$304),"",HYPERLINK("#'4℃其他'!D"&(MATCH(21,'4℃其他'!$AA$5:$AA$304,0)+4),INDEX('4℃其他'!$D$5:$D$304,MATCH(21,'4℃其他'!$AA$5:$AA$304,0)))) | F42: =IF(21>MAX('冷凍品'!$AA$5:$AA$304),"",HYPERLINK("#'冷凍品'!D"&(MATCH(21,'冷凍品'!$AA$5:$AA$304,0)+4),INDEX('冷凍品'!$D$5:$D$304,MATCH(21,'冷凍品'!$AA$5:$AA$304,0))))
B43: =IF(22>MAX('18℃'!$Z$5:$Z$304),"",HYPERLINK("#'18℃'!C"&(MATCH(22,'18℃'!$Z$5:$Z$304,0)+4),INDEX('18℃'!$C$5:$C$304,MATCH(22,'18℃'!$Z$5:$Z$304,0)))) | C43: =IF(22>MAX('4℃飯'!$Z$5:$Z$304),"",HYPERLINK("#'4℃飯'!C"&(MATCH(22,'4℃飯'!$Z$5:$Z$304,0)+4),INDEX('4℃飯'!$C$5:$C$304,MATCH(22,'4℃飯'!$Z$5:$Z$304,0)))) | D43: =IF(22>MAX('4℃麵'!$AA$5:$AA$292),"",HYPERLINK("#'4℃麵'!D"&(MATCH(22,'4℃麵'!$AA$5:$AA$292,0)+4),INDEX('4℃麵'!$D$5:$D$292,MATCH(22,'4℃麵'!$AA$5:$AA$292,0)))) -> 蕃茄蘑菇義大利麵 | E43: =IF(22>MAX('4℃其他'!$AA$5:$AA$304),"",HYPERLINK("#'4℃其他'!D"&(MATCH(22,'4℃其他'!$AA$5:$AA$304,0)+4),INDEX('4℃其他'!$D$5:$D$304,MATCH(22,'4℃其他'!$AA$5:$AA$304,0)))) | F43: =IF(22>MAX('冷凍品'!$AA$5:$AA$304),"",HYPERLINK("#'冷凍品'!D"&(MATCH(22,'冷凍品'!$AA$5:$AA$304,0)+4),INDEX('冷凍品'!$D$5:$D$304,MATCH(22,'冷凍品'!$AA$5:$AA$304,0))))
B44: =IF(23>MAX('18℃'!$Z$5:$Z$304),"",HYPERLINK("#'18℃'!C"&(MATCH(23,'18℃'!$Z$5:$Z$304,0)+4),INDEX('18℃'!$C$5:$C$304,MATCH(23,'18℃'!$Z$5:$Z$304,0)))) | C44: =IF(23>MAX('4℃飯'!$Z$5:$Z$304),"",HYPERLINK("#'4℃飯'!C"&(MATCH(23,'4℃飯'!$Z$5:$Z$304,0)+4),INDEX('4℃飯'!$C$5:$C$304,MATCH(23,'4℃飯'!$Z$5:$Z$304,0)))) | D44: =IF(23>MAX('4℃麵'!$AA$5:$AA$292),"",HYPERLINK("#'4℃麵'!D"&(MATCH(23,'4℃麵'!$AA$5:$AA$292,0)+4),INDEX('4℃麵'!$D$5:$D$292,MATCH(23,'4℃麵'!$AA$5:$AA$292,0)))) -> 麻婆豆腐波浪麵 | E44: =IF(23>MAX('4℃其他'!$AA$5:$AA$304),"",HYPERLINK("#'4℃其他'!D"&(MATCH(23,'4℃其他'!$AA$5:$AA$304,0)+4),INDEX('4℃其他'!$D$5:$D$304,MATCH(23,'4℃其他'!$AA$5:$AA$304,0)))) | F44: =IF(23>MAX('冷凍品'!$AA$5:$AA$304),"",HYPERLINK("#'冷凍品'!D"&(MATCH(23,'冷凍品'!$AA$5:$AA$304,0)+4),INDEX('冷凍品'!$D$5:$D$304,MATCH(23,'冷凍品'!$AA$5:$AA$304,0))))
B45: =IF(24>MAX('18℃'!$Z$5:$Z$304),"",HYPERLINK("#'18℃'!C"&(MATCH(24,'18℃'!$Z$5:$Z$304,0)+4),INDEX('18℃'!$C$5:$C$304,MATCH(24,'18℃'!$Z$5:$Z$304,0)))) | C45: =IF(24>MAX('4℃飯'!$Z$5:$Z$304),"",HYPERLINK("#'4℃飯'!C"&(MATCH(24,'4℃飯'!$Z$5:$Z$304,0)+4),INDEX('4℃飯'!$C$5:$C$304,MATCH(24,'4℃飯'!$Z$5:$Z$304,0)))) | D45: =IF(24>MAX('4℃麵'!$AA$5:$AA$292),"",HYPERLINK("#'4℃麵'!D"&(MATCH(24,'4℃麵'!$AA$5:$AA$292,0)+4),INDEX('4℃麵'!$D$5:$D$292,MATCH(24,'4℃麵'!$AA$5:$AA$292,0)))) -> 焗烤起司肉醬筆尖麵 | E45: =IF(24>MAX('4℃其他'!$AA$5:$AA$304),"",HYPERLINK("#'4℃其他'!D"&(MATCH(24,'4℃其他'!$AA$5:$AA$304,0)+4),INDEX('4℃其他'!$D$5:$D$304,MATCH(24,'4℃其他'!$AA$5:$AA$304,0)))) | F45: =IF(24>MAX('冷凍品'!$AA$5:$AA$304),"",HYPERLINK("#'冷凍品'!D"&(MATCH(24,'冷凍品'!$AA$5:$AA$304,0)+4),INDEX('冷凍品'!$D$5:$D$304,MATCH(24,'冷凍品'!$AA$5:$AA$304,0))))
B46: =IF(25>MAX('18℃'!$Z$5:$Z$304),"",HYPERLINK("#'18℃'!C"&(MATCH(25,'18℃'!$Z$5:$Z$304,0)+4),INDEX('18℃'!$C$5:$C$304,MATCH(25,'18℃'!$Z$5:$Z$304,0)))) | C46: =IF(25>MAX('4℃飯'!$Z$5:$Z$304),"",HYPERLINK("#'4℃飯'!C"&(MATCH(25,'4℃飯'!$Z$5:$Z$304,0)+4),INDEX('4℃飯'!$C$5:$C$304,MATCH(25,'4℃飯'!$Z$5:$Z$304,0)))) | D46: =IF(25>MAX('4℃麵'!$AA$5:$AA$292),"",HYPERLINK("#'4℃麵'!D"&(MATCH(25,'4℃麵'!$AA$5:$AA$292,0)+4),INDEX('4℃麵'!$D$5:$D$292,MATCH(25,'4℃麵'!$AA$5:$AA$292,0)))) -> 焦糖拿鐵烤雞細扁麵 | E46: =IF(25>MAX('4℃其他'!$AA$5:$AA$304),"",HYPERLINK("#'4℃其他'!D"&(MATCH(25,'4℃其他'!$AA$5:$AA$304,0)+4),INDEX('4℃其他'!$D$5:$D$304,MATCH(25,'4℃其他'!$AA$5:$AA$304,0)))) | F46: =IF(25>MAX('冷凍品'!$AA$5:$AA$304),"",HYPERLINK("#'冷凍品'!D"&(MATCH(25,'冷凍品'!$AA$5:$AA$304,0)+4),INDEX('冷凍品'!$D$5:$D$304,MATCH(25,'冷凍品'!$AA$5:$AA$304,0))))
B47: =IF(26>MAX('18℃'!$Z$5:$Z$304),"",HYPERLINK("#'18℃'!C"&(MATCH(26,'18℃'!$Z$5:$Z$304,0)+4),INDEX('18℃'!$C$5:$C$304,MATCH(26,'18℃'!$Z$5:$Z$304,0)))) | C47: =IF(26>MAX('4℃飯'!$Z$5:$Z$304),"",HYPERLINK("#'4℃飯'!C"&(MATCH(26,'4℃飯'!$Z$5:$Z$304,0)+4),INDEX('4℃飯'!$C$5:$C$304,MATCH(26,'4℃飯'!$Z$5:$Z$304,0)))) | D47: =IF(26>MAX('4℃麵'!$AA$5:$AA$292),"",HYPERLINK("#'4℃麵'!D"&(MATCH(26,'4℃麵'!$AA$5:$AA$292,0)+4),INDEX('4℃麵'!$D$5:$D$292,MATCH(26,'4℃麵'!$AA$5:$AA$292,0)))) -> 四種起司焗烤筆尖麵 | E47: =IF(26>MAX('4℃其他'!$AA$5:$AA$304),"",HYPERLINK("#'4℃其他'!D"&(MATCH(26,'4℃其他'!$AA$5:$AA$304,0)+4),INDEX('4℃其他'!$D$5:$D$304,MATCH(26,'4℃其他'!$AA$5:$AA$304,0)))) | F47: =IF(26>MAX('冷凍品'!$AA$5:$AA$304),"",HYPERLINK("#'冷凍品'!D"&(MATCH(26,'冷凍品'!$AA$5:$AA$304,0)+4),INDEX('冷凍品'!$D$5:$D$304,MATCH(26,'冷凍品'!$AA$5:$AA$304,0))))
B48: =IF(27>MAX('18℃'!$Z$5:$Z$304),"",HYPERLINK("#'18℃'!C"&(MATCH(27,'18℃'!$Z$5:$Z$304,0)+4),INDEX('18℃'!$C$5:$C$304,MATCH(27,'18℃'!$Z$5:$Z$304,0)))) | C48: =IF(27>MAX('4℃飯'!$Z$5:$Z$304),"",HYPERLINK("#'4℃飯'!C"&(MATCH(27,'4℃飯'!$Z$5:$Z$304,0)+4),INDEX('4℃飯'!$C$5:$C$304,MATCH(27,'4℃飯'!$Z$5:$Z$304,0)))) | D48: =IF(27>MAX('4℃麵'!$AA$5:$AA$292),"",HYPERLINK("#'4℃麵'!D"&(MATCH(27,'4℃麵'!$AA$5:$AA$292,0)+4),INDEX('4℃麵'!$D$5:$D$292,MATCH(27,'4℃麵'!$AA$5:$AA$292,0)))) | E48: =IF(27>MAX('4℃其他'!$AA$5:$AA$304),"",HYPERLINK("#'4℃其他'!D"&(MATCH(27,'4℃其他'!$AA$5:$AA$304,0)+4),INDEX('4℃其他'!$D$5:$D$304,MATCH(27,'4℃其他'!$AA$5:$AA$304,0)))) | F48: =IF(27>MAX('冷凍品'!$AA$5:$AA$304),"",HYPERLINK("#'冷凍品'!D"&(MATCH(27,'冷凍品'!$AA$5:$AA$304,0)+4),INDEX('冷凍品'!$D$5:$D$304,MATCH(27,'冷凍品'!$AA$5:$AA$304,0))))
B49: =IF(28>MAX('18℃'!$Z$5:$Z$304),"",HYPERLINK("#'18℃'!C"&(MATCH(28,'18℃'!$Z$5:$Z$304,0)+4),INDEX('18℃'!$C$5:$C$304,MATCH(28,'18℃'!$Z$5:$Z$304,0)))) | C49: =IF(28>MAX('4℃飯'!$Z$5:$Z$304),"",HYPERLINK("#'4℃飯'!C"&(MATCH(28,'4℃飯'!$Z$5:$Z$304,0)+4),INDEX('4℃飯'!$C$5:$C$304,MATCH(28,'4℃飯'!$Z$5:$Z$304,0)))) | D49: =IF(28>MAX('4℃麵'!$AA$5:$AA$292),"",HYPERLINK("#'4℃麵'!D"&(MATCH(28,'4℃麵'!$AA$5:$AA$292,0)+4),INDEX('4℃麵'!$D$5:$D$292,MATCH(28,'4℃麵'!$AA$5:$AA$292,0)))) | E49: =IF(28>MAX('4℃其他'!$AA$5:$AA$304),"",HYPERLINK("#'4℃其他'!D"&(MATCH(28,'4℃其他'!$AA$5:$AA$304,0)+4),INDEX('4℃其他'!$D$5:$D$304,MATCH(28,'4℃其他'!$AA$5:$AA$304,0)))) | F49: =IF(28>MAX('冷凍品'!$AA$5:$AA$304),"",HYPERLINK("#'冷凍品'!D"&(MATCH(28,'冷凍品'!$AA$5:$AA$304,0)+4),INDEX('冷凍品'!$D$5:$D$304,MATCH(28,'冷凍品'!$AA$5:$AA$304,0))))
B50: =IF(29>MAX('18℃'!$Z$5:$Z$304),"",HYPERLINK("#'18℃'!C"&(MATCH(29,'18℃'!$Z$5:$Z$304,0)+4),INDEX('18℃'!$C$5:$C$304,MATCH(29,'18℃'!$Z$5:$Z$304,0)))) | C50: =IF(29>MAX('4℃飯'!$Z$5:$Z$304),"",HYPERLINK("#'4℃飯'!C"&(MATCH(29,'4℃飯'!$Z$5:$Z$304,0)+4),INDEX('4℃飯'!$C$5:$C$304,MATCH(29,'4℃飯'!$Z$5:$Z$304,0)))) | D50: =IF(29>MAX('4℃麵'!$AA$5:$AA$292),"",HYPERLINK("#'4℃麵'!D"&(MATCH(29,'4℃麵'!$AA$5:$AA$292,0)+4),INDEX('4℃麵'!$D$5:$D$292,MATCH(29,'4℃麵'!$AA$5:$AA$292,0)))) | E50: =IF(29>MAX('4℃其他'!$AA$5:$AA$304),"",HYPERLINK("#'4℃其他'!D"&(MATCH(29,'4℃其他'!$AA$5:$AA$304,0)+4),INDEX('4℃其他'!$D$5:$D$304,MATCH(29,'4℃其他'!$AA$5:$AA$304,0)))) | F50: =IF(29>MAX('冷凍品'!$AA$5:$AA$304),"",HYPERLINK("#'冷凍品'!D"&(MATCH(29,'冷凍品'!$AA$5:$AA$304,0)+4),INDEX('冷凍品'!$D$5:$D$304,MATCH(29,'冷凍品'!$AA$5:$AA$304,0))))
B51: =IF(30>MAX('18℃'!$Z$5:$Z$304),"",HYPERLINK("#'18℃'!C"&(MATCH(30,'18℃'!$Z$5:$Z$304,0)+4),INDEX('18℃'!$C$5:$C$304,MATCH(30,'18℃'!$Z$5:$Z$304,0)))) | C51: =IF(30>MAX('4℃飯'!$Z$5:$Z$304),"",HYPERLINK("#'4℃飯'!C"&(MATCH(30,'4℃飯'!$Z$5:$Z$304,0)+4),INDEX('4℃飯'!$C$5:$C$304,MATCH(30,'4℃飯'!$Z$5:$Z$304,0)))) | D51: =IF(30>MAX('4℃麵'!$AA$5:$AA$292),"",HYPERLINK("#'4℃麵'!D"&(MATCH(30,'4℃麵'!$AA$5:$AA$292,0)+4),INDEX('4℃麵'!$D$5:$D$292,MATCH(30,'4℃麵'!$AA$5:$AA$292,0)))) | E51: =IF(30>MAX('4℃其他'!$AA$5:$AA$304),"",HYPERLINK("#'4℃其他'!D"&(MATCH(30,'4℃其他'!$AA$5:$AA$304,0)+4),INDEX('4℃其他'!$D$5:$D$304,MATCH(30,'4℃其他'!$AA$5:$AA$304,0)))) | F51: =IF(30>MAX('冷凍品'!$AA$5:$AA$304),"",HYPERLINK("#'冷凍品'!D"&(MATCH(30,'冷凍品'!$AA$5:$AA$304,0)+4),INDEX('冷凍品'!$D$5:$D$304,MATCH(30,'冷凍品'!$AA$5:$AA$304,0))))
B52: =IF(31>MAX('18℃'!$Z$5:$Z$304),"",HYPERLINK("#'18℃'!C"&(MATCH(31,'18℃'!$Z$5:$Z$304,0)+4),INDEX('18℃'!$C$5:$C$304,MATCH(31,'18℃'!$Z$5:$Z$304,0)))) | C52: =IF(31>MAX('4℃飯'!$Z$5:$Z$304),"",HYPERLINK("#'4℃飯'!C"&(MATCH(31,'4℃飯'!$Z$5:$Z$304,0)+4),INDEX('4℃飯'!$C$5:$C$304,MATCH(31,'4℃飯'!$Z$5:$Z$304,0)))) | D52: =IF(31>MAX('4℃麵'!$AA$5:$AA$292),"",HYPERLINK("#'4℃麵'!D"&(MATCH(31,'4℃麵'!$AA$5:$AA$292,0)+4),INDEX('4℃麵'!$D$5:$D$292,MATCH(31,'4℃麵'!$AA$5:$AA$292,0)))) | E52: =IF(31>MAX('4℃其他'!$AA$5:$AA$304),"",HYPERLINK("#'4℃其他'!D"&(MATCH(31,'4℃其他'!$AA$5:$AA$304,0)+4),INDEX('4℃其他'!$D$5:$D$304,MATCH(31,'4℃其他'!$AA$5:$AA$304,0)))) | F52: =IF(31>MAX('冷凍品'!$AA$5:$AA$304),"",HYPERLINK("#'冷凍品'!D"&(MATCH(31,'冷凍品'!$AA$5:$AA$304,0)+4),INDEX('冷凍品'!$D$5:$D$304,MATCH(31,'冷凍品'!$AA$5:$AA$304,0))))
B53: =IF(32>MAX('18℃'!$Z$5:$Z$304),"",HYPERLINK("#'18℃'!C"&(MATCH(32,'18℃'!$Z$5:$Z$304,0)+4),INDEX('18℃'!$C$5:$C$304,MATCH(32,'18℃'!$Z$5:$Z$304,0)))) | C53: =IF(32>MAX('4℃飯'!$Z$5:$Z$304),"",HYPERLINK("#'4℃飯'!C"&(MATCH(32,'4℃飯'!$Z$5:$Z$304,0)+4),INDEX('4℃飯'!$C$5:$C$304,MATCH(32,'4℃飯'!$Z$5:$Z$304,0)))) | D53: =IF(32>MAX('4℃麵'!$AA$5:$AA$292),"",HYPERLINK("#'4℃麵'!D"&(MATCH(32,'4℃麵'!$AA$5:$AA$292,0)+4),INDEX('4℃麵'!$D$5:$D$292,MATCH(32,'4℃麵'!$AA$5:$AA$292,0)))) | E53: =IF(32>MAX('4℃其他'!$AA$5:$AA$304),"",HYPERLINK("#'4℃其他'!D"&(MATCH(32,'4℃其他'!$AA$5:$AA$304,0)+4),INDEX('4℃其他'!$D$5:$D$304,MATCH(32,'4℃其他'!$AA$5:$AA$304,0)))) | F53: =IF(32>MAX('冷凍品'!$AA$5:$AA$304),"",HYPERLINK("#'冷凍品'!D"&(MATCH(32,'冷凍品'!$AA$5:$AA$304,0)+4),INDEX('冷凍品'!$D$5:$D$304,MATCH(32,'冷凍品'!$AA$5:$AA$304,0))))
B54: =IF(33>MAX('18℃'!$Z$5:$Z$304),"",HYPERLINK("#'18℃'!C"&(MATCH(33,'18℃'!$Z$5:$Z$304,0)+4),INDEX('18℃'!$C$5:$C$304,MATCH(33,'18℃'!$Z$5:$Z$304,0)))) | C54: =IF(33>MAX('4℃飯'!$Z$5:$Z$304),"",HYPERLINK("#'4℃飯'!C"&(MATCH(33,'4℃飯'!$Z$5:$Z$304,0)+4),INDEX('4℃飯'!$C$5:$C$304,MATCH(33,'4℃飯'!$Z$5:$Z$304,0)))) | D54: =IF(33>MAX('4℃麵'!$AA$5:$AA$292),"",HYPERLINK("#'4℃麵'!D"&(MATCH(33,'4℃麵'!$AA$5:$AA$292,0)+4),INDEX('4℃麵'!$D$5:$D$292,MATCH(33,'4℃麵'!$AA$5:$AA$292,0)))) | E54: =IF(33>MAX('4℃其他'!$AA$5:$AA$304),"",HYPERLINK("#'4℃其他'!D"&(MATCH(33,'4℃其他'!$AA$5:$AA$304,0)+4),INDEX('4℃其他'!$D$5:$D$304,MATCH(33,'4℃其他'!$AA$5:$AA$304,0)))) | F54: =IF(33>MAX('冷凍品'!$AA$5:$AA$304),"",HYPERLINK("#'冷凍品'!D"&(MATCH(33,'冷凍品'!$AA$5:$AA$304,0)+4),INDEX('冷凍品'!$D$5:$D$304,MATCH(33,'冷凍品'!$AA$5:$AA$304,0))))
B55: =IF(34>MAX('18℃'!$Z$5:$Z$304),"",HYPERLINK("#'18℃'!C"&(MATCH(34,'18℃'!$Z$5:$Z$304,0)+4),INDEX('18℃'!$C$5:$C$304,MATCH(34,'18℃'!$Z$5:$Z$304,0)))) | C55: =IF(34>MAX('4℃飯'!$Z$5:$Z$304),"",HYPERLINK("#'4℃飯'!C"&(MATCH(34,'4℃飯'!$Z$5:$Z$304,0)+4),INDEX('4℃飯'!$C$5:$C$304,MATCH(34,'4℃飯'!$Z$5:$Z$304,0)))) | D55: =IF(34>MAX('4℃麵'!$AA$5:$AA$292),"",HYPERLINK("#'4℃麵'!D"&(MATCH(34,'4℃麵'!$AA$5:$AA$292,0)+4),INDEX('4℃麵'!$D$5:$D$292,MATCH(34,'4℃麵'!$AA$5:$AA$292,0)))) | E55: =IF(34>MAX('4℃其他'!$AA$5:$AA$304),"",HYPERLINK("#'4℃其他'!D"&(MATCH(34,'4℃其他'!$AA$5:$AA$304,0)+4),INDEX('4℃其他'!$D$5:$D$304,MATCH(34,'4℃其他'!$AA$5:$AA$304,0)))) | F55: =IF(34>MAX('冷凍品'!$AA$5:$AA$304),"",HYPERLINK("#'冷凍品'!D"&(MATCH(34,'冷凍品'!$AA$5:$AA$304,0)+4),INDEX('冷凍品'!$D$5:$D$304,MATCH(34,'冷凍品'!$AA$5:$AA$304,0))))
B56: =IF(35>MAX('18℃'!$Z$5:$Z$304),"",HYPERLINK("#'18℃'!C"&(MATCH(35,'18℃'!$Z$5:$Z$304,0)+4),INDEX('18℃'!$C$5:$C$304,MATCH(35,'18℃'!$Z$5:$Z$304,0)))) | C56: =IF(35>MAX('4℃飯'!$Z$5:$Z$304),"",HYPERLINK("#'4℃飯'!C"&(MATCH(35,'4℃飯'!$Z$5:$Z$304,0)+4),INDEX('4℃飯'!$C$5:$C$304,MATCH(35,'4℃飯'!$Z$5:$Z$304,0)))) | D56: =IF(35>MAX('4℃麵'!$AA$5:$AA$292),"",HYPERLINK("#'4℃麵'!D"&(MATCH(35,'4℃麵'!$AA$5:$AA$292,0)+4),INDEX('4℃麵'!$D$5:$D$292,MATCH(35,'4℃麵'!$AA$5:$AA$292,0)))) | E56: =IF(35>MAX('4℃其他'!$AA$5:$AA$304),"",HYPERLINK("#'4℃其他'!D"&(MATCH(35,'4℃其他'!$AA$5:$AA$304,0)+4),INDEX('4℃其他'!$D$5:$D$304,MATCH(35,'4℃其他'!$AA$5:$AA$304,0)))) | F56: =IF(35>MAX('冷凍品'!$AA$5:$AA$304),"",HYPERLINK("#'冷凍品'!D"&(MATCH(35,'冷凍品'!$AA$5:$AA$304,0)+4),INDEX('冷凍品'!$D$5:$D$304,MATCH(35,'冷凍品'!$AA$5:$AA$304,0))))
B57: =IF(36>MAX('18℃'!$Z$5:$Z$304),"",HYPERLINK("#'18℃'!C"&(MATCH(36,'18℃'!$Z$5:$Z$304,0)+4),INDEX('18℃'!$C$5:$C$304,MATCH(36,'18℃'!$Z$5:$Z$304,0)))) | C57: =IF(36>MAX('4℃飯'!$Z$5:$Z$304),"",HYPERLINK("#'4℃飯'!C"&(MATCH(36,'4℃飯'!$Z$5:$Z$304,0)+4),INDEX('4℃飯'!$C$5:$C$304,MATCH(36,'4℃飯'!$Z$5:$Z$304,0)))) | D57: =IF(36>MAX('4℃麵'!$AA$5:$AA$292),"",HYPERLINK("#'4℃麵'!D"&(MATCH(36,'4℃麵'!$AA$5:$AA$292,0)+4),INDEX('4℃麵'!$D$5:$D$292,MATCH(36,'4℃麵'!$AA$5:$AA$292,0)))) | E57: =IF(36>MAX('4℃其他'!$AA$5:$AA$304),"",HYPERLINK("#'4℃其他'!D"&(MATCH(36,'4℃其他'!$AA$5:$AA$304,0)+4),INDEX('4℃其他'!$D$5:$D$304,MATCH(36,'4℃其他'!$AA$5:$AA$304,0)))) | F57: =IF(36>MAX('冷凍品'!$AA$5:$AA$304),"",HYPERLINK("#'冷凍品'!D"&(MATCH(36,'冷凍品'!$AA$5:$AA$304,0)+4),INDEX('冷凍品'!$D$5:$D$304,MATCH(36,'冷凍品'!$AA$5:$AA$304,0))))
B58: =IF(37>MAX('18℃'!$Z$5:$Z$304),"",HYPERLINK("#'18℃'!C"&(MATCH(37,'18℃'!$Z$5:$Z$304,0)+4),INDEX('18℃'!$C$5:$C$304,MATCH(37,'18℃'!$Z$5:$Z$304,0)))) | C58: =IF(37>MAX('4℃飯'!$Z$5:$Z$304),"",HYPERLINK("#'4℃飯'!C"&(MATCH(37,'4℃飯'!$Z$5:$Z$304,0)+4),INDEX('4℃飯'!$C$5:$C$304,MATCH(37,'4℃飯'!$Z$5:$Z$304,0)))) | D58: =IF(37>MAX('4℃麵'!$AA$5:$AA$292),"",HYPERLINK("#'4℃麵'!D"&(MATCH(37,'4℃麵'!$AA$5:$AA$292,0)+4),INDEX('4℃麵'!$D$5:$D$292,MATCH(37,'4℃麵'!$AA$5:$AA$292,0)))) | E58: =IF(37>MAX('4℃其他'!$AA$5:$AA$304),"",HYPERLINK("#'4℃其他'!D"&(MATCH(37,'4℃其他'!$AA$5:$AA$304,0)+4),INDEX('4℃其他'!$D$5:$D$304,MATCH(37,'4℃其他'!$AA$5:$AA$304,0)))) | F58: =IF(37>MAX('冷凍品'!$AA$5:$AA$304),"",HYPERLINK("#'冷凍品'!D"&(MATCH(37,'冷凍品'!$AA$5:$AA$304,0)+4),INDEX('冷凍品'!$D$5:$D$304,MATCH(37,'冷凍品'!$AA$5:$AA$304,0))))
B59: =IF(38>MAX('18℃'!$Z$5:$Z$304),"",HYPERLINK("#'18℃'!C"&(MATCH(38,'18℃'!$Z$5:$Z$304,0)+4),INDEX('18℃'!$C$5:$C$304,MATCH(38,'18℃'!$Z$5:$Z$304,0)))) | C59: =IF(38>MAX('4℃飯'!$Z$5:$Z$304),"",HYPERLINK("#'4℃飯'!C"&(MATCH(38,'4℃飯'!$Z$5:$Z$304,0)+4),INDEX('4℃飯'!$C$5:$C$304,MATCH(38,'4℃飯'!$Z$5:$Z$304,0)))) | D59: =IF(38>MAX('4℃麵'!$AA$5:$AA$292),"",HYPERLINK("#'4℃麵'!D"&(MATCH(38,'4℃麵'!$AA$5:$AA$292,0)+4),INDEX('4℃麵'!$D$5:$D$292,MATCH(38,'4℃麵'!$AA$5:$AA$292,0)))) | E59: =IF(38>MAX('4℃其他'!$AA$5:$AA$304),"",HYPERLINK("#'4℃其他'!D"&(MATCH(38,'4℃其他'!$AA$5:$AA$304,0)+4),INDEX('4℃其他'!$D$5:$D$304,MATCH(38,'4℃其他'!$AA$5:$AA$304,0)))) | F59: =IF(38>MAX('冷凍品'!$AA$5:$AA$304),"",HYPERLINK("#'冷凍品'!D"&(MATCH(38,'冷凍品'!$AA$5:$AA$304,0)+4),INDEX('冷凍品'!$D$5:$D$304,MATCH(38,'冷凍品'!$AA$5:$AA$304,0))))
B60: =IF(39>MAX('18℃'!$Z$5:$Z$304),"",HYPERLINK("#'18℃'!C"&(MATCH(39,'18℃'!$Z$5:$Z$304,0)+4),INDEX('18℃'!$C$5:$C$304,MATCH(39,'18℃'!$Z$5:$Z$304,0)))) | C60: =IF(39>MAX('4℃飯'!$Z$5:$Z$304),"",HYPERLINK("#'4℃飯'!C"&(MATCH(39,'4℃飯'!$Z$5:$Z$304,0)+4),INDEX('4℃飯'!$C$5:$C$304,MATCH(39,'4℃飯'!$Z$5:$Z$304,0)))) | D60: =IF(39>MAX('4℃麵'!$AA$5:$AA$292),"",HYPERLINK("#'4℃麵'!D"&(MATCH(39,'4℃麵'!$AA$5:$AA$292,0)+4),INDEX('4℃麵'!$D$5:$D$292,MATCH(39,'4℃麵'!$AA$5:$AA$292,0)))) | E60: =IF(39>MAX('4℃其他'!$AA$5:$AA$304),"",HYPERLINK("#'4℃其他'!D"&(MATCH(39,'4℃其他'!$AA$5:$AA$304,0)+4),INDEX('4℃其他'!$D$5:$D$304,MATCH(39,'4℃其他'!$AA$5:$AA$304,0)))) | F60: =IF(39>MAX('冷凍品'!$AA$5:$AA$304),"",HYPERLINK("#'冷凍品'!D"&(MATCH(39,'冷凍品'!$AA$5:$AA$304,0)+4),INDEX('冷凍品'!$D$5:$D$304,MATCH(39,'冷凍品'!$AA$5:$AA$304,0))))
B61: =IF(40>MAX('18℃'!$Z$5:$Z$304),"",HYPERLINK("#'18℃'!C"&(MATCH(40,'18℃'!$Z$5:$Z$304,0)+4),INDEX('18℃'!$C$5:$C$304,MATCH(40,'18℃'!$Z$5:$Z$304,0)))) | C61: =IF(40>MAX('4℃飯'!$Z$5:$Z$304),"",HYPERLINK("#'4℃飯'!C"&(MATCH(40,'4℃飯'!$Z$5:$Z$304,0)+4),INDEX('4℃飯'!$C$5:$C$304,MATCH(40,'4℃飯'!$Z$5:$Z$304,0)))) | D61: =IF(40>MAX('4℃麵'!$AA$5:$AA$292),"",HYPERLINK("#'4℃麵'!D"&(MATCH(40,'4℃麵'!$AA$5:$AA$292,0)+4),INDEX('4℃麵'!$D$5:$D$292,MATCH(40,'4℃麵'!$AA$5:$AA$292,0)))) | E61: =IF(40>MAX('4℃其他'!$AA$5:$AA$304),"",HYPERLINK("#'4℃其他'!D"&(MATCH(40,'4℃其他'!$AA$5:$AA$304,0)+4),INDEX('4℃其他'!$D$5:$D$304,MATCH(40,'4℃其他'!$AA$5:$AA$304,0)))) | F61: =IF(40>MAX('冷凍品'!$AA$5:$AA$304),"",HYPERLINK("#'冷凍品'!D"&(MATCH(40,'冷凍品'!$AA$5:$AA$304,0)+4),INDEX('冷凍品'!$D$5:$D$304,MATCH(40,'冷凍品'!$AA$5:$AA$304,0))))
B62: =IF(41>MAX('18℃'!$Z$5:$Z$304),"",HYPERLINK("#'18℃'!C"&(MATCH(41,'18℃'!$Z$5:$Z$304,0)+4),INDEX('18℃'!$C$5:$C$304,MATCH(41,'18℃'!$Z$5:$Z$304,0)))) | C62: =IF(41>MAX('4℃飯'!$Z$5:$Z$304),"",HYPERLINK("#'4℃飯'!C"&(MATCH(41,'4℃飯'!$Z$5:$Z$304,0)+4),INDEX('4℃飯'!$C$5:$C$304,MATCH(41,'4℃飯'!$Z$5:$Z$304,0)))) | D62: =IF(41>MAX('4℃麵'!$AA$5:$AA$292),"",HYPERLINK("#'4℃麵'!D"&(MATCH(41,'4℃麵'!$AA$5:$AA$292,0)+4),INDEX('4℃麵'!$D$5:$D$292,MATCH(41,'4℃麵'!$AA$5:$AA$292,0)))) | E62: =IF(41>MAX('4℃其他'!$AA$5:$AA$304),"",HYPERLINK("#'4℃其他'!D"&(MATCH(41,'4℃其他'!$AA$5:$AA$304,0)+4),INDEX('4℃其他'!$D$5:$D$304,MATCH(41,'4℃其他'!$AA$5:$AA$304,0)))) | F62: =IF(41>MAX('冷凍品'!$AA$5:$AA$304),"",HYPERLINK("#'冷凍品'!D"&(MATCH(41,'冷凍品'!$AA$5:$AA$304,0)+4),INDEX('冷凍品'!$D$5:$D$304,MATCH(41,'冷凍品'!$AA$5:$AA$304,0))))
B63: =IF(42>MAX('18℃'!$Z$5:$Z$304),"",HYPERLINK("#'18℃'!C"&(MATCH(42,'18℃'!$Z$5:$Z$304,0)+4),INDEX('18℃'!$C$5:$C$304,MATCH(42,'18℃'!$Z$5:$Z$304,0)))) | C63: =IF(42>MAX('4℃飯'!$Z$5:$Z$304),"",HYPERLINK("#'4℃飯'!C"&(MATCH(42,'4℃飯'!$Z$5:$Z$304,0)+4),INDEX('4℃飯'!$C$5:$C$304,MATCH(42,'4℃飯'!$Z$5:$Z$304,0)))) | D63: =IF(42>MAX('4℃麵'!$AA$5:$AA$292),"",HYPERLINK("#'4℃麵'!D"&(MATCH(42,'4℃麵'!$AA$5:$AA$292,0)+4),INDEX('4℃麵'!$D$5:$D$292,MATCH(42,'4℃麵'!$AA$5:$AA$292,0)))) | E63: =IF(42>MAX('4℃其他'!$AA$5:$AA$304),"",HYPERLINK("#'4℃其他'!D"&(MATCH(42,'4℃其他'!$AA$5:$AA$304,0)+4),INDEX('4℃其他'!$D$5:$D$304,MATCH(42,'4℃其他'!$AA$5:$AA$304,0)))) | F63: =IF(42>MAX('冷凍品'!$AA$5:$AA$304),"",HYPERLINK("#'冷凍品'!D"&(MATCH(42,'冷凍品'!$AA$5:$AA$304,0)+4),INDEX('冷凍品'!$D$5:$D$304,MATCH(42,'冷凍品'!$AA$5:$AA$304,0))))
B64: =IF(43>MAX('18℃'!$Z$5:$Z$304),"",HYPERLINK("#'18℃'!C"&(MATCH(43,'18℃'!$Z$5:$Z$304,0)+4),INDEX('18℃'!$C$5:$C$304,MATCH(43,'18℃'!$Z$5:$Z$304,0)))) | C64: =IF(43>MAX('4℃飯'!$Z$5:$Z$304),"",HYPERLINK("#'4℃飯'!C"&(MATCH(43,'4℃飯'!$Z$5:$Z$304,0)+4),INDEX('4℃飯'!$C$5:$C$304,MATCH(43,'4℃飯'!$Z$5:$Z$304,0)))) | D64: =IF(43>MAX('4℃麵'!$AA$5:$AA$292),"",HYPERLINK("#'4℃麵'!D"&(MATCH(43,'4℃麵'!$AA$5:$AA$292,0)+4),INDEX('4℃麵'!$D$5:$D$292,MATCH(43,'4℃麵'!$AA$5:$AA$292,0)))) | E64: =IF(43>MAX('4℃其他'!$AA$5:$AA$304),"",HYPERLINK("#'4℃其他'!D"&(MATCH(43,'4℃其他'!$AA$5:$AA$304,0)+4),INDEX('4℃其他'!$D$5:$D$304,MATCH(43,'4℃其他'!$AA$5:$AA$304,0)))) | F64: =IF(43>MAX('冷凍品'!$AA$5:$AA$304),"",HYPERLINK("#'冷凍品'!D"&(MATCH(43,'冷凍品'!$AA$5:$AA$304,0)+4),INDEX('冷凍品'!$D$5:$D$304,MATCH(43,'冷凍品'!$AA$5:$AA$304,0))))
B65: =IF(44>MAX('18℃'!$Z$5:$Z$304),"",HYPERLINK("#'18℃'!C"&(MATCH(44,'18℃'!$Z$5:$Z$304,0)+4),INDEX('18℃'!$C$5:$C$304,MATCH(44,'18℃'!$Z$5:$Z$304,0)))) | C65: =IF(44>MAX('4℃飯'!$Z$5:$Z$304),"",HYPERLINK("#'4℃飯'!C"&(MATCH(44,'4℃飯'!$Z$5:$Z$304,0)+4),INDEX('4℃飯'!$C$5:$C$304,MATCH(44,'4℃飯'!$Z$5:$Z$304,0)))) | D65: =IF(44>MAX('4℃麵'!$AA$5:$AA$292),"",HYPERLINK("#'4℃麵'!D"&(MATCH(44,'4℃麵'!$AA$5:$AA$292,0)+4),INDEX('4℃麵'!$D$5:$D$292,MATCH(44,'4℃麵'!$AA$5:$AA$292,0)))) | E65: =IF(44>MAX('4℃其他'!$AA$5:$AA$304),"",HYPERLINK("#'4℃其他'!D"&(MATCH(44,'4℃其他'!$AA$5:$AA$304,0)+4),INDEX('4℃其他'!$D$5:$D$304,MATCH(44,'4℃其他'!$AA$5:$AA$304,0)))) | F65: =IF(44>MAX('冷凍品'!$AA$5:$AA$304),"",HYPERLINK("#'冷凍品'!D"&(MATCH(44,'冷凍品'!$AA$5:$AA$304,0)+4),INDEX('冷凍品'!$D$5:$D$304,MATCH(44,'冷凍品'!$AA$5:$AA$304,0))))
B66: =IF(45>MAX('18℃'!$Z$5:$Z$304),"",HYPERLINK("#'18℃'!C"&(MATCH(45,'18℃'!$Z$5:$Z$304,0)+4),INDEX('18℃'!$C$5:$C$304,MATCH(45,'18℃'!$Z$5:$Z$304,0)))) | C66: =IF(45>MAX('4℃飯'!$Z$5:$Z$304),"",HYPERLINK("#'4℃飯'!C"&(MATCH(45,'4℃飯'!$Z$5:$Z$304,0)+4),INDEX('4℃飯'!$C$5:$C$304,MATCH(45,'4℃飯'!$Z$5:$Z$304,0)))) | D66: =IF(45>MAX('4℃麵'!$AA$5:$AA$292),"",HYPERLINK("#'4℃麵'!D"&(MATCH(45,'4℃麵'!$AA$5:$AA$292,0)+4),INDEX('4℃麵'!$D$5:$D$292,MATCH(45,'4℃麵'!$AA$5:$AA$292,0)))) | E66: =IF(45>MAX('4℃其他'!$AA$5:$AA$304),"",HYPERLINK("#'4℃其他'!D"&(MATCH(45,'4℃其他'!$AA$5:$AA$304,0)+4),INDEX('4℃其他'!$D$5:$D$304,MATCH(45,'4℃其他'!$AA$5:$AA$304,0)))) | F66: =IF(45>MAX('冷凍品'!$AA$5:$AA$304),"",HYPERLINK("#'冷凍品'!D"&(MATCH(45,'冷凍品'!$AA$5:$AA$304,0)+4),INDEX('冷凍品'!$D$5:$D$304,MATCH(45,'冷凍品'!$AA$5:$AA$304,0))))
B67: =IF(46>MAX('18℃'!$Z$5:$Z$304),"",HYPERLINK("#'18℃'!C"&(MATCH(46,'18℃'!$Z$5:$Z$304,0)+4),INDEX('18℃'!$C$5:$C$304,MATCH(46,'18℃'!$Z$5:$Z$304,0)))) | C67: =IF(46>MAX('4℃飯'!$Z$5:$Z$304),"",HYPERLINK("#'4℃飯'!C"&(MATCH(46,'4℃飯'!$Z$5:$Z$304,0)+4),INDEX('4℃飯'!$C$5:$C$304,MATCH(46,'4℃飯'!$Z$5:$Z$304,0)))) | D67: =IF(46>MAX('4℃麵'!$AA$5:$AA$292),"",HYPERLINK("#'4℃麵'!D"&(MATCH(46,'4℃麵'!$AA$5:$AA$292,0)+4),INDEX('4℃麵'!$D$5:$D$292,MATCH(46,'4℃麵'!$AA$5:$AA$292,0)))) | E67: =IF(46>MAX('4℃其他'!$AA$5:$AA$304),"",HYPERLINK("#'4℃其他'!D"&(MATCH(46,'4℃其他'!$AA$5:$AA$304,0)+4),INDEX('4℃其他'!$D$5:$D$304,MATCH(46,'4℃其他'!$AA$5:$AA$304,0)))) | F67: =IF(46>MAX('冷凍品'!$AA$5:$AA$304),"",HYPERLINK("#'冷凍品'!D"&(MATCH(46,'冷凍品'!$AA$5:$AA$304,0)+4),INDEX('冷凍品'!$D$5:$D$304,MATCH(46,'冷凍品'!$AA$5:$AA$304,0))))
B68: =IF(47>MAX('18℃'!$Z$5:$Z$304),"",HYPERLINK("#'18℃'!C"&(MATCH(47,'18℃'!$Z$5:$Z$304,0)+4),INDEX('18℃'!$C$5:$C$304,MATCH(47,'18℃'!$Z$5:$Z$304,0)))) | C68: =IF(47>MAX('4℃飯'!$Z$5:$Z$304),"",HYPERLINK("#'4℃飯'!C"&(MATCH(47,'4℃飯'!$Z$5:$Z$304,0)+4),INDEX('4℃飯'!$C$5:$C$304,MATCH(47,'4℃飯'!$Z$5:$Z$304,0)))) | D68: =IF(47>MAX('4℃麵'!$AA$5:$AA$292),"",HYPERLINK("#'4℃麵'!D"&(MATCH(47,'4℃麵'!$AA$5:$AA$292,0)+4),INDEX('4℃麵'!$D$5:$D$292,MATCH(47,'4℃麵'!$AA$5:$AA$292,0)))) | E68: =IF(47>MAX('4℃其他'!$AA$5:$AA$304),"",HYPERLINK("#'4℃其他'!D"&(MATCH(47,'4℃其他'!$AA$5:$AA$304,0)+4),INDEX('4℃其他'!$D$5:$D$304,MATCH(47,'4℃其他'!$AA$5:$AA$304,0)))) | F68: =IF(47>MAX('冷凍品'!$AA$5:$AA$304),"",HYPERLINK("#'冷凍品'!D"&(MATCH(47,'冷凍品'!$AA$5:$AA$304,0)+4),INDEX('冷凍品'!$D$5:$D$304,MATCH(47,'冷凍品'!$AA$5:$AA$304,0))))
B69: =IF(48>MAX('18℃'!$Z$5:$Z$304),"",HYPERLINK("#'18℃'!C"&(MATCH(48,'18℃'!$Z$5:$Z$304,0)+4),INDEX('18℃'!$C$5:$C$304,MATCH(48,'18℃'!$Z$5:$Z$304,0)))) | C69: =IF(48>MAX('4℃飯'!$Z$5:$Z$304),"",HYPERLINK("#'4℃飯'!C"&(MATCH(48,'4℃飯'!$Z$5:$Z$304,0)+4),INDEX('4℃飯'!$C$5:$C$304,MATCH(48,'4℃飯'!$Z$5:$Z$304,0)))) | D69: =IF(48>MAX('4℃麵'!$AA$5:$AA$292),"",HYPERLINK("#'4℃麵'!D"&(MATCH(48,'4℃麵'!$AA$5:$AA$292,0)+4),INDEX('4℃麵'!$D$5:$D$292,MATCH(48,'4℃麵'!$AA$5:$AA$292,0)))) | E69: =IF(48>MAX('4℃其他'!$AA$5:$AA$304),"",HYPERLINK("#'4℃其他'!D"&(MATCH(48,'4℃其他'!$AA$5:$AA$304,0)+4),INDEX('4℃其他'!$D$5:$D$304,MATCH(48,'4℃其他'!$AA$5:$AA$304,0)))) | F69: =IF(48>MAX('冷凍品'!$AA$5:$AA$304),"",HYPERLINK("#'冷凍品'!D"&(MATCH(48,'冷凍品'!$AA$5:$AA$304,0)+4),INDEX('冷凍品'!$D$5:$D$304,MATCH(48,'冷凍品'!$AA$5:$AA$304,0))))
B70: =IF(49>MAX('18℃'!$Z$5:$Z$304),"",HYPERLINK("#'18℃'!C"&(MATCH(49,'18℃'!$Z$5:$Z$304,0)+4),INDEX('18℃'!$C$5:$C$304,MATCH(49,'18℃'!$Z$5:$Z$304,0)))) | C70: =IF(49>MAX('4℃飯'!$Z$5:$Z$304),"",HYPERLINK("#'4℃飯'!C"&(MATCH(49,'4℃飯'!$Z$5:$Z$304,0)+4),INDEX('4℃飯'!$C$5:$C$304,MATCH(49,'4℃飯'!$Z$5:$Z$304,0)))) | D70: =IF(49>MAX('4℃麵'!$AA$5:$AA$292),"",HYPERLINK("#'4℃麵'!D"&(MATCH(49,'4℃麵'!$AA$5:$AA$292,0)+4),INDEX('4℃麵'!$D$5:$D$292,MATCH(49,'4℃麵'!$AA$5:$AA$292,0)))) | E70: =IF(49>MAX('4℃其他'!$AA$5:$AA$304),"",HYPERLINK("#'4℃其他'!D"&(MATCH(49,'4℃其他'!$AA$5:$AA$304,0)+4),INDEX('4℃其他'!$D$5:$D$304,MATCH(49,'4℃其他'!$AA$5:$AA$304,0)))) | F70: =IF(49>MAX('冷凍品'!$AA$5:$AA$304),"",HYPERLINK("#'冷凍品'!D"&(MATCH(49,'冷凍品'!$AA$5:$AA$304,0)+4),INDEX('冷凍品'!$D$5:$D$304,MATCH(49,'冷凍品'!$AA$5:$AA$304,0))))
B71: =IF(50>MAX('18℃'!$Z$5:$Z$304),"",HYPERLINK("#'18℃'!C"&(MATCH(50,'18℃'!$Z$5:$Z$304,0)+4),INDEX('18℃'!$C$5:$C$304,MATCH(50,'18℃'!$Z$5:$Z$304,0)))) | C71: =IF(50>MAX('4℃飯'!$Z$5:$Z$304),"",HYPERLINK("#'4℃飯'!C"&(MATCH(50,'4℃飯'!$Z$5:$Z$304,0)+4),INDEX('4℃飯'!$C$5:$C$304,MATCH(50,'4℃飯'!$Z$5:$Z$304,0)))) | D71: =IF(50>MAX('4℃麵'!$AA$5:$AA$292),"",HYPERLINK("#'4℃麵'!D"&(MATCH(50,'4℃麵'!$AA$5:$AA$292,0)+4),INDEX('4℃麵'!$D$5:$D$292,MATCH(50,'4℃麵'!$AA$5:$AA$292,0)))) | E71: =IF(50>MAX('4℃其他'!$AA$5:$AA$304),"",HYPERLINK("#'4℃其他'!D"&(MATCH(50,'4℃其他'!$AA$5:$AA$304,0)+4),INDEX('4℃其他'!$D$5:$D$304,MATCH(50,'4℃其他'!$AA$5:$AA$304,0)))) | F71: =IF(50>MAX('冷凍品'!$AA$5:$AA$304),"",HYPERLINK("#'冷凍品'!D"&(MATCH(50,'冷凍品'!$AA$5:$AA$304,0)+4),INDEX('冷凍品'!$D$5:$D$304,MATCH(50,'冷凍品'!$AA$5:$AA$304,0))))
B72: =IF(51>MAX('18℃'!$Z$5:$Z$304),"",HYPERLINK("#'18℃'!C"&(MATCH(51,'18℃'!$Z$5:$Z$304,0)+4),INDEX('18℃'!$C$5:$C$304,MATCH(51,'18℃'!$Z$5:$Z$304,0)))) | C72: =IF(51>MAX('4℃飯'!$Z$5:$Z$304),"",HYPERLINK("#'4℃飯'!C"&(MATCH(51,'4℃飯'!$Z$5:$Z$304,0)+4),INDEX('4℃飯'!$C$5:$C$304,MATCH(51,'4℃飯'!$Z$5:$Z$304,0)))) | D72: =IF(51>MAX('4℃麵'!$AA$5:$AA$292),"",HYPERLINK("#'4℃麵'!D"&(MATCH(51,'4℃麵'!$AA$5:$AA$292,0)+4),INDEX('4℃麵'!$D$5:$D$292,MATCH(51,'4℃麵'!$AA$5:$AA$292,0)))) | E72: =IF(51>MAX('4℃其他'!$AA$5:$AA$304),"",HYPERLINK("#'4℃其他'!D"&(MATCH(51,'4℃其他'!$AA$5:$AA$304,0)+4),INDEX('4℃其他'!$D$5:$D$304,MATCH(51,'4℃其他'!$AA$5:$AA$304,0)))) | F72: =IF(51>MAX('冷凍品'!$AA$5:$AA$304),"",HYPERLINK("#'冷凍品'!D"&(MATCH(51,'冷凍品'!$AA$5:$AA$304,0)+4),INDEX('冷凍品'!$D$5:$D$304,MATCH(51,'冷凍品'!$AA$5:$AA$304,0))))
B73: =IF(52>MAX('18℃'!$Z$5:$Z$304),"",HYPERLINK("#'18℃'!C"&(MATCH(52,'18℃'!$Z$5:$Z$304,0)+4),INDEX('18℃'!$C$5:$C$304,MATCH(52,'18℃'!$Z$5:$Z$304,0)))) | C73: =IF(52>MAX('4℃飯'!$Z$5:$Z$304),"",HYPERLINK("#'4℃飯'!C"&(MATCH(52,'4℃飯'!$Z$5:$Z$304,0)+4),INDEX('4℃飯'!$C$5:$C$304,MATCH(52,'4℃飯'!$Z$5:$Z$304,0)))) | D73: =IF(52>MAX('4℃麵'!$AA$5:$AA$292),"",HYPERLINK("#'4℃麵'!D"&(MATCH(52,'4℃麵'!$AA$5:$AA$292,0)+4),INDEX('4℃麵'!$D$5:$D$292,MATCH(52,'4℃麵'!$AA$5:$AA$292,0)))) | E73: =IF(52>MAX('4℃其他'!$AA$5:$AA$304),"",HYPERLINK("#'4℃其他'!D"&(MATCH(52,'4℃其他'!$AA$5:$AA$304,0)+4),INDEX('4℃其他'!$D$5:$D$304,MATCH(52,'4℃其他'!$AA$5:$AA$304,0)))) | F73: =IF(52>MAX('冷凍品'!$AA$5:$AA$304),"",HYPERLINK("#'冷凍品'!D"&(MATCH(52,'冷凍品'!$AA$5:$AA$304,0)+4),INDEX('冷凍品'!$D$5:$D$304,MATCH(52,'冷凍品'!$AA$5:$AA$304,0))))
B74: =IF(53>MAX('18℃'!$Z$5:$Z$304),"",HYPERLINK("#'18℃'!C"&(MATCH(53,'18℃'!$Z$5:$Z$304,0)+4),INDEX('18℃'!$C$5:$C$304,MATCH(53,'18℃'!$Z$5:$Z$304,0)))) | C74: =IF(53>MAX('4℃飯'!$Z$5:$Z$304),"",HYPERLINK("#'4℃飯'!C"&(MATCH(53,'4℃飯'!$Z$5:$Z$304,0)+4),INDEX('4℃飯'!$C$5:$C$304,MATCH(53,'4℃飯'!$Z$5:$Z$304,0)))) | D74: =IF(53>MAX('4℃麵'!$AA$5:$AA$292),"",HYPERLINK("#'4℃麵'!D"&(MATCH(53,'4℃麵'!$AA$5:$AA$292,0)+4),INDEX('4℃麵'!$D$5:$D$292,MATCH(53,'4℃麵'!$AA$5:$AA$292,0)))) | E74: =IF(53>MAX('4℃其他'!$AA$5:$AA$304),"",HYPERLINK("#'4℃其他'!D"&(MATCH(53,'4℃其他'!$AA$5:$AA$304,0)+4),INDEX('4℃其他'!$D$5:$D$304,MATCH(53,'4℃其他'!$AA$5:$AA$304,0)))) | F74: =IF(53>MAX('冷凍品'!$AA$5:$AA$304),"",HYPERLINK("#'冷凍品'!D"&(MATCH(53,'冷凍品'!$AA$5:$AA$304,0)+4),INDEX('冷凍品'!$D$5:$D$304,MATCH(53,'冷凍品'!$AA$5:$AA$304,0))))
B75: =IF(54>MAX('18℃'!$Z$5:$Z$304),"",HYPERLINK("#'18℃'!C"&(MATCH(54,'18℃'!$Z$5:$Z$304,0)+4),INDEX('18℃'!$C$5:$C$304,MATCH(54,'18℃'!$Z$5:$Z$304,0)))) | C75: =IF(54>MAX('4℃飯'!$Z$5:$Z$304),"",HYPERLINK("#'4℃飯'!C"&(MATCH(54,'4℃飯'!$Z$5:$Z$304,0)+4),INDEX('4℃飯'!$C$5:$C$304,MATCH(54,'4℃飯'!$Z$5:$Z$304,0)))) | D75: =IF(54>MAX('4℃麵'!$AA$5:$AA$292),"",HYPERLINK("#'4℃麵'!D"&(MATCH(54,'4℃麵'!$AA$5:$AA$292,0)+4),INDEX('4℃麵'!$D$5:$D$292,MATCH(54,'4℃麵'!$AA$5:$AA$292,0)))) | E75: =IF(54>MAX('4℃其他'!$AA$5:$AA$304),"",HYPERLINK("#'4℃其他'!D"&(MATCH(54,'4℃其他'!$AA$5:$AA$304,0)+4),INDEX('4℃其他'!$D$5:$D$304,MATCH(54,'4℃其他'!$AA$5:$AA$304,0)))) | F75: =IF(54>MAX('冷凍品'!$AA$5:$AA$304),"",HYPERLINK("#'冷凍品'!D"&(MATCH(54,'冷凍品'!$AA$5:$AA$304,0)+4),INDEX('冷凍品'!$D$5:$D$304,MATCH(54,'冷凍品'!$AA$5:$AA$304,0))))
B76: =IF(55>MAX('18℃'!$Z$5:$Z$304),"",HYPERLINK("#'18℃'!C"&(MATCH(55,'18℃'!$Z$5:$Z$304,0)+4),INDEX('18℃'!$C$5:$C$304,MATCH(55,'18℃'!$Z$5:$Z$304,0)))) | C76: =IF(55>MAX('4℃飯'!$Z$5:$Z$304),"",HYPERLINK("#'4℃飯'!C"&(MATCH(55,'4℃飯'!$Z$5:$Z$304,0)+4),INDEX('4℃飯'!$C$5:$C$304,MATCH(55,'4℃飯'!$Z$5:$Z$304,0)))) | D76: =IF(55>MAX('4℃麵'!$AA$5:$AA$292),"",HYPERLINK("#'4℃麵'!D"&(MATCH(55,'4℃麵'!$AA$5:$AA$292,0)+4),INDEX('4℃麵'!$D$5:$D$292,MATCH(55,'4℃麵'!$AA$5:$AA$292,0)))) | E76: =IF(55>MAX('4℃其他'!$AA$5:$AA$304),"",HYPERLINK("#'4℃其他'!D"&(MATCH(55,'4℃其他'!$AA$5:$AA$304,0)+4),INDEX('4℃其他'!$D$5:$D$304,MATCH(55,'4℃其他'!$AA$5:$AA$304,0)))) | F76: =IF(55>MAX('冷凍品'!$AA$5:$AA$304),"",HYPERLINK("#'冷凍品'!D"&(MATCH(55,'冷凍品'!$AA$5:$AA$304,0)+4),INDEX('冷凍品'!$D$5:$D$304,MATCH(55,'冷凍品'!$AA$5:$AA$304,0))))
B77: =IF(56>MAX('18℃'!$Z$5:$Z$304),"",HYPERLINK("#'18℃'!C"&(MATCH(56,'18℃'!$Z$5:$Z$304,0)+4),INDEX('18℃'!$C$5:$C$304,MATCH(56,'18℃'!$Z$5:$Z$304,0)))) | C77: =IF(56>MAX('4℃飯'!$Z$5:$Z$304),"",HYPERLINK("#'4℃飯'!C"&(MATCH(56,'4℃飯'!$Z$5:$Z$304,0)+4),INDEX('4℃飯'!$C$5:$C$304,MATCH(56,'4℃飯'!$Z$5:$Z$304,0)))) | D77: =IF(56>MAX('4℃麵'!$AA$5:$AA$292),"",HYPERLINK("#'4℃麵'!D"&(MATCH(56,'4℃麵'!$AA$5:$AA$292,0)+4),INDEX('4℃麵'!$D$5:$D$292,MATCH(56,'4℃麵'!$AA$5:$AA$292,0)))) | E77: =IF(56>MAX('4℃其他'!$AA$5:$AA$304),"",HYPERLINK("#'4℃其他'!D"&(MATCH(56,'4℃其他'!$AA$5:$AA$304,0)+4),INDEX('4℃其他'!$D$5:$D$304,MATCH(56,'4℃其他'!$AA$5:$AA$304,0)))) | F77: =IF(56>MAX('冷凍品'!$AA$5:$AA$304),"",HYPERLINK("#'冷凍品'!D"&(MATCH(56,'冷凍品'!$AA$5:$AA$304,0)+4),INDEX('冷凍品'!$D$5:$D$304,MATCH(56,'冷凍品'!$AA$5:$AA$304,0))))
B78: =IF(57>MAX('18℃'!$Z$5:$Z$304),"",HYPERLINK("#'18℃'!C"&(MATCH(57,'18℃'!$Z$5:$Z$304,0)+4),INDEX('18℃'!$C$5:$C$304,MATCH(57,'18℃'!$Z$5:$Z$304,0)))) | C78: =IF(57>MAX('4℃飯'!$Z$5:$Z$304),"",HYPERLINK("#'4℃飯'!C"&(MATCH(57,'4℃飯'!$Z$5:$Z$304,0)+4),INDEX('4℃飯'!$C$5:$C$304,MATCH(57,'4℃飯'!$Z$5:$Z$304,0)))) | D78: =IF(57>MAX('4℃麵'!$AA$5:$AA$292),"",HYPERLINK("#'4℃麵'!D"&(MATCH(57,'4℃麵'!$AA$5:$AA$292,0)+4),INDEX('4℃麵'!$D$5:$D$292,MATCH(57,'4℃麵'!$AA$5:$AA$292,0)))) | E78: =IF(57>MAX('4℃其他'!$AA$5:$AA$304),"",HYPERLINK("#'4℃其他'!D"&(MATCH(57,'4℃其他'!$AA$5:$AA$304,0)+4),INDEX('4℃其他'!$D$5:$D$304,MATCH(57,'4℃其他'!$AA$5:$AA$304,0)))) | F78: =IF(57>MAX('冷凍品'!$AA$5:$AA$304),"",HYPERLINK("#'冷凍品'!D"&(MATCH(57,'冷凍品'!$AA$5:$AA$304,0)+4),INDEX('冷凍品'!$D$5:$D$304,MATCH(57,'冷凍品'!$AA$5:$AA$304,0))))
B79: =IF(58>MAX('18℃'!$Z$5:$Z$304),"",HYPERLINK("#'18℃'!C"&(MATCH(58,'18℃'!$Z$5:$Z$304,0)+4),INDEX('18℃'!$C$5:$C$304,MATCH(58,'18℃'!$Z$5:$Z$304,0)))) | C79: =IF(58>MAX('4℃飯'!$Z$5:$Z$304),"",HYPERLINK("#'4℃飯'!C"&(MATCH(58,'4℃飯'!$Z$5:$Z$304,0)+4),INDEX('4℃飯'!$C$5:$C$304,MATCH(58,'4℃飯'!$Z$5:$Z$304,0)))) | D79: =IF(58>MAX('4℃麵'!$AA$5:$AA$292),"",HYPERLINK("#'4℃麵'!D"&(MATCH(58,'4℃麵'!$AA$5:$AA$292,0)+4),INDEX('4℃麵'!$D$5:$D$292,MATCH(58,'4℃麵'!$AA$5:$AA$292,0)))) | E79: =IF(58>MAX('4℃其他'!$AA$5:$AA$304),"",HYPERLINK("#'4℃其他'!D"&(MATCH(58,'4℃其他'!$AA$5:$AA$304,0)+4),INDEX('4℃其他'!$D$5:$D$304,MATCH(58,'4℃其他'!$AA$5:$AA$304,0)))) | F79: =IF(58>MAX('冷凍品'!$AA$5:$AA$304),"",HYPERLINK("#'冷凍品'!D"&(MATCH(58,'冷凍品'!$AA$5:$AA$304,0)+4),INDEX('冷凍品'!$D$5:$D$304,MATCH(58,'冷凍品'!$AA$5:$AA$304,0))))
B80: =IF(59>MAX('18℃'!$Z$5:$Z$304),"",HYPERLINK("#'18℃'!C"&(MATCH(59,'18℃'!$Z$5:$Z$304,0)+4),INDEX('18℃'!$C$5:$C$304,MATCH(59,'18℃'!$Z$5:$Z$304,0)))) | C80: =IF(59>MAX('4℃飯'!$Z$5:$Z$304),"",HYPERLINK("#'4℃飯'!C"&(MATCH(59,'4℃飯'!$Z$5:$Z$304,0)+4),INDEX('4℃飯'!$C$5:$C$304,MATCH(59,'4℃飯'!$Z$5:$Z$304,0)))) | D80: =IF(59>MAX('4℃麵'!$AA$5:$AA$292),"",HYPERLINK("#'4℃麵'!D"&(MATCH(59,'4℃麵'!$AA$5:$AA$292,0)+4),INDEX('4℃麵'!$D$5:$D$292,MATCH(59,'4℃麵'!$AA$5:$AA$292,0)))) | E80: =IF(59>MAX('4℃其他'!$AA$5:$AA$304),"",HYPERLINK("#'4℃其他'!D"&(MATCH(59,'4℃其他'!$AA$5:$AA$304,0)+4),INDEX('4℃其他'!$D$5:$D$304,MATCH(59,'4℃其他'!$AA$5:$AA$304,0)))) | F80: =IF(59>MAX('冷凍品'!$AA$5:$AA$304),"",HYPERLINK("#'冷凍品'!D"&(MATCH(59,'冷凍品'!$AA$5:$AA$304,0)+4),INDEX('冷凍品'!$D$5:$D$304,MATCH(59,'冷凍品'!$AA$5:$AA$304,0))))
B81: =IF(60>MAX('18℃'!$Z$5:$Z$304),"",HYPERLINK("#'18℃'!C"&(MATCH(60,'18℃'!$Z$5:$Z$304,0)+4),INDEX('18℃'!$C$5:$C$304,MATCH(60,'18℃'!$Z$5:$Z$304,0)))) | C81: =IF(60>MAX('4℃飯'!$Z$5:$Z$304),"",HYPERLINK("#'4℃飯'!C"&(MATCH(60,'4℃飯'!$Z$5:$Z$304,0)+4),INDEX('4℃飯'!$C$5:$C$304,MATCH(60,'4℃飯'!$Z$5:$Z$304,0)))) | D81: =IF(60>MAX('4℃麵'!$AA$5:$AA$292),"",HYPERLINK("#'4℃麵'!D"&(MATCH(60,'4℃麵'!$AA$5:$AA$292,0)+4),INDEX('4℃麵'!$D$5:$D$292,MATCH(60,'4℃麵'!$AA$5:$AA$292,0)))) | E81: =IF(60>MAX('4℃其他'!$AA$5:$AA$304),"",HYPERLINK("#'4℃其他'!D"&(MATCH(60,'4℃其他'!$AA$5:$AA$304,0)+4),INDEX('4℃其他'!$D$5:$D$304,MATCH(60,'4℃其他'!$AA$5:$AA$304,0)))) | F81: =IF(60>MAX('冷凍品'!$AA$5:$AA$304),"",HYPERLINK("#'冷凍品'!D"&(MATCH(60,'冷凍品'!$AA$5:$AA$304,0)+4),INDEX('冷凍品'!$D$5:$D$304,MATCH(60,'冷凍品'!$AA$5:$AA$304,0))))
B82: =IF(61>MAX('18℃'!$Z$5:$Z$304),"",HYPERLINK("#'18℃'!C"&(MATCH(61,'18℃'!$Z$5:$Z$304,0)+4),INDEX('18℃'!$C$5:$C$304,MATCH(61,'18℃'!$Z$5:$Z$304,0)))) | C82: =IF(61>MAX('4℃飯'!$Z$5:$Z$304),"",HYPERLINK("#'4℃飯'!C"&(MATCH(61,'4℃飯'!$Z$5:$Z$304,0)+4),INDEX('4℃飯'!$C$5:$C$304,MATCH(61,'4℃飯'!$Z$5:$Z$304,0)))) | D82: =IF(61>MAX('4℃麵'!$AA$5:$AA$292),"",HYPERLINK("#'4℃麵'!D"&(MATCH(61,'4℃麵'!$AA$5:$AA$292,0)+4),INDEX('4℃麵'!$D$5:$D$292,MATCH(61,'4℃麵'!$AA$5:$AA$292,0)))) | E82: =IF(61>MAX('4℃其他'!$AA$5:$AA$304),"",HYPERLINK("#'4℃其他'!D"&(MATCH(61,'4℃其他'!$AA$5:$AA$304,0)+4),INDEX('4℃其他'!$D$5:$D$304,MATCH(61,'4℃其他'!$AA$5:$AA$304,0)))) | F82: =IF(61>MAX('冷凍品'!$AA$5:$AA$304),"",HYPERLINK("#'冷凍品'!D"&(MATCH(61,'冷凍品'!$AA$5:$AA$304,0)+4),INDEX('冷凍品'!$D$5:$D$304,MATCH(61,'冷凍品'!$AA$5:$AA$304,0))))
B83: =IF(62>MAX('18℃'!$Z$5:$Z$304),"",HYPERLINK("#'18℃'!C"&(MATCH(62,'18℃'!$Z$5:$Z$304,0)+4),INDEX('18℃'!$C$5:$C$304,MATCH(62,'18℃'!$Z$5:$Z$304,0)))) | C83: =IF(62>MAX('4℃飯'!$Z$5:$Z$304),"",HYPERLINK("#'4℃飯'!C"&(MATCH(62,'4℃飯'!$Z$5:$Z$304,0)+4),INDEX('4℃飯'!$C$5:$C$304,MATCH(62,'4℃飯'!$Z$5:$Z$304,0)))) | D83: =IF(62>MAX('4℃麵'!$AA$5:$AA$292),"",HYPERLINK("#'4℃麵'!D"&(MATCH(62,'4℃麵'!$AA$5:$AA$292,0)+4),INDEX('4℃麵'!$D$5:$D$292,MATCH(62,'4℃麵'!$AA$5:$AA$292,0)))) | E83: =IF(62>MAX('4℃其他'!$AA$5:$AA$304),"",HYPERLINK("#'4℃其他'!D"&(MATCH(62,'4℃其他'!$AA$5:$AA$304,0)+4),INDEX('4℃其他'!$D$5:$D$304,MATCH(62,'4℃其他'!$AA$5:$AA$304,0)))) | F83: =IF(62>MAX('冷凍品'!$AA$5:$AA$304),"",HYPERLINK("#'冷凍品'!D"&(MATCH(62,'冷凍品'!$AA$5:$AA$304,0)+4),INDEX('冷凍品'!$D$5:$D$304,MATCH(62,'冷凍品'!$AA$5:$AA$304,0))))
B84: =IF(63>MAX('18℃'!$Z$5:$Z$304),"",HYPERLINK("#'18℃'!C"&(MATCH(63,'18℃'!$Z$5:$Z$304,0)+4),INDEX('18℃'!$C$5:$C$304,MATCH(63,'18℃'!$Z$5:$Z$304,0)))) | C84: =IF(63>MAX('4℃飯'!$Z$5:$Z$304),"",HYPERLINK("#'4℃飯'!C"&(MATCH(63,'4℃飯'!$Z$5:$Z$304,0)+4),INDEX('4℃飯'!$C$5:$C$304,MATCH(63,'4℃飯'!$Z$5:$Z$304,0)))) | D84: =IF(63>MAX('4℃麵'!$AA$5:$AA$292),"",HYPERLINK("#'4℃麵'!D"&(MATCH(63,'4℃麵'!$AA$5:$AA$292,0)+4),INDEX('4℃麵'!$D$5:$D$292,MATCH(63,'4℃麵'!$AA$5:$AA$292,0)))) | E84: =IF(63>MAX('4℃其他'!$AA$5:$AA$304),"",HYPERLINK("#'4℃其他'!D"&(MATCH(63,'4℃其他'!$AA$5:$AA$304,0)+4),INDEX('4℃其他'!$D$5:$D$304,MATCH(63,'4℃其他'!$AA$5:$AA$304,0)))) | F84: =IF(63>MAX('冷凍品'!$AA$5:$AA$304),"",HYPERLINK("#'冷凍品'!D"&(MATCH(63,'冷凍品'!$AA$5:$AA$304,0)+4),INDEX('冷凍品'!$D$5:$D$304,MATCH(63,'冷凍品'!$AA$5:$AA$304,0))))
B85: =IF(64>MAX('18℃'!$Z$5:$Z$304),"",HYPERLINK("#'18℃'!C"&(MATCH(64,'18℃'!$Z$5:$Z$304,0)+4),INDEX('18℃'!$C$5:$C$304,MATCH(64,'18℃'!$Z$5:$Z$304,0)))) | C85: =IF(64>MAX('4℃飯'!$Z$5:$Z$304),"",HYPERLINK("#'4℃飯'!C"&(MATCH(64,'4℃飯'!$Z$5:$Z$304,0)+4),INDEX('4℃飯'!$C$5:$C$304,MATCH(64,'4℃飯'!$Z$5:$Z$304,0)))) | D85: =IF(64>MAX('4℃麵'!$AA$5:$AA$292),"",HYPERLINK("#'4℃麵'!D"&(MATCH(64,'4℃麵'!$AA$5:$AA$292,0)+4),INDEX('4℃麵'!$D$5:$D$292,MATCH(64,'4℃麵'!$AA$5:$AA$292,0)))) | E85: =IF(64>MAX('4℃其他'!$AA$5:$AA$304),"",HYPERLINK("#'4℃其他'!D"&(MATCH(64,'4℃其他'!$AA$5:$AA$304,0)+4),INDEX('4℃其他'!$D$5:$D$304,MATCH(64,'4℃其他'!$AA$5:$AA$304,0)))) | F85: =IF(64>MAX('冷凍品'!$AA$5:$AA$304),"",HYPERLINK("#'冷凍品'!D"&(MATCH(64,'冷凍品'!$AA$5:$AA$304,0)+4),INDEX('冷凍品'!$D$5:$D$304,MATCH(64,'冷凍品'!$AA$5:$AA$304,0))))
B86: =IF(65>MAX('18℃'!$Z$5:$Z$304),"",HYPERLINK("#'18℃'!C"&(MATCH(65,'18℃'!$Z$5:$Z$304,0)+4),INDEX('18℃'!$C$5:$C$304,MATCH(65,'18℃'!$Z$5:$Z$304,0)))) | C86: =IF(65>MAX('4℃飯'!$Z$5:$Z$304),"",HYPERLINK("#'4℃飯'!C"&(MATCH(65,'4℃飯'!$Z$5:$Z$304,0)+4),INDEX('4℃飯'!$C$5:$C$304,MATCH(65,'4℃飯'!$Z$5:$Z$304,0)))) | D86: =IF(65>MAX('4℃麵'!$AA$5:$AA$292),"",HYPERLINK("#'4℃麵'!D"&(MATCH(65,'4℃麵'!$AA$5:$AA$292,0)+4),INDEX('4℃麵'!$D$5:$D$292,MATCH(65,'4℃麵'!$AA$5:$AA$292,0)))) | E86: =IF(65>MAX('4℃其他'!$AA$5:$AA$304),"",HYPERLINK("#'4℃其他'!D"&(MATCH(65,'4℃其他'!$AA$5:$AA$304,0)+4),INDEX('4℃其他'!$D$5:$D$304,MATCH(65,'4℃其他'!$AA$5:$AA$304,0)))) | F86: =IF(65>MAX('冷凍品'!$AA$5:$AA$304),"",HYPERLINK("#'冷凍品'!D"&(MATCH(65,'冷凍品'!$AA$5:$AA$304,0)+4),INDEX('冷凍品'!$D$5:$D$304,MATCH(65,'冷凍品'!$AA$5:$AA$304,0))))
B87: =IF(66>MAX('18℃'!$Z$5:$Z$304),"",HYPERLINK("#'18℃'!C"&(MATCH(66,'18℃'!$Z$5:$Z$304,0)+4),INDEX('18℃'!$C$5:$C$304,MATCH(66,'18℃'!$Z$5:$Z$304,0)))) | C87: =IF(66>MAX('4℃飯'!$Z$5:$Z$304),"",HYPERLINK("#'4℃飯'!C"&(MATCH(66,'4℃飯'!$Z$5:$Z$304,0)+4),INDEX('4℃飯'!$C$5:$C$304,MATCH(66,'4℃飯'!$Z$5:$Z$304,0)))) | D87: =IF(66>MAX('4℃麵'!$AA$5:$AA$292),"",HYPERLINK("#'4℃麵'!D"&(MATCH(66,'4℃麵'!$AA$5:$AA$292,0)+4),INDEX('4℃麵'!$D$5:$D$292,MATCH(66,'4℃麵'!$AA$5:$AA$292,0)))) | E87: =IF(66>MAX('4℃其他'!$AA$5:$AA$304),"",HYPERLINK("#'4℃其他'!D"&(MATCH(66,'4℃其他'!$AA$5:$AA$304,0)+4),INDEX('4℃其他'!$D$5:$D$304,MATCH(66,'4℃其他'!$AA$5:$AA$304,0)))) | F87: =IF(66>MAX('冷凍品'!$AA$5:$AA$304),"",HYPERLINK("#'冷凍品'!D"&(MATCH(66,'冷凍品'!$AA$5:$AA$304,0)+4),INDEX('冷凍品'!$D$5:$D$304,MATCH(66,'冷凍品'!$AA$5:$AA$304,0))))
B88: =IF(67>MAX('18℃'!$Z$5:$Z$304),"",HYPERLINK("#'18℃'!C"&(MATCH(67,'18℃'!$Z$5:$Z$304,0)+4),INDEX('18℃'!$C$5:$C$304,MATCH(67,'18℃'!$Z$5:$Z$304,0)))) | C88: =IF(67>MAX('4℃飯'!$Z$5:$Z$304),"",HYPERLINK("#'4℃飯'!C"&(MATCH(67,'4℃飯'!$Z$5:$Z$304,0)+4),INDEX('4℃飯'!$C$5:$C$304,MATCH(67,'4℃飯'!$Z$5:$Z$304,0)))) | D88: =IF(67>MAX('4℃麵'!$AA$5:$AA$292),"",HYPERLINK("#'4℃麵'!D"&(MATCH(67,'4℃麵'!$AA$5:$AA$292,0)+4),INDEX('4℃麵'!$D$5:$D$292,MATCH(67,'4℃麵'!$AA$5:$AA$292,0)))) | E88: =IF(67>MAX('4℃其他'!$AA$5:$AA$304),"",HYPERLINK("#'4℃其他'!D"&(MATCH(67,'4℃其他'!$AA$5:$AA$304,0)+4),INDEX('4℃其他'!$D$5:$D$304,MATCH(67,'4℃其他'!$AA$5:$AA$304,0)))) | F88: =IF(67>MAX('冷凍品'!$AA$5:$AA$304),"",HYPERLINK("#'冷凍品'!D"&(MATCH(67,'冷凍品'!$AA$5:$AA$304,0)+4),INDEX('冷凍品'!$D$5:$D$304,MATCH(67,'冷凍品'!$AA$5:$AA$304,0))))
B89: =IF(68>MAX('18℃'!$Z$5:$Z$304),"",HYPERLINK("#'18℃'!C"&(MATCH(68,'18℃'!$Z$5:$Z$304,0)+4),INDEX('18℃'!$C$5:$C$304,MATCH(68,'18℃'!$Z$5:$Z$304,0)))) | C89: =IF(68>MAX('4℃飯'!$Z$5:$Z$304),"",HYPERLINK("#'4℃飯'!C"&(MATCH(68,'4℃飯'!$Z$5:$Z$304,0)+4),INDEX('4℃飯'!$C$5:$C$304,MATCH(68,'4℃飯'!$Z$5:$Z$304,0)))) | D89: =IF(68>MAX('4℃麵'!$AA$5:$AA$292),"",HYPERLINK("#'4℃麵'!D"&(MATCH(68,'4℃麵'!$AA$5:$AA$292,0)+4),INDEX('4℃麵'!$D$5:$D$292,MATCH(68,'4℃麵'!$AA$5:$AA$292,0)))) | E89: =IF(68>MAX('4℃其他'!$AA$5:$AA$304),"",HYPERLINK("#'4℃其他'!D"&(MATCH(68,'4℃其他'!$AA$5:$AA$304,0)+4),INDEX('4℃其他'!$D$5:$D$304,MATCH(68,'4℃其他'!$AA$5:$AA$304,0)))) | F89: =IF(68>MAX('冷凍品'!$AA$5:$AA$304),"",HYPERLINK("#'冷凍品'!D"&(MATCH(68,'冷凍品'!$AA$5:$AA$304,0)+4),INDEX('冷凍品'!$D$5:$D$304,MATCH(68,'冷凍品'!$AA$5:$AA$304,0))))
B90: =IF(69>MAX('18℃'!$Z$5:$Z$304),"",HYPERLINK("#'18℃'!C"&(MATCH(69,'18℃'!$Z$5:$Z$304,0)+4),INDEX('18℃'!$C$5:$C$304,MATCH(69,'18℃'!$Z$5:$Z$304,0)))) | C90: =IF(69>MAX('4℃飯'!$Z$5:$Z$304),"",HYPERLINK("#'4℃飯'!C"&(MATCH(69,'4℃飯'!$Z$5:$Z$304,0)+4),INDEX('4℃飯'!$C$5:$C$304,MATCH(69,'4℃飯'!$Z$5:$Z$304,0)))) | D90: =IF(69>MAX('4℃麵'!$AA$5:$AA$292),"",HYPERLINK("#'4℃麵'!D"&(MATCH(69,'4℃麵'!$AA$5:$AA$292,0)+4),INDEX('4℃麵'!$D$5:$D$292,MATCH(69,'4℃麵'!$AA$5:$AA$292,0)))) | E90: =IF(69>MAX('4℃其他'!$AA$5:$AA$304),"",HYPERLINK("#'4℃其他'!D"&(MATCH(69,'4℃其他'!$AA$5:$AA$304,0)+4),INDEX('4℃其他'!$D$5:$D$304,MATCH(69,'4℃其他'!$AA$5:$AA$304,0)))) | F90: =IF(69>MAX('冷凍品'!$AA$5:$AA$304),"",HYPERLINK("#'冷凍品'!D"&(MATCH(69,'冷凍品'!$AA$5:$AA$304,0)+4),INDEX('冷凍品'!$D$5:$D$304,MATCH(69,'冷凍品'!$AA$5:$AA$304,0))))
B91: =IF(70>MAX('18℃'!$Z$5:$Z$304),"",HYPERLINK("#'18℃'!C"&(MATCH(70,'18℃'!$Z$5:$Z$304,0)+4),INDEX('18℃'!$C$5:$C$304,MATCH(70,'18℃'!$Z$5:$Z$304,0)))) | C91: =IF(70>MAX('4℃飯'!$Z$5:$Z$304),"",HYPERLINK("#'4℃飯'!C"&(MATCH(70,'4℃飯'!$Z$5:$Z$304,0)+4),INDEX('4℃飯'!$C$5:$C$304,MATCH(70,'4℃飯'!$Z$5:$Z$304,0)))) | D91: =IF(70>MAX('4℃麵'!$AA$5:$AA$292),"",HYPERLINK("#'4℃麵'!D"&(MATCH(70,'4℃麵'!$AA$5:$AA$292,0)+4),INDEX('4℃麵'!$D$5:$D$292,MATCH(70,'4℃麵'!$AA$5:$AA$292,0)))) | E91: =IF(70>MAX('4℃其他'!$AA$5:$AA$304),"",HYPERLINK("#'4℃其他'!D"&(MATCH(70,'4℃其他'!$AA$5:$AA$304,0)+4),INDEX('4℃其他'!$D$5:$D$304,MATCH(70,'4℃其他'!$AA$5:$AA$304,0)))) | F91: =IF(70>MAX('冷凍品'!$AA$5:$AA$304),"",HYPERLINK("#'冷凍品'!D"&(MATCH(70,'冷凍品'!$AA$5:$AA$304,0)+4),INDEX('冷凍品'!$D$5:$D$304,MATCH(70,'冷凍品'!$AA$5:$AA$304,0))))
B92: =IF(71>MAX('18℃'!$Z$5:$Z$304),"",HYPERLINK("#'18℃'!C"&(MATCH(71,'18℃'!$Z$5:$Z$304,0)+4),INDEX('18℃'!$C$5:$C$304,MATCH(71,'18℃'!$Z$5:$Z$304,0)))) | C92: =IF(71>MAX('4℃飯'!$Z$5:$Z$304),"",HYPERLINK("#'4℃飯'!C"&(MATCH(71,'4℃飯'!$Z$5:$Z$304,0)+4),INDEX('4℃飯'!$C$5:$C$304,MATCH(71,'4℃飯'!$Z$5:$Z$304,0)))) | D92: =IF(71>MAX('4℃麵'!$AA$5:$AA$292),"",HYPERLINK("#'4℃麵'!D"&(MATCH(71,'4℃麵'!$AA$5:$AA$292,0)+4),INDEX('4℃麵'!$D$5:$D$292,MATCH(71,'4℃麵'!$AA$5:$AA$292,0)))) | E92: =IF(71>MAX('4℃其他'!$AA$5:$AA$304),"",HYPERLINK("#'4℃其他'!D"&(MATCH(71,'4℃其他'!$AA$5:$AA$304,0)+4),INDEX('4℃其他'!$D$5:$D$304,MATCH(71,'4℃其他'!$AA$5:$AA$304,0)))) | F92: =IF(71>MAX('冷凍品'!$AA$5:$AA$304),"",HYPERLINK("#'冷凍品'!D"&(MATCH(71,'冷凍品'!$AA$5:$AA$304,0)+4),INDEX('冷凍品'!$D$5:$D$304,MATCH(71,'冷凍品'!$AA$5:$AA$304,0))))
B93: =IF(72>MAX('18℃'!$Z$5:$Z$304),"",HYPERLINK("#'18℃'!C"&(MATCH(72,'18℃'!$Z$5:$Z$304,0)+4),INDEX('18℃'!$C$5:$C$304,MATCH(72,'18℃'!$Z$5:$Z$304,0)))) | C93: =IF(72>MAX('4℃飯'!$Z$5:$Z$304),"",HYPERLINK("#'4℃飯'!C"&(MATCH(72,'4℃飯'!$Z$5:$Z$304,0)+4),INDEX('4℃飯'!$C$5:$C$304,MATCH(72,'4℃飯'!$Z$5:$Z$304,0)))) | D93: =IF(72>MAX('4℃麵'!$AA$5:$AA$292),"",HYPERLINK("#'4℃麵'!D"&(MATCH(72,'4℃麵'!$AA$5:$AA$292,0)+4),INDEX('4℃麵'!$D$5:$D$292,MATCH(72,'4℃麵'!$AA$5:$AA$292,0)))) | E93: =IF(72>MAX('4℃其他'!$AA$5:$AA$304),"",HYPERLINK("#'4℃其他'!D"&(MATCH(72,'4℃其他'!$AA$5:$AA$304,0)+4),INDEX('4℃其他'!$D$5:$D$304,MATCH(72,'4℃其他'!$AA$5:$AA$304,0)))) | F93: =IF(72>MAX('冷凍品'!$AA$5:$AA$304),"",HYPERLINK("#'冷凍品'!D"&(MATCH(72,'冷凍品'!$AA$5:$AA$304,0)+4),INDEX('冷凍品'!$D$5:$D$304,MATCH(72,'冷凍品'!$AA$5:$AA$304,0))))
B94: =IF(73>MAX('18℃'!$Z$5:$Z$304),"",HYPERLINK("#'18℃'!C"&(MATCH(73,'18℃'!$Z$5:$Z$304,0)+4),INDEX('18℃'!$C$5:$C$304,MATCH(73,'18℃'!$Z$5:$Z$304,0)))) | C94: =IF(73>MAX('4℃飯'!$Z$5:$Z$304),"",HYPERLINK("#'4℃飯'!C"&(MATCH(73,'4℃飯'!$Z$5:$Z$304,0)+4),INDEX('4℃飯'!$C$5:$C$304,MATCH(73,'4℃飯'!$Z$5:$Z$304,0)))) | D94: =IF(73>MAX('4℃麵'!$AA$5:$AA$292),"",HYPERLINK("#'4℃麵'!D"&(MATCH(73,'4℃麵'!$AA$5:$AA$292,0)+4),INDEX('4℃麵'!$D$5:$D$292,MATCH(73,'4℃麵'!$AA$5:$AA$292,0)))) | E94: =IF(73>MAX('4℃其他'!$AA$5:$AA$304),"",HYPERLINK("#'4℃其他'!D"&(MATCH(73,'4℃其他'!$AA$5:$AA$304,0)+4),INDEX('4℃其他'!$D$5:$D$304,MATCH(73,'4℃其他'!$AA$5:$AA$304,0)))) | F94: =IF(73>MAX('冷凍品'!$AA$5:$AA$304),"",HYPERLINK("#'冷凍品'!D"&(MATCH(73,'冷凍品'!$AA$5:$AA$304,0)+4),INDEX('冷凍品'!$D$5:$D$304,MATCH(73,'冷凍品'!$AA$5:$AA$304,0))))
B95: =IF(74>MAX('18℃'!$Z$5:$Z$304),"",HYPERLINK("#'18℃'!C"&(MATCH(74,'18℃'!$Z$5:$Z$304,0)+4),INDEX('18℃'!$C$5:$C$304,MATCH(74,'18℃'!$Z$5:$Z$304,0)))) | C95: =IF(74>MAX('4℃飯'!$Z$5:$Z$304),"",HYPERLINK("#'4℃飯'!C"&(MATCH(74,'4℃飯'!$Z$5:$Z$304,0)+4),INDEX('4℃飯'!$C$5:$C$304,MATCH(74,'4℃飯'!$Z$5:$Z$304,0)))) | D95: =IF(74>MAX('4℃麵'!$AA$5:$AA$292),"",HYPERLINK("#'4℃麵'!D"&(MATCH(74,'4℃麵'!$AA$5:$AA$292,0)+4),INDEX('4℃麵'!$D$5:$D$292,MATCH(74,'4℃麵'!$AA$5:$AA$292,0)))) | E95: =IF(74>MAX('4℃其他'!$AA$5:$AA$304),"",HYPERLINK("#'4℃其他'!D"&(MATCH(74,'4℃其他'!$AA$5:$AA$304,0)+4),INDEX('4℃其他'!$D$5:$D$304,MATCH(74,'4℃其他'!$AA$5:$AA$304,0)))) | F95: =IF(74>MAX('冷凍品'!$AA$5:$AA$304),"",HYPERLINK("#'冷凍品'!D"&(MATCH(74,'冷凍品'!$AA$5:$AA$304,0)+4),INDEX('冷凍品'!$D$5:$D$304,MATCH(74,'冷凍品'!$AA$5:$AA$304,0))))
B96: =IF(75>MAX('18℃'!$Z$5:$Z$304),"",HYPERLINK("#'18℃'!C"&(MATCH(75,'18℃'!$Z$5:$Z$304,0)+4),INDEX('18℃'!$C$5:$C$304,MATCH(75,'18℃'!$Z$5:$Z$304,0)))) | C96: =IF(75>MAX('4℃飯'!$Z$5:$Z$304),"",HYPERLINK("#'4℃飯'!C"&(MATCH(75,'4℃飯'!$Z$5:$Z$304,0)+4),INDEX('4℃飯'!$C$5:$C$304,MATCH(75,'4℃飯'!$Z$5:$Z$304,0)))) | D96: =IF(75>MAX('4℃麵'!$AA$5:$AA$292),"",HYPERLINK("#'4℃麵'!D"&(MATCH(75,'4℃麵'!$AA$5:$AA$292,0)+4),INDEX('4℃麵'!$D$5:$D$292,MATCH(75,'4℃麵'!$AA$5:$AA$292,0)))) | E96: =IF(75>MAX('4℃其他'!$AA$5:$AA$304),"",HYPERLINK("#'4℃其他'!D"&(MATCH(75,'4℃其他'!$AA$5:$AA$304,0)+4),INDEX('4℃其他'!$D$5:$D$304,MATCH(75,'4℃其他'!$AA$5:$AA$304,0)))) | F96: =IF(75>MAX('冷凍品'!$AA$5:$AA$304),"",HYPERLINK("#'冷凍品'!D"&(MATCH(75,'冷凍品'!$AA$5:$AA$304,0)+4),INDEX('冷凍品'!$D$5:$D$304,MATCH(75,'冷凍品'!$AA$5:$AA$304,0))))
B97: =IF(76>MAX('18℃'!$Z$5:$Z$304),"",HYPERLINK("#'18℃'!C"&(MATCH(76,'18℃'!$Z$5:$Z$304,0)+4),INDEX('18℃'!$C$5:$C$304,MATCH(76,'18℃'!$Z$5:$Z$304,0)))) | C97: =IF(76>MAX('4℃飯'!$Z$5:$Z$304),"",HYPERLINK("#'4℃飯'!C"&(MATCH(76,'4℃飯'!$Z$5:$Z$304,0)+4),INDEX('4℃飯'!$C$5:$C$304,MATCH(76,'4℃飯'!$Z$5:$Z$304,0)))) | D97: =IF(76>MAX('4℃麵'!$AA$5:$AA$292),"",HYPERLINK("#'4℃麵'!D"&(MATCH(76,'4℃麵'!$AA$5:$AA$292,0)+4),INDEX('4℃麵'!$D$5:$D$292,MATCH(76,'4℃麵'!$AA$5:$AA$292,0)))) | E97: =IF(76>MAX('4℃其他'!$AA$5:$AA$304),"",HYPERLINK("#'4℃其他'!D"&(MATCH(76,'4℃其他'!$AA$5:$AA$304,0)+4),INDEX('4℃其他'!$D$5:$D$304,MATCH(76,'4℃其他'!$AA$5:$AA$304,0)))) | F97: =IF(76>MAX('冷凍品'!$AA$5:$AA$304),"",HYPERLINK("#'冷凍品'!D"&(MATCH(76,'冷凍品'!$AA$5:$AA$304,0)+4),INDEX('冷凍品'!$D$5:$D$304,MATCH(76,'冷凍品'!$AA$5:$AA$304,0))))
B98: =IF(77>MAX('18℃'!$Z$5:$Z$304),"",HYPERLINK("#'18℃'!C"&(MATCH(77,'18℃'!$Z$5:$Z$304,0)+4),INDEX('18℃'!$C$5:$C$304,MATCH(77,'18℃'!$Z$5:$Z$304,0)))) | C98: =IF(77>MAX('4℃飯'!$Z$5:$Z$304),"",HYPERLINK("#'4℃飯'!C"&(MATCH(77,'4℃飯'!$Z$5:$Z$304,0)+4),INDEX('4℃飯'!$C$5:$C$304,MATCH(77,'4℃飯'!$Z$5:$Z$304,0)))) | D98: =IF(77>MAX('4℃麵'!$AA$5:$AA$292),"",HYPERLINK("#'4℃麵'!D"&(MATCH(77,'4℃麵'!$AA$5:$AA$292,0)+4),INDEX('4℃麵'!$D$5:$D$292,MATCH(77,'4℃麵'!$AA$5:$AA$292,0)))) | E98: =IF(77>MAX('4℃其他'!$AA$5:$AA$304),"",HYPERLINK("#'4℃其他'!D"&(MATCH(77,'4℃其他'!$AA$5:$AA$304,0)+4),INDEX('4℃其他'!$D$5:$D$304,MATCH(77,'4℃其他'!$AA$5:$AA$304,0)))) | F98: =IF(77>MAX('冷凍品'!$AA$5:$AA$304),"",HYPERLINK("#'冷凍品'!D"&(MATCH(77,'冷凍品'!$AA$5:$AA$304,0)+4),INDEX('冷凍品'!$D$5:$D$304,MATCH(77,'冷凍品'!$AA$5:$AA$304,0))))
B99: =IF(78>MAX('18℃'!$Z$5:$Z$304),"",HYPERLINK("#'18℃'!C"&(MATCH(78,'18℃'!$Z$5:$Z$304,0)+4),INDEX('18℃'!$C$5:$C$304,MATCH(78,'18℃'!$Z$5:$Z$304,0)))) | C99: =IF(78>MAX('4℃飯'!$Z$5:$Z$304),"",HYPERLINK("#'4℃飯'!C"&(MATCH(78,'4℃飯'!$Z$5:$Z$304,0)+4),INDEX('4℃飯'!$C$5:$C$304,MATCH(78,'4℃飯'!$Z$5:$Z$304,0)))) | D99: =IF(78>MAX('4℃麵'!$AA$5:$AA$292),"",HYPERLINK("#'4℃麵'!D"&(MATCH(78,'4℃麵'!$AA$5:$AA$292,0)+4),INDEX('4℃麵'!$D$5:$D$292,MATCH(78,'4℃麵'!$AA$5:$AA$292,0)))) | E99: =IF(78>MAX('4℃其他'!$AA$5:$AA$304),"",HYPERLINK("#'4℃其他'!D"&(MATCH(78,'4℃其他'!$AA$5:$AA$304,0)+4),INDEX('4℃其他'!$D$5:$D$304,MATCH(78,'4℃其他'!$AA$5:$AA$304,0)))) | F99: =IF(78>MAX('冷凍品'!$AA$5:$AA$304),"",HYPERLINK("#'冷凍品'!D"&(MATCH(78,'冷凍品'!$AA$5:$AA$304,0)+4),INDEX('冷凍品'!$D$5:$D$304,MATCH(78,'冷凍品'!$AA$5:$AA$304,0))))
B100: =IF(79>MAX('18℃'!$Z$5:$Z$304),"",HYPERLINK("#'18℃'!C"&(MATCH(79,'18℃'!$Z$5:$Z$304,0)+4),INDEX('18℃'!$C$5:$C$304,MATCH(79,'18℃'!$Z$5:$Z$304,0)))) | C100: =IF(79>MAX('4℃飯'!$Z$5:$Z$304),"",HYPERLINK("#'4℃飯'!C"&(MATCH(79,'4℃飯'!$Z$5:$Z$304,0)+4),INDEX('4℃飯'!$C$5:$C$304,MATCH(79,'4℃飯'!$Z$5:$Z$304,0)))) | D100: =IF(79>MAX('4℃麵'!$AA$5:$AA$292),"",HYPERLINK("#'4℃麵'!D"&(MATCH(79,'4℃麵'!$AA$5:$AA$292,0)+4),INDEX('4℃麵'!$D$5:$D$292,MATCH(79,'4℃麵'!$AA$5:$AA$292,0)))) | E100: =IF(79>MAX('4℃其他'!$AA$5:$AA$304),"",HYPERLINK("#'4℃其他'!D"&(MATCH(79,'4℃其他'!$AA$5:$AA$304,0)+4),INDEX('4℃其他'!$D$5:$D$304,MATCH(79,'4℃其他'!$AA$5:$AA$304,0)))) | F100: =IF(79>MAX('冷凍品'!$AA$5:$AA$304),"",HYPERLINK("#'冷凍品'!D"&(MATCH(79,'冷凍品'!$AA$5:$AA$304,0)+4),INDEX('冷凍品'!$D$5:$D$304,MATCH(79,'冷凍品'!$AA$5:$AA$304,0))))
B101: =IF(80>MAX('18℃'!$Z$5:$Z$304),"",HYPERLINK("#'18℃'!C"&(MATCH(80,'18℃'!$Z$5:$Z$304,0)+4),INDEX('18℃'!$C$5:$C$304,MATCH(80,'18℃'!$Z$5:$Z$304,0)))) | C101: =IF(80>MAX('4℃飯'!$Z$5:$Z$304),"",HYPERLINK("#'4℃飯'!C"&(MATCH(80,'4℃飯'!$Z$5:$Z$304,0)+4),INDEX('4℃飯'!$C$5:$C$304,MATCH(80,'4℃飯'!$Z$5:$Z$304,0)))) | D101: =IF(80>MAX('4℃麵'!$AA$5:$AA$292),"",HYPERLINK("#'4℃麵'!D"&(MATCH(80,'4℃麵'!$AA$5:$AA$292,0)+4),INDEX('4℃麵'!$D$5:$D$292,MATCH(80,'4℃麵'!$AA$5:$AA$292,0)))) | E101: =IF(80>MAX('4℃其他'!$AA$5:$AA$304),"",HYPERLINK("#'4℃其他'!D"&(MATCH(80,'4℃其他'!$AA$5:$AA$304,0)+4),INDEX('4℃其他'!$D$5:$D$304,MATCH(80,'4℃其他'!$AA$5:$AA$304,0)))) | F101: =IF(80>MAX('冷凍品'!$AA$5:$AA$304),"",HYPERLINK("#'冷凍品'!D"&(MATCH(80,'冷凍品'!$AA$5:$AA$304,0)+4),INDEX('冷凍品'!$D$5:$D$304,MATCH(80,'冷凍品'!$AA$5:$AA$304,0))))
B102: =IF(81>MAX('18℃'!$Z$5:$Z$304),"",HYPERLINK("#'18℃'!C"&(MATCH(81,'18℃'!$Z$5:$Z$304,0)+4),INDEX('18℃'!$C$5:$C$304,MATCH(81,'18℃'!$Z$5:$Z$304,0)))) | C102: =IF(81>MAX('4℃飯'!$Z$5:$Z$304),"",HYPERLINK("#'4℃飯'!C"&(MATCH(81,'4℃飯'!$Z$5:$Z$304,0)+4),INDEX('4℃飯'!$C$5:$C$304,MATCH(81,'4℃飯'!$Z$5:$Z$304,0)))) | D102: =IF(81>MAX('4℃麵'!$AA$5:$AA$292),"",HYPERLINK("#'4℃麵'!D"&(MATCH(81,'4℃麵'!$AA$5:$AA$292,0)+4),INDEX('4℃麵'!$D$5:$D$292,MATCH(81,'4℃麵'!$AA$5:$AA$292,0)))) | E102: =IF(81>MAX('4℃其他'!$AA$5:$AA$304),"",HYPERLINK("#'4℃其他'!D"&(MATCH(81,'4℃其他'!$AA$5:$AA$304,0)+4),INDEX('4℃其他'!$D$5:$D$304,MATCH(81,'4℃其他'!$AA$5:$AA$304,0)))) | F102: =IF(81>MAX('冷凍品'!$AA$5:$AA$304),"",HYPERLINK("#'冷凍品'!D"&(MATCH(81,'冷凍品'!$AA$5:$AA$304,0)+4),INDEX('冷凍品'!$D$5:$D$304,MATCH(81,'冷凍品'!$AA$5:$AA$304,0))))
B103: =IF(82>MAX('18℃'!$Z$5:$Z$304),"",HYPERLINK("#'18℃'!C"&(MATCH(82,'18℃'!$Z$5:$Z$304,0)+4),INDEX('18℃'!$C$5:$C$304,MATCH(82,'18℃'!$Z$5:$Z$304,0)))) | C103: =IF(82>MAX('4℃飯'!$Z$5:$Z$304),"",HYPERLINK("#'4℃飯'!C"&(MATCH(82,'4℃飯'!$Z$5:$Z$304,0)+4),INDEX('4℃飯'!$C$5:$C$304,MATCH(82,'4℃飯'!$Z$5:$Z$304,0)))) | D103: =IF(82>MAX('4℃麵'!$AA$5:$AA$292),"",HYPERLINK("#'4℃麵'!D"&(MATCH(82,'4℃麵'!$AA$5:$AA$292,0)+4),INDEX('4℃麵'!$D$5:$D$292,MATCH(82,'4℃麵'!$AA$5:$AA$292,0)))) | E103: =IF(82>MAX('4℃其他'!$AA$5:$AA$304),"",HYPERLINK("#'4℃其他'!D"&(MATCH(82,'4℃其他'!$AA$5:$AA$304,0)+4),INDEX('4℃其他'!$D$5:$D$304,MATCH(82,'4℃其他'!$AA$5:$AA$304,0)))) | F103: =IF(82>MAX('冷凍品'!$AA$5:$AA$304),"",HYPERLINK("#'冷凍品'!D"&(MATCH(82,'冷凍品'!$AA$5:$AA$304,0)+4),INDEX('冷凍品'!$D$5:$D$304,MATCH(82,'冷凍品'!$AA$5:$AA$304,0))))
...

Sheet 填寫說明
B2: 商品半成品與調理設備應用展開一覽表｜填寫說明
B4: 目的 | C4: 盤點本廠商品之半成品組成，及各半成品應用之熱調理設備，據以掌握設備應用狀態（初步以「應用半成品數」衡量），並透過風險示警提前辨識設備依賴集中與資料缺漏。本檔為單一工廠使用，每廠一檔。
B6: 工作表結構 | C6: 「總覽」可點商品名稱跳至明細；五個溫層分頁填寫半成品與設備。「設備應用統計」自動彙總，僅藍字門檻可調整。
B7: 分頁歸類原則 | C7: 商品依販售溫層與品類歸入對應分頁；同一商品的所有半成品填在同一分頁。分頁內的「商品分類」欄可再填細分品類（如飯糰、壽司、便當、涼麵、甜點等）。
B9: 填寫規則 1 | C9: 填寫字體規範「微軟正黑體」，字體大小「10」號
B10: 填寫規則 2 | C10: 每一列代表「一個商品 × 一項半成品」。同一商品有 3 項半成品即填 3 列，且每列的工廠、商品名稱都要填（勿留空、勿合併儲存格），統計公式才能正確計算。
B11: 填寫規則 3 | C11: 有使用調理設備時，在該設備欄下拉選「V」。完全不經調理時，僅於「無使用調理設備」選「V」，不可同時勾選。
B12: 填寫規則 4 | C12: 單位用量分兩欄：「數值」填數字、「單位」下拉選公克或個。製程率直接填數字（如 92），系統自動顯示為 92%。尚未確認者可先留白，不影響設備統計。
B13: 填寫規則 5 | C13: 每列須填「建檔人員」，作為資料追溯窗口。「備註」請註記指示書編號與版本日期，依各分頁欄名填寫。
B14: 填寫規則 6 | C14: 最右側「系統用」隱藏欄自動計算商品目錄與品項數，請勿貼上數值或手動修改。
B16: 風險示警邏輯 | C16: 門檻可於「設備應用統計」C3:C5 藍字儲存格調整。檢核結果共五種狀態：
B17: ⚠ 資料缺漏（紅） | C17: 半成品已填名稱，但 11 個設備欄與「無使用調理設備」皆未勾選 → 須補填，或確認為免調理並勾選「無使用調理設備」。
B18: ⚠ 勾選矛盾（紅） | C18: 同時勾選「無使用調理設備」與任一設備欄 → 邏輯矛盾，請擇一修正。
... B25: 自動資料檢查 | C25: 以下以已填商品或半成品的資料列檢查。數量按明細列計，同一商品可有多列。
B26: 狀態未填（列） | C26: =SUM(COUNTIFS('4℃麵'!$D$5:$D$292,"<>",'4℃麵'!$A$5:$A$292,""),COUNTIFS('4℃其他'!$D$5:$D$304,"<>",'4℃其他'!$A$5:$A$304,""),COUNTIFS('冷凍品'!$D$5:$D$304,"<>",'冷凍品'!$A$5:$A$304,"")) -> 0
B27: 半成品名稱未填（列） | C27: =SUM(COUNTIFS('18℃'!$C$5:$C$304,"<>",'18℃'!$D$5:$D$304,""),COUNTIFS('4℃飯'!$C$5:$C$304,"<>",'4℃飯'!$D$5:$D$304,""),COUNTIFS('4℃麵'!$D$5:$D$292,"<>",'4℃麵'!$E$5:$E$292,""),COUNTIFS('4℃其他'!$D$5:$D$304,"<>",'4℃其他'!$E$5:$E$304,""),COUNTIFS('冷凍品'!$D$5:$D$304,"<>",'冷凍品'!$E$5:$E$304,"")) -> 0
B28: 設備未勾選（列） | C28: =SUM(COUNTIF('18℃'!$U$5:$U$304,"⚠ 資料缺漏"),COUNTIF('4℃飯'!$U$5:$U$304,"⚠ 資料缺漏"),COUNTIF('4℃麵'!$V$5:$V$292,"⚠ 資料缺漏"),COUNTIF('4℃其他'!$V$5:$V$304,"⚠ 資料缺漏"),COUNTIF('冷凍品'!$V$5:$V$304,"⚠ 資料缺漏")) -> 0
B29: 設備勾選矛盾（列） | C29: =SUM(COUNTIF('18℃'!$U$5:$U$304,"⚠ 勾選矛盾"),COUNTIF('4℃飯'!$U$5:$U$304,"⚠ 勾選矛盾"),COUNTIF('4℃麵'!$V$5:$V$292,"⚠ 勾選矛盾"),COUNTIF('4℃其他'!$V$5:$V$304,"⚠ 勾選矛盾"),COUNTIF('冷凍品'!$V$5:$V$304,"⚠ 勾選矛盾")) -> 0
B30: 建檔人員未填（列） | C30: =SUM(COUNTIFS('18℃'!$D$5:$D$304,"<>",'18℃'!$X$5:$X$304,""),COUNTIFS('4℃飯'!$D$5:$D$304,"<>",'4℃飯'!$X$5:$X$304,""),COUNTIFS('4℃麵'!$E$5:$E$292,"<>",'4℃麵'!$Y$5:$Y$292,""),COUNTIFS('4℃其他'!$E$5:$E$304,"<>",'4℃其他'!$Y$5:$Y$304,""),COUNTIFS('冷凍品'!$E$5:$E$304,"<>",'冷凍品'!$Y$5:$Y$304,"")) -> 140
B31: 工廠不符或未填（列） | C31: =SUM(COUNTIFS('18℃'!$D$5:$D$304,"<>",'18℃'!$A$5:$A$304,"<>長家"),COUNTIFS('4℃飯'!$D$5:$D$304,"<>",'4℃飯'!$A$5:$A$304,"<>長家"),COUNTIFS('4℃麵'!$E$5:$E$292,"<>",'4℃麵'!$B$5:$B$292,"<>長家"),COUNTIFS('4℃其他'!$E$5:$E$304,"<>",'4℃其他'!$B$5:$B$304,"<>長家"),COUNTIFS('冷凍品'!$E$5:$E$304,"<>",'冷凍品'!$B$5:$B$304,"<>長家")) -> 0
B32: 用量有值但單位未填（列） | C32: =SUM(COUNTIFS('18℃'!$D$5:$D$304,"<>",'18℃'!$E$5:$E$304,"<>",'18℃'!$F$5:$F$304,""),COUNTIFS('4℃飯'!$D$5:$D$304,"<>",'4℃飯'!$E$5:$E$304,"<>",'4℃飯'!$F$5:$F$304,""),COUNTIFS('4℃麵'!$E$5:$E$292,"<>",'4℃麵'!$F$5:$F$292,"<>",'4℃麵'!$G$5:$G$292,""),COUNTIFS('4℃其他'!$E$5:$E$304,"<>",'4℃其他'!$F$5:$F$304,"<>",'4℃其他'!$G$5:$G$304,""),COUNTIFS('冷凍品'!$E$5:$E$304,"<>",'冷凍品'!$F$5:$F$304,"<>",'冷凍品'!$G$5:$G$304,"")) -> 0
B34: 狀態判定基準 | C34: 本次已確認狀態依2026/10/14訂單與逐項確認結果。未上市商品保留待上架。後續更新需先確認訂單日期。
B35: 篩選與色彩 | C35: 狀態欄可篩選架上、下架、待上架。橘色表示狀態漏填或同商品不一致；淡黃表示建檔人員或單位待補。
B36: 批次更新同一商品 | C36: 先用商品名稱篩選，選取該商品可見的狀態儲存格，按 Alt+; 僅選可見儲存格，輸入狀態後按 Ctrl+Enter。
B37: 新增商品或半成品 | C37: 請在現有表格範圍內插入整列，再複製相鄰整列的格式、公式與選單，清除輸入資料後填寫新內容。
B38: 保留未確認內容 | C38: 未有依據的建檔人員、用量與單位不代填。未設狀態欄的分頁不納入狀態漏填檢查，既有「-」保留待確認。

Sheet 18℃
A1: 商品半成品與調理設備應用展開一覽表｜18℃
A2: 商品資訊 | H2: 熱調理區（使用者填「V」；免調理者勾最右欄） | T2: 自動計算與風險檢核（勿手動修改） | W2: 建檔資訊（手填）
A3: 工廠 | B3: 商品分類 (細分品類) | C3: 商品名稱 | D3: 半成品名稱 | E3: 單位用量 | G3: 製程率 (填數字) | H3: 炊飯 | I3: 煮麵 | J3: 烤箱 | K3: 炙燒 | L3: 蒸箱 | M3: 油炸機 | N3: 二重釜 | O3: 平釜 (日) | P3: 平釜 (台) | Q3: 蛋皮機 | R3: 壓力鍋 | S3: 無使用 調理設備 | T3: 使用 設備數 | U3: 檢核結果 | V3: 風險說明 | W3: 備註 (指示書編號/版本) | X3: 建檔人員 | Y3: 系統用Y | Z3: 系統用Z
E4: 數值 | F4: 單位
T5: =IF($D5="","",COUNTIF($H5:$R5,"V")) | U5: =IF($D5="","",IF(AND($S5="V",$T5>0),"⚠ 勾選矛盾",IF($S5="V","○ 免調理",IF($T5=0,"⚠ 資料缺漏",IF($T5=1,"▲ 單一設備依賴","OK"))))) | V5: =IF($D5="","",IF(AND($S5="V",$T5>0),"「無使用調理設備」不可與設備欄同時勾選，請擇一修正",IF($S5="V","免調理半成品（外購/僅切配等），不列入設備風險評估",IF($T5=0,"未勾選任何設備，請補填或勾選「無使用調理設備」",IF($T5=1,"僅依賴1台設備，須確認故障/排修時之備援製程","無異常"))))) | W5: 1140514明太子龍蝦風味沙拉飯糰.確認版(7)E02切換gkk | X5: 例：王小美 | Y5: =IF($C5="",0,IF(COUNTIF($C$5:$C5,$C5)=1,1,0)) -> 0 | Z5: =IF(Y5=1,SUM($Y$5:$Y5),"")
T6: =IF($D6="","",COUNTIF($H6:$R6,"V")) | U6: =IF($D6="","",IF(AND($S6="V",$T6>0),"⚠ 勾選矛盾",IF($S6="V","○ 免調理",IF($T6=0,"⚠ 資料缺漏",IF($T6=1,"▲ 單一設備依賴","OK"))))) | V6: =IF($D6="","",IF(AND($S6="V",$T6>0),"「無使用調理設備」不可與設備欄同時勾選，請擇一修正",IF($S6="V","免調理半成品（外購/僅切配等），不列入設備風險評估",IF($T6=0,"未勾選任何設備，請補填或勾選「無使用調理設備」",IF($T6=1,"僅依賴1台設備，須確認故障/排修時之備援製程","無異常"))))) | W6: 1140514明太子龍蝦風味沙拉飯糰.確認版(7)E02切換gkk | X6: 例：王小美 | Y6: =IF($C6="",0,IF(COUNTIF($C$5:$C6,$C6)=1,1,0)) -> 0 | Z6: =IF(Y6=1,SUM($Y$5:$Y6),"")
T7: =IF($D7="","",COUNTIF($H7:$R7,"V")) | U7: =IF($D7="","",IF(AND($S7="V",$T7>0),"⚠ 勾選矛盾",IF($S7="V","○ 免調理",IF($T7=0,"⚠ 資料缺漏",IF($T7=1,"▲ 單一設備依賴","OK"))))) | V7: =IF($D7="","",IF(AND($S7="V",$T7>0),"「無使用調理設備」不可與設備欄同時勾選，請擇一修正",IF($S7="V","免調理半成品（外購/僅切配等），不列入設備風險評估",IF($T7=0,"未勾選任何設備，請補填或勾選「無使用調理設備」",IF($T7=1,"僅依賴1台設備，須確認故障/排修時之備援製程","無異常"))))) | Y7: =IF($C7="",0,IF(COUNTIF($C$5:$C7,$C7)=1,1,0)) -> 0 | Z7: =IF(Y7=1,SUM($Y$5:$Y7),"")
T8: =IF($D8="","",COUNTIF($H8:$R8,"V")) | U8: =IF($D8="","",IF(AND($S8="V",$T8>0),"⚠ 勾選矛盾",IF($S8="V","○ 免調理",IF($T8=0,"⚠ 資料缺漏",IF($T8=1,"▲ 單一設備依賴","OK"))))) | V8: =IF($D8="","",IF(AND($S8="V",$T8>0),"「無使用調理設備」不可與設備欄同時勾選，請擇一修正",IF($S8="V","免調理半成品（外購/僅切配等），不列入設備風險評估",IF($T8=0,"未勾選任何設備，請補填或勾選「無使用調理設備」",IF($T8=1,"僅依賴1台設備，須確認故障/排修時之備援製程","無異常"))))) | Y8: =IF($C8="",0,IF(COUNTIF($C$5:$C8,$C8)=1,1,0)) -> 0 | Z8: =IF(Y8=1,SUM($Y$5:$Y8),"")
T9: =IF($D9="","",COUNTIF($H9:$R9,"V")) | U9: =IF($D9="","",IF(AND($S9="V",$T9>0),"⚠ 勾選矛盾",IF($S9="V","○ 免調理",IF($T9=0,"⚠ 資料缺漏",IF($T9=1,"▲ 單一設備依賴","OK"))))) | V9: =IF($D9="","",IF(AND($S9="V",$T9>0),"「無使用調理設備」不可與設備欄同時勾選，請擇一修正",IF($S9="V","免調理半成品（外購/僅切配等），不列入設備風險評估",IF($T9=0,"未勾選任何設備，請補填或勾選「無使用調理設備」",IF($T9=1,"僅依賴1台設備，須確認故障/排修時之備援製程","無異常"))))) | Y9: =IF($C9="",0,IF(COUNTIF($C$5:$C9,$C9)=1,1,0)) -> 0 | Z9: =IF(Y9=1,SUM($Y$5:$Y9),"")
T10: =IF($D10="","",COUNTIF($H10:$R10,"V")) | U10: =IF($D10="","",IF(AND($S10="V",$T10>0),"⚠ 勾選矛盾",IF($S10="V","○ 免調理",IF($T10=0,"⚠ 資料缺漏",IF($T10=1,"▲ 單一設備依賴","OK"))))) | V10: =IF($D10="","",IF(AND($S10="V",$T10>0),"「無使用調理設備」不可與設備欄同時勾選，請擇一修正",IF($S10="V","免調理半成品（外購/僅切配等），不列入設備風險評估",IF($T10=0,"未勾選任何設備，請補填或勾選「無使用調理設備」",IF($T10=1,"僅依賴1台設備，須確認故障/排修時之備援製程","無異常"))))) | Y10: =IF($C10="",0,IF(COUNTIF($C$5:$C10,$C10)=1,1,0)) -> 0 | Z10: =IF(Y10=1,SUM($Y$5:$Y10),"")
T11: =IF($D11="","",COUNTIF($H11:$R11,"V")) | U11: =IF($D11="","",IF(AND($S11="V",$T11>0),"⚠ 勾選矛盾",IF($S11="V","○ 免調理",IF($T11=0,"⚠ 資料缺漏",IF($T11=1,"▲ 單一設備依賴","OK"))))) | V11: =IF($D11="","",IF(AND($S11="V",$T11>0),"「無使用調理設備」不可與設備欄同時勾選，請擇一修正",IF($S11="V","免調理半成品（外購/僅切配等），不列入設備風險評估",IF($T11=0,"未勾選任何設備，請補填或勾選「無使用調理設備」",IF($T11=1,"僅依賴1台設備，須確認故障/排修時之備援製程","無異常"))))) | Y11: =IF($C11="",0,IF(COUNTIF($C$5:$C11,$C11)=1,1,0)) -> 0 | Z11: =IF(Y11=1,SUM($Y$5:$Y11),"")
T12: =IF($D12="","",COUNTIF($H12:$R12,"V")) | U12: =IF($D12="","",IF(AND($S12="V",$T12>0),"⚠ 勾選矛盾",IF($S12="V","○ 免調理",IF($T12=0,"⚠ 資料缺漏",IF($T12=1,"▲ 單一設備依賴","OK"))))) | V12: =IF($D12="","",IF(AND($S12="V",$T12>0),"「無使用調理設備」不可與設備欄同時勾選，請擇一修正",IF($S12="V","免調理半成品（外購/僅切配等），不列入設備風險評估",IF($T12=0,"未勾選任何設備，請補填或勾選「無使用調理設備」",IF($T12=1,"僅依賴1台設備，須確認故障/排修時之備援製程","無異常"))))) | Y12: =IF($C12="",0,IF(COUNTIF($C$5:$C12,$C12)=1,1,0)) -> 0 | Z12: =IF(Y12=1,SUM($Y$5:$Y12),"")
T13: =IF($D13="","",COUNTIF($H13:$R13,"V")) | U13: =IF($D13="","",IF(AND($S13="V",$T13>0),"⚠ 勾選矛盾",IF($S13="V","○ 免調理",IF($T13=0,"⚠ 資料缺漏",IF($T13=1,"▲ 單一設備依賴","OK"))))) | V13: =IF($D13="","",IF(AND($S13="V",$T13>0),"「無使用調理設備」不可與設備欄同時勾選，請擇一修正",IF($S13="V","免調理半成品（外購/僅切配等），不列入設備風險評估",IF($T13=0,"未勾選任何設備，請補填或勾選「無使用調理設備」",IF($T13=1,"僅依賴1台設備，須確認故障/排修時之備援製程","無異常"))))) | Y13: =IF($C13="",0,IF(COUNTIF($C$5:$C13,$C13)=1,1,0)) -> 0 | Z13: =IF(Y13=1,SUM($Y$5:$Y13),"")
T14: =IF($D14="","",COUNTIF($H14:$R14,"V")) | U14: =IF($D14="","",IF(AND($S14="V",$T14>0),"⚠ 勾選矛盾",IF($S14="V","○ 免調理",IF($T14=0,"⚠ 資料缺漏",IF($T14=1,"▲ 單一設備依賴","OK"))))) | V14: =IF($D14="","",IF(AND($S14="V",$T14>0),"「無使用調理設備」不可與設備欄同時勾選，請擇一修正",IF($S14="V","免調理半成品（外購/僅切配等），不列入設備風險評估",IF($T14=0,"未勾選任何設備，請補填或勾選「無使用調理設備」",IF($T14=1,"僅依賴1台設備，須確認故障/排修時之備援製程","無異常"))))) | Y14: =IF($C14="",0,IF(COUNTIF($C$5:$C14,$C14)=1,1,0)) -> 0 | Z14: =IF(Y14=1,SUM($Y$5:$Y14),"")
T15: =IF($D15="","",COUNTIF($H15:$R15,"V")) | U15: =IF($D15="","",IF(AND($S15="V",$T15>0),"⚠ 勾選矛盾",IF($S15="V","○ 免調理",IF($T15=0,"⚠ 資料缺漏",IF($T15=1,"▲ 單一設備依賴","OK"))))) | V15: =IF($D15="","",IF(AND($S15="V",$T15>0),"「無使用調理設備」不可與設備欄同時勾選，請擇一修正",IF($S15="V","免調理半成品（外購/僅切配等），不列入設備風險評估",IF($T15=0,"未勾選任何設備，請補填或勾選「無使用調理設備」",IF($T15=1,"僅依賴1台設備，須確認故障/排修時之備援製程","無異常"))))) | Y15: =IF($C15="",0,IF(COUNTIF($C$5:$C15,$C15)=1,1,0)) -> 0 | Z15: =IF(Y15=1,SUM($Y$5:$Y15),"")
T16: =IF($D16="","",COUNTIF($H16:$R16,"V")) | U16: =IF($D16="","",IF(AND($S16="V",$T16>0),"⚠ 勾選矛盾",IF($S16="V","○ 免調理",IF($T16=0,"⚠ 資料缺漏",IF($T16=1,"▲ 單一設備依賴","OK"))))) | V16: =IF($D16="","",IF(AND($S16="V",$T16>0),"「無使用調理設備」不可與設備欄同時勾選，請擇一修正",IF($S16="V","免調理半成品（外購/僅切配等），不列入設備風險評估",IF($T16=0,"未勾選任何設備，請補填或勾選「無使用調理設備」",IF($T16=1,"僅依賴1台設備，須確認故障/排修時之備援製程","無異常"))))) | Y16: =IF($C16="",0,IF(COUNTIF($C$5:$C16,$C16)=1,1,0)) -> 0 | Z16: =IF(Y16=1,SUM($Y$5:$Y16),"")
T17: =IF($D17="","",COUNTIF($H17:$R17,"V")) | U17: =IF($D17="","",IF(AND($S17="V",$T17>0),"⚠ 勾選矛盾",IF($S17="V","○ 免調理",IF($T17=0,"⚠ 資料缺漏",IF($T17=1,"▲ 單一設備依賴","OK"))))) | V17: =IF($D17="","",IF(AND($S17="V",$T17>0),"「無使用調理設備」不可與設備欄同時勾選，請擇一修正",IF($S17="V","免調理半成品（外購/僅切配等），不列入設備風險評估",IF($T17=0,"未勾選任何設備，請補填或勾選「無使用調理設備」",IF($T17=1,"僅依賴1台設備，須確認故障/排修時之備援製程","無異常"))))) | Y17: =IF($C17="",0,IF(COUNTIF($C$5:$C17,$C17)=1,1,0)) -> 0 | Z17: =IF(Y17=1,SUM($Y$5:$Y17),"")
T18: =IF($D18="","",COUNTIF($H18:$R18,"V")) | U18: =IF($D18="","",IF(AND($S18="V",$T18>0),"⚠ 勾選矛盾",IF($S18="V","○ 免調理",IF($T18=0,"⚠ 資料缺漏",IF($T18=1,"▲ 單一設備依賴","OK"))))) | V18: =IF($D18="","",IF(AND($S18="V",$T18>0),"「無使用調理設備」不可與設備欄同時勾選，請擇一修正",IF($S18="V","免調理半成品（外購/僅切配等），不列入設備風險評估",IF($T18=0,"未勾選任何設備，請補填或勾選「無使用調理設備」",IF($T18=1,"僅依賴1台設備，須確認故障/排修時之備援製程","無異常"))))) | Y18: =IF($C18="",0,IF(COUNTIF($C$5:$C18,$C18)=1,1,0)) -> 0 | Z18: =IF(Y18=1,SUM($Y$5:$Y18),"")
... T304: =IF($D304="","",COUNTIF($H304:$R304,"V")) | U304: =IF($D304="","",IF(AND($S304="V",$T304>0),"⚠ 勾選矛盾",IF($S304="V","○ 免調理",IF($T304=0,"⚠ 資料缺漏",IF($T304=1,"▲ 單一設備依賴","OK"))))) | V304: =IF($D304="","",IF(AND($S304="V",$T304>0),"「無使用調理設備」不可與設備欄同時勾選，請擇一修正",IF($S304="V","免調理半成品（外購/僅切配等），不列入設備風險評估",IF($T304=0,"未勾選任何設備，請補填或勾選「無使用調理設備」",IF($T304=1,"僅依賴1台設備，須確認故障/排修時之備援製程","無異常"))))) | Y304: =IF($C304="",0,IF(COUNTIF($C$5:$C304,$C304)=1,1,0)) -> 0 | Z304: =IF(Y304=1,SUM($Y$5:$Y304),"")

Sheet 4℃飯
A1: 商品半成品與調理設備應用展開一覽表｜4℃飯
A2: 商品資訊 | H2: 熱調理區（使用者填「V」；免調理者勾最右欄） | T2: 自動計算與風險檢核（勿手動修改） | W2: 建檔資訊（手填）
A3: 工廠 | B3: 商品分類 (細分品類) | C3: 商品名稱 | D3: 半成品名稱 | E3: 單位用量 | G3: 製程率 (填數字) | H3: 炊飯 | I3: 煮麵 | J3: 烤箱 | K3: 炙燒 | L3: 蒸箱 | M3: 油炸機 | N3: 二重釜 | O3: 平釜 (日) | P3: 平釜 (台) | Q3: 蛋皮機 | R3: 壓力鍋 | S3: 無使用 調理設備 | T3: 使用 設備數 | U3: 檢核結果 | V3: 風險說明 | W3: 備註 (指示書編號/版本) | X3: 建檔人員 | Y3: 系統用Y | Z3: 系統用Z
E4: 數值 | F4: 單位
T5: =IF($D5="","",COUNTIF($H5:$R5,"V")) | U5: =IF($D5="","",IF(AND($S5="V",$T5>0),"⚠ 勾選矛盾",IF($S5="V","○ 免調理",IF($T5=0,"⚠ 資料缺漏",IF($T5=1,"▲ 單一設備依賴","OK"))))) | V5: =IF($D5="","",IF(AND($S5="V",$T5>0),"「無使用調理設備」不可與設備欄同時勾選，請擇一修正",IF($S5="V","免調理半成品（外購/僅切配等），不列入設備風險評估",IF($T5=0,"未勾選任何設備，請補填或勾選「無使用調理設備」",IF($T5=1,"僅依賴1台設備，須確認故障/排修時之備援製程","無異常"))))) | W5: 1140514蔬咖哩飯.確認版(1) | X5: 例：王小美 | Y5: =IF($C5="",0,IF(COUNTIF($C$5:$C5,$C5)=1,1,0)) -> 0 | Z5: =IF(Y5=1,SUM($Y$5:$Y5),"")
T6: =IF($D6="","",COUNTIF($H6:$R6,"V")) | U6: =IF($D6="","",IF(AND($S6="V",$T6>0),"⚠ 勾選矛盾",IF($S6="V","○ 免調理",IF($T6=0,"⚠ 資料缺漏",IF($T6=1,"▲ 單一設備依賴","OK"))))) | V6: =IF($D6="","",IF(AND($S6="V",$T6>0),"「無使用調理設備」不可與設備欄同時勾選，請擇一修正",IF($S6="V","免調理半成品（外購/僅切配等），不列入設備風險評估",IF($T6=0,"未勾選任何設備，請補填或勾選「無使用調理設備」",IF($T6=1,"僅依賴1台設備，須確認故障/排修時之備援製程","無異常"))))) | W6: 1140514蔬咖哩飯.確認版(1) | X6: 例：王小美 | Y6: =IF($C6="",0,IF(COUNTIF($C$5:$C6,$C6)=1,1,0)) -> 0 | Z6: =IF(Y6=1,SUM($Y$5:$Y6),"")
T7: =IF($D7="","",COUNTIF($H7:$R7,"V")) | U7: =IF($D7="","",IF(AND($S7="V",$T7>0),"⚠ 勾選矛盾",IF($S7="V","○ 免調理",IF($T7=0,"⚠ 資料缺漏",IF($T7=1,"▲ 單一設備依賴","OK"))))) | V7: =IF($D7="","",IF(AND($S7="V",$T7>0),"「無使用調理設備」不可與設備欄同時勾選，請擇一修正",IF($S7="V","免調理半成品（外購/僅切配等），不列入設備風險評估",IF($T7=0,"未勾選任何設備，請補填或勾選「無使用調理設備」",IF($T7=1,"僅依賴1台設備，須確認故障/排修時之備援製程","無異常"))))) | W7: 1140514蔬咖哩飯.確認版(1) | X7: 例：王小美 | Y7: =IF($C7="",0,IF(COUNTIF($C$5:$C7,$C7)=1,1,0)) -> 0 | Z7: =IF(Y7=1,SUM($Y$5:$Y7),"")
T8: =IF($D8="","",COUNTIF($H8:$R8,"V")) | U8: =IF($D8="","",IF(AND($S8="V",$T8>0),"⚠ 勾選矛盾",IF($S8="V","○ 免調理",IF($T8=0,"⚠ 資料缺漏",IF($T8=1,"▲ 單一設備依賴","OK"))))) | V8: =IF($D8="","",IF(AND($S8="V",$T8>0),"「無使用調理設備」不可與設備欄同時勾選，請擇一修正",IF($S8="V","免調理半成品（外購/僅切配等），不列入設備風險評估",IF($T8=0,"未勾選任何設備，請補填或勾選「無使用調理設備」",IF($T8=1,"僅依賴1台設備，須確認故障/排修時之備援製程","無異常"))))) | W8: 1140514蔬咖哩飯.確認版(1) | X8: 例：王小美 | Y8: =IF($C8="",0,IF(COUNTIF($C$5:$C8,$C8)=1,1,0)) -> 0 | Z8: =IF(Y8=1,SUM($Y$5:$Y8),"")
T9: =IF($D9="","",COUNTIF($H9:$R9,"V")) | U9: =IF($D9="","",IF(AND($S9="V",$T9>0),"⚠ 勾選矛盾",IF($S9="V","○ 免調理",IF($T9=0,"⚠ 資料缺漏",IF($T9=1,"▲ 單一設備依賴","OK"))))) | V9: =IF($D9="","",IF(AND($S9="V",$T9>0),"「無使用調理設備」不可與設備欄同時勾選，請擇一修正",IF($S9="V","免調理半成品（外購/僅切配等），不列入設備風險評估",IF($T9=0,"未勾選任何設備，請補填或勾選「無使用調理設備」",IF($T9=1,"僅依賴1台設備，須確認故障/排修時之備援製程","無異常"))))) | Y9: =IF($C9="",0,IF(COUNTIF($C$5:$C9,$C9)=1,1,0)) -> 0 | Z9: =IF(Y9=1,SUM($Y$5:$Y9),"")
T10: =IF($D10="","",COUNTIF($H10:$R10,"V")) | U10: =IF($D10="","",IF(AND($S10="V",$T10>0),"⚠ 勾選矛盾",IF($S10="V","○ 免調理",IF($T10=0,"⚠ 資料缺漏",IF($T10=1,"▲ 單一設備依賴","OK"))))) | V10: =IF($D10="","",IF(AND($S10="V",$T10>0),"「無使用調理設備」不可與設備欄同時勾選，請擇一修正",IF($S10="V","免調理半成品（外購/僅切配等），不列入設備風險評估",IF($T10=0,"未勾選任何設備，請補填或勾選「無使用調理設備」",IF($T10=1,"僅依賴1台設備，須確認故障/排修時之備援製程","無異常"))))) | Y10: =IF($C10="",0,IF(COUNTIF($C$5:$C10,$C10)=1,1,0)) -> 0 | Z10: =IF(Y10=1,SUM($Y$5:$Y10),"")
T11: =IF($D11="","",COUNTIF($H11:$R11,"V")) | U11: =IF($D11="","",IF(AND($S11="V",$T11>0),"⚠ 勾選矛盾",IF($S11="V","○ 免調理",IF($T11=0,"⚠ 資料缺漏",IF($T11=1,"▲ 單一設備依賴","OK"))))) | V11: =IF($D11="","",IF(AND($S11="V",$T11>0),"「無使用調理設備」不可與設備欄同時勾選，請擇一修正",IF($S11="V","免調理半成品（外購/僅切配等），不列入設備風險評估",IF($T11=0,"未勾選任何設備，請補填或勾選「無使用調理設備」",IF($T11=1,"僅依賴1台設備，須確認故障/排修時之備援製程","無異常"))))) | Y11: =IF($C11="",0,IF(COUNTIF($C$5:$C11,$C11)=1,1,0)) -> 0 | Z11: =IF(Y11=1,SUM($Y$5:$Y11),"")
T12: =IF($D12="","",COUNTIF($H12:$R12,"V")) | U12: =IF($D12="","",IF(AND($S12="V",$T12>0),"⚠ 勾選矛盾",IF($S12="V","○ 免調理",IF($T12=0,"⚠ 資料缺漏",IF($T12=1,"▲ 單一設備依賴","OK"))))) | V12: =IF($D12="","",IF(AND($S12="V",$T12>0),"「無使用調理設備」不可與設備欄同時勾選，請擇一修正",IF($S12="V","免調理半成品（外購/僅切配等），不列入設備風險評估",IF($T12=0,"未勾選任何設備，請補填或勾選「無使用調理設備」",IF($T12=1,"僅依賴1台設備，須確認故障/排修時之備援製程","無異常"))))) | Y12: =IF($C12="",0,IF(COUNTIF($C$5:$C12,$C12)=1,1,0)) -> 0 | Z12: =IF(Y12=1,SUM($Y$5:$Y12),"")
T13: =IF($D13="","",COUNTIF($H13:$R13,"V")) | U13: =IF($D13="","",IF(AND($S13="V",$T13>0),"⚠ 勾選矛盾",IF($S13="V","○ 免調理",IF($T13=0,"⚠ 資料缺漏",IF($T13=1,"▲ 單一設備依賴","OK"))))) | V13: =IF($D13="","",IF(AND($S13="V",$T13>0),"「無使用調理設備」不可與設備欄同時勾選，請擇一修正",IF($S13="V","免調理半成品（外購/僅切配等），不列入設備風險評估",IF($T13=0,"未勾選任何設備，請補填或勾選「無使用調理設備」",IF($T13=1,"僅依賴1台設備，須確認故障/排修時之備援製程","無異常"))))) | Y13: =IF($C13="",0,IF(COUNTIF($C$5:$C13,$C13)=1,1,0)) -> 0 | Z13: =IF(Y13=1,SUM($Y$5:$Y13),"")
T14: =IF($D14="","",COUNTIF($H14:$R14,"V")) | U14: =IF($D14="","",IF(AND($S14="V",$T14>0),"⚠ 勾選矛盾",IF($S14="V","○ 免調理",IF($T14=0,"⚠ 資料缺漏",IF($T14=1,"▲ 單一設備依賴","OK"))))) | V14: =IF($D14="","",IF(AND($S14="V",$T14>0),"「無使用調理設備」不可與設備欄同時勾選，請擇一修正",IF($S14="V","免調理半成品（外購/僅切配等），不列入設備風險評估",IF($T14=0,"未勾選任何設備，請補填或勾選「無使用調理設備」",IF($T14=1,"僅依賴1台設備，須確認故障/排修時之備援製程","無異常"))))) | Y14: =IF($C14="",0,IF(COUNTIF($C$5:$C14,$C14)=1,1,0)) -> 0 | Z14: =IF(Y14=1,SUM($Y$5:$Y14),"")
T15: =IF($D15="","",COUNTIF($H15:$R15,"V")) | U15: =IF($D15="","",IF(AND($S15="V",$T15>0),"⚠ 勾選矛盾",IF($S15="V","○ 免調理",IF($T15=0,"⚠ 資料缺漏",IF($T15=1,"▲ 單一設備依賴","OK"))))) | V15: =IF($D15="","",IF(AND($S15="V",$T15>0),"「無使用調理設備」不可與設備欄同時勾選，請擇一修正",IF($S15="V","免調理半成品（外購/僅切配等），不列入設備風險評估",IF($T15=0,"未勾選任何設備，請補填或勾選「無使用調理設備」",IF($T15=1,"僅依賴1台設備，須確認故障/排修時之備援製程","無異常"))))) | Y15: =IF($C15="",0,IF(COUNTIF($C$5:$C15,$C15)=1,1,0)) -> 0 | Z15: =IF(Y15=1,SUM($Y$5:$Y15),"")
T16: =IF($D16="","",COUNTIF($H16:$R16,"V")) | U16: =IF($D16="","",IF(AND($S16="V",$T16>0),"⚠ 勾選矛盾",IF($S16="V","○ 免調理",IF($T16=0,"⚠ 資料缺漏",IF($T16=1,"▲ 單一設備依賴","OK"))))) | V16: =IF($D16="","",IF(AND($S16="V",$T16>0),"「無使用調理設備」不可與設備欄同時勾選，請擇一修正",IF($S16="V","免調理半成品（外購/僅切配等），不列入設備風險評估",IF($T16=0,"未勾選任何設備，請補填或勾選「無使用調理設備」",IF($T16=1,"僅依賴1台設備，須確認故障/排修時之備援製程","無異常"))))) | Y16: =IF($C16="",0,IF(COUNTIF($C$5:$C16,$C16)=1,1,0)) -> 0 | Z16: =IF(Y16=1,SUM($Y$5:$Y16),"")
T17: =IF($D17="","",COUNTIF($H17:$R17,"V")) | U17: =IF($D17="","",IF(AND($S17="V",$T17>0),"⚠ 勾選矛盾",IF($S17="V","○ 免調理",IF($T17=0,"⚠ 資料缺漏",IF($T17=1,"▲ 單一設備依賴","OK"))))) | V17: =IF($D17="","",IF(AND($S17="V",$T17>0),"「無使用調理設備」不可與設備欄同時勾選，請擇一修正",IF($S17="V","免調理半成品（外購/僅切配等），不列入設備風險評估",IF($T17=0,"未勾選任何設備，請補填或勾選「無使用調理設備」",IF($T17=1,"僅依賴1台設備，須確認故障/排修時之備援製程","無異常"))))) | Y17: =IF($C17="",0,IF(COUNTIF($C$5:$C17,$C17)=1,1,0)) -> 0 | Z17: =IF(Y17=1,SUM($Y$5:$Y17),"")
T18: =IF($D18="","",COUNTIF($H18:$R18,"V")) | U18: =IF($D18="","",IF(AND($S18="V",$T18>0),"⚠ 勾選矛盾",IF($S18="V","○ 免調理",IF($T18=0,"⚠ 資料缺漏",IF($T18=1,"▲ 單一設備依賴","OK"))))) | V18: =IF($D18="","",IF(AND($S18="V",$T18>0),"「無使用調理設備」不可與設備欄同時勾選，請擇一修正",IF($S18="V","免調理半成品（外購/僅切配等），不列入設備風險評估",IF($T18=0,"未勾選任何設備，請補填或勾選「無使用調理設備」",IF($T18=1,"僅依賴1台設備，須確認故障/排修時之備援製程","無異常"))))) | Y18: =IF($C18="",0,IF(COUNTIF($C$5:$C18,$C18)=1,1,0)) -> 0 | Z18: =IF(Y18=1,SUM($Y$5:$Y18),"")
T19: =IF($D19="","",COUNTIF($H19:$R19,"V")) | U19: =IF($D19="","",IF(AND($S19="V",$T19>0),"⚠ 勾選矛盾",IF($S19="V","○ 免調理",IF($T19=0,"⚠ 資料缺漏",IF($T19=1,"▲ 單一設備依賴","OK"))))) | V19: =IF($D19="","",IF(AND($S19="V",$T19>0),"「無使用調理設備」不可與設備欄同時勾選，請擇一修正",IF($S19="V","免調理半成品（外購/僅切配等），不列入設備風險評估",IF($T19=0,"未勾選任何設備，請補填或勾選「無使用調理設備」",IF($T19=1,"僅依賴1台設備，須確認故障/排修時之備援製程","無異常"))))) | Y19: =IF($C19="",0,IF(COUNTIF($C$5:$C19,$C19)=1,1,0)) -> 0 | Z19: =IF(Y19=1,SUM($Y$5:$Y19),"")
T20: =IF($D20="","",COUNTIF($H20:$R20,"V")) | U20: =IF($D20="","",IF(AND($S20="V",$T20>0),"⚠ 勾選矛盾",IF($S20="V","○ 免調理",IF($T20=0,"⚠ 資料缺漏",IF($T20=1,"▲ 單一設備依賴","OK"))))) | V20: =IF($D20="","",IF(AND($S20="V",$T20>0),"「無使用調理設備」不可與設備欄同時勾選，請擇一修正",IF($S20="V","免調理半成品（外購/僅切配等），不列入設備風險評估",IF($T20=0,"未勾選任何設備，請補填或勾選「無使用調理設備」",IF($T20=1,"僅依賴1台設備，須確認故障/排修時之備援製程","無異常"))))) | Y20: =IF($C20="",0,IF(COUNTIF($C$5:$C20,$C20)=1,1,0)) -> 0 | Z20: =IF(Y20=1,SUM($Y$5:$Y20),"")
... T304: =IF($D304="","",COUNTIF($H304:$R304,"V")) | U304: =IF($D304="","",IF(AND($S304="V",$T304>0),"⚠ 勾選矛盾",IF($S304="V","○ 免調理",IF($T304=0,"⚠ 資料缺漏",IF($T304=1,"▲ 單一設備依賴","OK"))))) | V304: =IF($D304="","",IF(AND($S304="V",$T304>0),"「無使用調理設備」不可與設備欄同時勾選，請擇一修正",IF($S304="V","免調理半成品（外購/僅切配等），不列入設備風險評估",IF($T304=0,"未勾選任何設備，請補填或勾選「無使用調理設備」",IF($T304=1,"僅依賴1台設備，須確認故障/排修時之備援製程","無異常"))))) | Y304: =IF($C304="",0,IF(COUNTIF($C$5:$C304,$C304)=1,1,0)) -> 0 | Z304: =IF(Y304=1,SUM($Y$5:$Y304),"")

Sheet 4℃麵
A1: 商品半成品與調理設備應用展開一覽表｜4℃麵
A2: 商品資訊 | I2: 熱調理區（使用者填「V」；免調理者勾最右欄） | U2: 自動計算與風險檢核（勿手動修改） | X2: 建檔資訊（手填）
A3: 狀態 | B3: 工廠 | C3: 商品分類 (細分品類) | D3: 商品名稱 | E3: 半成品名稱 | F3: 單位用量 | H3: 製程率 (填數字) | I3: 炊飯 | J3: 煮麵 | K3: 烤箱 | L3: 炙燒 | M3: 蒸箱 | N3: 油炸機 | O3: 二重釜 | P3: 平釜 (日) | Q3: 平釜 (台) | R3: 蛋皮機 | S3: 壓力鍋 | T3: 無使用 調理設備 | U3: 使用 設備數 | V3: 檢核結果 | W3: 風險說明 | X3: 備註 (指示書編號/版本) | Y3: 建檔人員 | Z3: 系統用Y | AA3: 系統用Z
F4: 數值 | G4: 單位
A5: 下架 | B5: 長家 | C5: 熱食義麵 | D5: 金沙豆腐義大利麵 | E5: 煮日製義大利麵(115) | F5: 220 | G5: 公克 | H5: 240 | J5: V | U5: =IF($E5="","",COUNTIF($I5:$S5,"V")) -> 1 | V5: =IF($E5="","",IF(AND($T5="V",$U5>0),"⚠ 勾選矛盾",IF($T5="V","○ 免調理",IF($U5=0,"⚠ 資料缺漏",IF($U5=1,"▲ 單一設備依賴","OK"))))) -> ▲ 單一設備依賴 | W5: =IF($E5="","",IF(AND($T5="V",$U5>0),"「無使用調理設備」不可與設備欄同時勾選，請擇一修正",IF($T5="V","免調理半成品（外購/僅切配等），不列入設備風險評估",IF($U5=0,"未勾選任何設備，請補填或勾選「無使用調理設備」",IF($U5=1,"僅依賴1台設備，須確認故障/排修時之備援製程","無異常"))))) -> 僅依賴1台設備，須確認故障/排修時之備援製程 | Z5: =IF($D5="",0,IF(COUNTIF($D$5:$D5,$D5)=1,1,0)) -> 1 | AA5: =IF(Z5=1,SUM($Z$5:$Z5),"") -> 1
A6: 下架 | B6: 長家 | C6: 熱食義麵 | D6: 金沙豆腐義大利麵 | E6: (V)義麵-金沙奶醬(115年) | F6: 100 | G6: 公克 | H6: 82 | O6: V | U6: =IF($E6="","",COUNTIF($I6:$S6,"V")) -> 1 | V6: =IF($E6="","",IF(AND($T6="V",$U6>0),"⚠ 勾選矛盾",IF($T6="V","○ 免調理",IF($U6=0,"⚠ 資料缺漏",IF($U6=1,"▲ 單一設備依賴","OK"))))) -> ▲ 單一設備依賴 | W6: =IF($E6="","",IF(AND($T6="V",$U6>0),"「無使用調理設備」不可與設備欄同時勾選，請擇一修正",IF($T6="V","免調理半成品（外購/僅切配等），不列入設備風險評估",IF($U6=0,"未勾選任何設備，請補填或勾選「無使用調理設備」",IF($U6=1,"僅依賴1台設備，須確認故障/排修時之備援製程","無異常"))))) -> 僅依賴1台設備，須確認故障/排修時之備援製程 | Z6: =IF($D6="",0,IF(COUNTIF($D$5:$D6,$D6)=1,1,0)) -> 0 | AA6: =IF(Z6=1,SUM($Z$5:$Z6),"")
A7: 下架 | B7: 長家 | C7: 熱食義麵 | D7: 金沙豆腐義大利麵 | E7: 烤12切豆腐 | F7: 60 | G7: 公克 | H7: 100 | K7: V | U7: =IF($E7="","",COUNTIF($I7:$S7,"V")) -> 1 | V7: =IF($E7="","",IF(AND($T7="V",$U7>0),"⚠ 勾選矛盾",IF($T7="V","○ 免調理",IF($U7=0,"⚠ 資料缺漏",IF($U7=1,"▲ 單一設備依賴","OK"))))) -> ▲ 單一設備依賴 | W7: =IF($E7="","",IF(AND($T7="V",$U7>0),"「無使用調理設備」不可與設備欄同時勾選，請擇一修正",IF($T7="V","免調理半成品（外購/僅切配等），不列入設備風險評估",IF($U7=0,"未勾選任何設備，請補填或勾選「無使用調理設備」",IF($U7=1,"僅依賴1台設備，須確認故障/排修時之備援製程","無異常"))))) -> 僅依賴1台設備，須確認故障/排修時之備援製程 | Z7: =IF($D7="",0,IF(COUNTIF($D$5:$D7,$D7)=1,1,0)) -> 0 | AA7: =IF(Z7=1,SUM($Z$5:$Z7),"")
A8: 下架 | B8: 長家 | C8: 熱食義麵 | D8: 金沙豆腐義大利麵 | E8: 烤帶皮南瓜丁 | F8: 8 | G8: 公克 | H8: 50 | K8: V | U8: =IF($E8="","",COUNTIF($I8:$S8,"V")) -> 1 | V8: =IF($E8="","",IF(AND($T8="V",$U8>0),"⚠ 勾選矛盾",IF($T8="V","○ 免調理",IF($U8=0,"⚠ 資料缺漏",IF($U8=1,"▲ 單一設備依賴","OK"))))) -> ▲ 單一設備依賴 | W8: =IF($E8="","",IF(AND($T8="V",$U8>0),"「無使用調理設備」不可與設備欄同時勾選，請擇一修正",IF($T8="V","免調理半成品（外購/僅切配等），不列入設備風險評估",IF($U8=0,"未勾選任何設備，請補填或勾選「無使用調理設備」",IF($U8=1,"僅依賴1台設備，須確認故障/排修時之備援製程","無異常"))))) -> 僅依賴1台設備，須確認故障/排修時之備援製程 | Z8: =IF($D8="",0,IF(COUNTIF($D$5:$D8,$D8)=1,1,0)) -> 0 | AA8: =IF(Z8=1,SUM($Z$5:$Z8),"")
A9: 下架 | B9: 長家 | C9: 熱食義麵 | D9: 金沙豆腐義大利麵 | E9: 蒸鹹蛋黃碎 | F9: 3 | G9: 公克 | H9: 91 | M9: V | U9: =IF($E9="","",COUNTIF($I9:$S9,"V")) -> 1 | V9: =IF($E9="","",IF(AND($T9="V",$U9>0),"⚠ 勾選矛盾",IF($T9="V","○ 免調理",IF($U9=0,"⚠ 資料缺漏",IF($U9=1,"▲ 單一設備依賴","OK"))))) -> ▲ 單一設備依賴 | W9: =IF($E9="","",IF(AND($T9="V",$U9>0),"「無使用調理設備」不可與設備欄同時勾選，請擇一修正",IF($T9="V","免調理半成品（外購/僅切配等），不列入設備風險評估",IF($U9=0,"未勾選任何設備，請補填或勾選「無使用調理設備」",IF($U9=1,"僅依賴1台設備，須確認故障/排修時之備援製程","無異常"))))) -> 僅依賴1台設備，須確認故障/排修時之備援製程 | Z9: =IF($D9="",0,IF(COUNTIF($D$5:$D9,$D9)=1,1,0)) -> 0 | AA9: =IF(Z9=1,SUM($Z$5:$Z9),"")
A10: 下架 | B10: 長家 | C10: 熱食義麵 | D10: 金沙豆腐義大利麵 | E10: 洋香菜葉KU | F10: 0.2 | G10: 公克 | H10: 100 | T10: V | U10: =IF($E10="","",COUNTIF($I10:$S10,"V")) -> 0 | V10: =IF($E10="","",IF(AND($T10="V",$U10>0),"⚠ 勾選矛盾",IF($T10="V","○ 免調理",IF($U10=0,"⚠ 資料缺漏",IF($U10=1,"▲ 單一設備依賴","OK"))))) -> ○ 免調理 | W10: =IF($E10="","",IF(AND($T10="V",$U10>0),"「無使用調理設備」不可與設備欄同時勾選，請擇一修正",IF($T10="V","免調理半成品（外購/僅切配等），不列入設備風險評估",IF($U10=0,"未勾選任何設備，請補填或勾選「無使用調理設備」",IF($U10=1,"僅依賴1台設備，須確認故障/排修時之備援製程","無異常"))))) -> 免調理半成品（外購/僅切配等），不列入設備風險評估 | Z10: =IF($D10="",0,IF(COUNTIF($D$5:$D10,$D10)=1,1,0)) -> 0 | AA10: =IF(Z10=1,SUM($Z$5:$Z10),"")
A11: 架上 | B11: 長家 | C11: 熱食義麵 | D11: 奶油培根義大利麵RN | E11: 煮日製義大利麵(115) | F11: 220 | G11: 公克 | H11: 235 | J11: V | U11: =IF($E11="","",COUNTIF($I11:$S11,"V")) -> 1 | V11: =IF($E11="","",IF(AND($T11="V",$U11>0),"⚠ 勾選矛盾",IF($T11="V","○ 免調理",IF($U11=0,"⚠ 資料缺漏",IF($U11=1,"▲ 單一設備依賴","OK"))))) -> ▲ 單一設備依賴 | W11: =IF($E11="","",IF(AND($T11="V",$U11>0),"「無使用調理設備」不可與設備欄同時勾選，請擇一修正",IF($T11="V","免調理半成品（外購/僅切配等），不列入設備風險評估",IF($U11=0,"未勾選任何設備，請補填或勾選「無使用調理設備」",IF($U11=1,"僅依賴1台設備，須確認故障/排修時之備援製程","無異常"))))) -> 僅依賴1台設備，須確認故障/排修時之備援製程 | Z11: =IF($D11="",0,IF(COUNTIF($D$5:$D11,$D11)=1,1,0)) -> 1 | AA11: =IF(Z11=1,SUM($Z$5:$Z11),"") -> 2
A12: 架上 | B12: 長家 | C12: 熱食義麵 | D12: 奶油培根義大利麵RN | E12: 奶香白醬 | F12: 80 | G12: 公克 | H12: 55 | O12: V | U12: =IF($E12="","",COUNTIF($I12:$S12,"V")) -> 1 | V12: =IF($E12="","",IF(AND($T12="V",$U12>0),"⚠ 勾選矛盾",IF($T12="V","○ 免調理",IF($U12=0,"⚠ 資料缺漏",IF($U12=1,"▲ 單一設備依賴","OK"))))) -> ▲ 單一設備依賴 | W12: =IF($E12="","",IF(AND($T12="V",$U12>0),"「無使用調理設備」不可與設備欄同時勾選，請擇一修正",IF($T12="V","免調理半成品（外購/僅切配等），不列入設備風險評估",IF($U12=0,"未勾選任何設備，請補填或勾選「無使用調理設備」",IF($U12=1,"僅依賴1台設備，須確認故障/排修時之備援製程","無異常"))))) -> 僅依賴1台設備，須確認故障/排修時之備援製程 | Z12: =IF($D12="",0,IF(COUNTIF($D$5:$D12,$D12)=1,1,0)) -> 0 | AA12: =IF(Z12=1,SUM($Z$5:$Z12),"")
A13: 架上 | B13: 長家 | C13: 熱食義麵 | D13: 奶油培根義大利麵RN | E13: 切-烤重煙燻培根片(湖)15mm | F13: 20 | G13: 公克 | H13: 60 | K13: V | U13: =IF($E13="","",COUNTIF($I13:$S13,"V")) -> 1 | V13: =IF($E13="","",IF(AND($T13="V",$U13>0),"⚠ 勾選矛盾",IF($T13="V","○ 免調理",IF($U13=0,"⚠ 資料缺漏",IF($U13=1,"▲ 單一設備依賴","OK"))))) -> ▲ 單一設備依賴 | W13: =IF($E13="","",IF(AND($T13="V",$U13>0),"「無使用調理設備」不可與設備欄同時勾選，請擇一修正",IF($T13="V","免調理半成品（外購/僅切配等），不列入設備風險評估",IF($U13=0,"未勾選任何設備，請補填或勾選「無使用調理設備」",IF($U13=1,"僅依賴1台設備，須確認故障/排修時之備援製程","無異常"))))) -> 僅依賴1台設備，須確認故障/排修時之備援製程 | Z13: =IF($D13="",0,IF(COUNTIF($D$5:$D13,$D13)=1,1,0)) -> 0 | AA13: =IF(Z13=1,SUM($Z$5:$Z13),"")
A14: 架上 | B14: 長家 | C14: 熱食義麵 | D14: 奶油培根義大利麵RN | E14: 解凍黑胡椒燻豬腿肉(湖) | F14: 10 | G14: 公克 | H14: 94 | T14: V | U14: =IF($E14="","",COUNTIF($I14:$S14,"V")) -> 0 | V14: =IF($E14="","",IF(AND($T14="V",$U14>0),"⚠ 勾選矛盾",IF($T14="V","○ 免調理",IF($U14=0,"⚠ 資料缺漏",IF($U14=1,"▲ 單一設備依賴","OK"))))) -> ○ 免調理 | W14: =IF($E14="","",IF(AND($T14="V",$U14>0),"「無使用調理設備」不可與設備欄同時勾選，請擇一修正",IF($T14="V","免調理半成品（外購/僅切配等），不列入設備風險評估",IF($U14=0,"未勾選任何設備，請補填或勾選「無使用調理設備」",IF($U14=1,"僅依賴1台設備，須確認故障/排修時之備援製程","無異常"))))) -> 免調理半成品（外購/僅切配等），不列入設備風險評估 | Z14: =IF($D14="",0,IF(COUNTIF($D$5:$D14,$D14)=1,1,0)) -> 0 | AA14: =IF(Z14=1,SUM($Z$5:$Z14),"")
A15: 架上 | B15: 長家 | C15: 熱食義麵 | D15: 奶油培根義大利麵RN | E15: 洋香菜葉KU | F15: 0.2 | G15: 公克 | H15: 100 | T15: V | U15: =IF($E15="","",COUNTIF($I15:$S15,"V")) -> 0 | V15: =IF($E15="","",IF(AND($T15="V",$U15>0),"⚠ 勾選矛盾",IF($T15="V","○ 免調理",IF($U15=0,"⚠ 資料缺漏",IF($U15=1,"▲ 單一設備依賴","OK"))))) -> ○ 免調理 | W15: =IF($E15="","",IF(AND($T15="V",$U15>0),"「無使用調理設備」不可與設備欄同時勾選，請擇一修正",IF($T15="V","免調理半成品（外購/僅切配等），不列入設備風險評估",IF($U15=0,"未勾選任何設備，請補填或勾選「無使用調理設備」",IF($U15=1,"僅依賴1台設備，須確認故障/排修時之備援製程","無異常"))))) -> 免調理半成品（外購/僅切配等），不列入設備風險評估 | Z15: =IF($D15="",0,IF(COUNTIF($D$5:$D15,$D15)=1,1,0)) -> 0 | AA15: =IF(Z15=1,SUM($Z$5:$Z15),"")
A16: 架上 | B16: 長家 | C16: 熱食義麵 | D16: 奶油培根義大利麵RN | E16: 紅切達起司絲 | F16: 3 | G16: 公克 | H16: 100 | T16: V | U16: =IF($E16="","",COUNTIF($I16:$S16,"V")) -> 0 | V16: =IF($E16="","",IF(AND($T16="V",$U16>0),"⚠ 勾選矛盾",IF($T16="V","○ 免調理",IF($U16=0,"⚠ 資料缺漏",IF($U16=1,"▲ 單一設備依賴","OK"))))) -> ○ 免調理 | W16: =IF($E16="","",IF(AND($T16="V",$U16>0),"「無使用調理設備」不可與設備欄同時勾選，請擇一修正",IF($T16="V","免調理半成品（外購/僅切配等），不列入設備風險評估",IF($U16=0,"未勾選任何設備，請補填或勾選「無使用調理設備」",IF($U16=1,"僅依賴1台設備，須確認故障/排修時之備援製程","無異常"))))) -> 免調理半成品（外購/僅切配等），不列入設備風險評估 | Z16: =IF($D16="",0,IF(COUNTIF($D$5:$D16,$D16)=1,1,0)) -> 0 | AA16: =IF(Z16=1,SUM($Z$5:$Z16),"")
A17: 下架 | B17: 長家 | C17: 熱食義麵 | D17: 奶油鮮蝦明太子細扁麵 | E17: 煮Pazar細扁麵 | F17: 220 | G17: 公克 | H17: 215 | J17: V | U17: =IF($E17="","",COUNTIF($I17:$S17,"V")) -> 1 | V17: =IF($E17="","",IF(AND($T17="V",$U17>0),"⚠ 勾選矛盾",IF($T17="V","○ 免調理",IF($U17=0,"⚠ 資料缺漏",IF($U17=1,"▲ 單一設備依賴","OK"))))) -> ▲ 單一設備依賴 | W17: =IF($E17="","",IF(AND($T17="V",$U17>0),"「無使用調理設備」不可與設備欄同時勾選，請擇一修正",IF($T17="V","免調理半成品（外購/僅切配等），不列入設備風險評估",IF($U17=0,"未勾選任何設備，請補填或勾選「無使用調理設備」",IF($U17=1,"僅依賴1台設備，須確認故障/排修時之備援製程","無異常"))))) -> 僅依賴1台設備，須確認故障/排修時之備援製程 | Z17: =IF($D17="",0,IF(COUNTIF($D$5:$D17,$D17)=1,1,0)) -> 1 | AA17: =IF(Z17=1,SUM($Z$5:$Z17),"") -> 3
A18: 下架 | B18: 長家 | C18: 熱食義麵 | D18: 奶油鮮蝦明太子細扁麵 | E18: 義麵-粉紅辣味奶醬 | F18: 80 | G18: 公克 | H18: 73 | O18: V | U18: =IF($E18="","",COUNTIF($I18:$S18,"V")) -> 1 | V18: =IF($E18="","",IF(AND($T18="V",$U18>0),"⚠ 勾選矛盾",IF($T18="V","○ 免調理",IF($U18=0,"⚠ 資料缺漏",IF($U18=1,"▲ 單一設備依賴","OK"))))) -> ▲ 單一設備依賴 | W18: =IF($E18="","",IF(AND($T18="V",$U18>0),"「無使用調理設備」不可與設備欄同時勾選，請擇一修正",IF($T18="V","免調理半成品（外購/僅切配等），不列入設備風險評估",IF($U18=0,"未勾選任何設備，請補填或勾選「無使用調理設備」",IF($U18=1,"僅依賴1台設備，須確認故障/排修時之備援製程","無異常"))))) -> 僅依賴1台設備，須確認故障/排修時之備援製程 | Z18: =IF($D18="",0,IF(COUNTIF($D$5:$D18,$D18)=1,1,0)) -> 0 | AA18: =IF(Z18=1,SUM($Z$5:$Z18),"")
A19: 下架 | B19: 長家 | C19: 熱食義麵 | D19: 奶油鮮蝦明太子細扁麵 | E19: 帕瑪森乾酪粉(500g) | F19: 5 | G19: 公克 | H19: 100 | T19: V | U19: =IF($E19="","",COUNTIF($I19:$S19,"V")) -> 0 | V19: =IF($E19="","",IF(AND($T19="V",$U19>0),"⚠ 勾選矛盾",IF($T19="V","○ 免調理",IF($U19=0,"⚠ 資料缺漏",IF($U19=1,"▲ 單一設備依賴","OK"))))) -> ○ 免調理 | W19: =IF($E19="","",IF(AND($T19="V",$U19>0),"「無使用調理設備」不可與設備欄同時勾選，請擇一修正",IF($T19="V","免調理半成品（外購/僅切配等），不列入設備風險評估",IF($U19=0,"未勾選任何設備，請補填或勾選「無使用調理設備」",IF($U19=1,"僅依賴1台設備，須確認故障/排修時之備援製程","無異常"))))) -> 免調理半成品（外購/僅切配等），不列入設備風險評估 | Z19: =IF($D19="",0,IF(COUNTIF($D$5:$D19,$D19)=1,1,0)) -> 0 | AA19: =IF(Z19=1,SUM($Z$5:$Z19),"")
A20: 下架 | B20: 長家 | C20: 熱食義麵 | D20: 奶油鮮蝦明太子細扁麵 | E20: 川燙9號蝦 | F20: 20 | G20: 公克 | H20: 50 | O20: V | U20: =IF($E20="","",COUNTIF($I20:$S20,"V")) -> 1 | V20: =IF($E20="","",IF(AND($T20="V",$U20>0),"⚠ 勾選矛盾",IF($T20="V","○ 免調理",IF($U20=0,"⚠ 資料缺漏",IF($U20=1,"▲ 單一設備依賴","OK"))))) -> ▲ 單一設備依賴 | W20: =IF($E20="","",IF(AND($T20="V",$U20>0),"「無使用調理設備」不可與設備欄同時勾選，請擇一修正",IF($T20="V","免調理半成品（外購/僅切配等），不列入設備風險評估",IF($U20=0,"未勾選任何設備，請補填或勾選「無使用調理設備」",IF($U20=1,"僅依賴1台設備，須確認故障/排修時之備援製程","無異常"))))) -> 僅依賴1台設備，須確認故障/排修時之備援製程 | Z20: =IF($D20="",0,IF(COUNTIF($D$5:$D20,$D20)=1,1,0)) -> 0 | AA20: =IF(Z20=1,SUM($Z$5:$Z20),"")
A21: 下架 | B21: 長家 | C21: 熱食義麵 | D21: 奶油鮮蝦明太子細扁麵 | E21: 解凍-辛子明太子醬 | F21: 12 | G21: 公克 | H21: 100 | T21: V | U21: =IF($E21="","",COUNTIF($I21:$S21,"V")) -> 0 | V21: =IF($E21="","",IF(AND($T21="V",$U21>0),"⚠ 勾選矛盾",IF($T21="V","○ 免調理",IF($U21=0,"⚠ 資料缺漏",IF($U21=1,"▲ 單一設備依賴","OK"))))) -> ○ 免調理 | W21: =IF($E21="","",IF(AND($T21="V",$U21>0),"「無使用調理設備」不可與設備欄同時勾選，請擇一修正",IF($T21="V","免調理半成品（外購/僅切配等），不列入設備風險評估",IF($U21=0,"未勾選任何設備，請補填或勾選「無使用調理設備」",IF($U21=1,"僅依賴1台設備，須確認故障/排修時之備援製程","無異常"))))) -> 免調理半成品（外購/僅切配等），不列入設備風險評估 | Z21: =IF($D21="",0,IF(COUNTIF($D$5:$D21,$D21)=1,1,0)) -> 0 | AA21: =IF(Z21=1,SUM($Z$5:$Z21),"")
A22: 下架 | B22: 長家 | C22: 熱食義麵 | D22: 奶油鮮蝦明太子細扁麵 | E22: 清洗蔥花 | F22: 3 | G22: 公克 | H22: 95 | T22: V | U22: =IF($E22="","",COUNTIF($I22:$S22,"V")) -> 0 | V22: =IF($E22="","",IF(AND($T22="V",$U22>0),"⚠ 勾選矛盾",IF($T22="V","○ 免調理",IF($U22=0,"⚠ 資料缺漏",IF($U22=1,"▲ 單一設備依賴","OK"))))) -> ○ 免調理 | W22: =IF($E22="","",IF(AND($T22="V",$U22>0),"「無使用調理設備」不可與設備欄同時勾選，請擇一修正",IF($T22="V","免調理半成品（外購/僅切配等），不列入設備風險評估",IF($U22=0,"未勾選任何設備，請補填或勾選「無使用調理設備」",IF($U22=1,"僅依賴1台設備，須確認故障/排修時之備援製程","無異常"))))) -> 免調理半成品（外購/僅切配等），不列入設備風險評估 | Z22: =IF($D22="",0,IF(COUNTIF($D$5:$D22,$D22)=1,1,0)) -> 0 | AA22: =IF(Z22=1,SUM($Z$5:$Z22),"")
A23: 架上 | B23: 長家 | C23: 熱食義麵 | D23: 白酒清炒鮮蛤義大利麵 | E23: 煮日製義大利麵(115) | F23: 220 | G23: 公克 | H23: 240 | J23: V | U23: =IF($E23="","",COUNTIF($I23:$S23,"V")) -> 1 | V23: =IF($E23="","",IF(AND($T23="V",$U23>0),"⚠ 勾選矛盾",IF($T23="V","○ 免調理",IF($U23=0,"⚠ 資料缺漏",IF($U23=1,"▲ 單一設備依賴","OK"))))) -> ▲ 單一設備依賴 | W23: =IF($E23="","",IF(AND($T23="V",$U23>0),"「無使用調理設備」不可與設備欄同時勾選，請擇一修正",IF($T23="V","免調理半成品（外購/僅切配等），不列入設備風險評估",IF($U23=0,"未勾選任何設備，請補填或勾選「無使用調理設備」",IF($U23=1,"僅依賴1台設備，須確認故障/排修時之備援製程","無異常"))))) -> 僅依賴1台設備，須確認故障/排修時之備援製程 | Z23: =IF($D23="",0,IF(COUNTIF($D$5:$D23,$D23)=1,1,0)) -> 1 | AA23: =IF(Z23=1,SUM($Z$5:$Z23),"") -> 4
A24: 架上 | B24: 長家 | C24: 熱食義麵 | D24: 白酒清炒鮮蛤義大利麵 | E24: 義麵-海鮮湯凍(115年) | F24: 75 | G24: 公克 | H24: 82 | O24: V | U24: =IF($E24="","",COUNTIF($I24:$S24,"V")) -> 1 | V24: =IF($E24="","",IF(AND($T24="V",$U24>0),"⚠ 勾選矛盾",IF($T24="V","○ 免調理",IF($U24=0,"⚠ 資料缺漏",IF($U24=1,"▲ 單一設備依賴","OK"))))) -> ▲ 單一設備依賴 | W24: =IF($E24="","",IF(AND($T24="V",$U24>0),"「無使用調理設備」不可與設備欄同時勾選，請擇一修正",IF($T24="V","免調理半成品（外購/僅切配等），不列入設備風險評估",IF($U24=0,"未勾選任何設備，請補填或勾選「無使用調理設備」",IF($U24=1,"僅依賴1台設備，須確認故障/排修時之備援製程","無異常"))))) -> 僅依賴1台設備，須確認故障/排修時之備援製程 | Z24: =IF($D24="",0,IF(COUNTIF($D$5:$D24,$D24)=1,1,0)) -> 0 | AA24: =IF(Z24=1,SUM($Z$5:$Z24),"")
A25: 架上 | B25: 長家 | C25: 熱食義麵 | D25: 白酒清炒鮮蛤義大利麵 | E25: 蒸蛤蜊-肉(112年) | F25: 40 | G25: 公克 | H25: 50 | M25: V | U25: =IF($E25="","",COUNTIF($I25:$S25,"V")) -> 1 | V25: =IF($E25="","",IF(AND($T25="V",$U25>0),"⚠ 勾選矛盾",IF($T25="V","○ 免調理",IF($U25=0,"⚠ 資料缺漏",IF($U25=1,"▲ 單一設備依賴","OK"))))) -> ▲ 單一設備依賴 | W25: =IF($E25="","",IF(AND($T25="V",$U25>0),"「無使用調理設備」不可與設備欄同時勾選，請擇一修正",IF($T25="V","免調理半成品（外購/僅切配等），不列入設備風險評估",IF($U25=0,"未勾選任何設備，請補填或勾選「無使用調理設備」",IF($U25=1,"僅依賴1台設備，須確認故障/排修時之備援製程","無異常"))))) -> 僅依賴1台設備，須確認故障/排修時之備援製程 | Z25: =IF($D25="",0,IF(COUNTIF($D$5:$D25,$D25)=1,1,0)) -> 0 | AA25: =IF(Z25=1,SUM($Z$5:$Z25),"")
A26: 架上 | B26: 長家 | C26: 熱食義麵 | D26: 白酒清炒鮮蛤義大利麵 | E26: 川燙青花菜(N7) | F26: 8 | G26: 公克 | H26: 68 | O26: V | U26: =IF($E26="","",COUNTIF($I26:$S26,"V")) -> 1 | V26: =IF($E26="","",IF(AND($T26="V",$U26>0),"⚠ 勾選矛盾",IF($T26="V","○ 免調理",IF($U26=0,"⚠ 資料缺漏",IF($U26=1,"▲ 單一設備依賴","OK"))))) -> ▲ 單一設備依賴 | W26: =IF($E26="","",IF(AND($T26="V",$U26>0),"「無使用調理設備」不可與設備欄同時勾選，請擇一修正",IF($T26="V","免調理半成品（外購/僅切配等），不列入設備風險評估",IF($U26=0,"未勾選任何設備，請補填或勾選「無使用調理設備」",IF($U26=1,"僅依賴1台設備，須確認故障/排修時之備援製程","無異常"))))) -> 僅依賴1台設備，須確認故障/排修時之備援製程 | Z26: =IF($D26="",0,IF(COUNTIF($D$5:$D26,$D26)=1,1,0)) -> 0 | AA26: =IF(Z26=1,SUM($Z$5:$Z26),"")
A27: 架上 | B27: 長家 | C27: 熱食義麵 | D27: 白酒清炒鮮蛤義大利麵 | E27: (殺菌)AD辣椒圈 | F27: 0.3 | G27: 公克 | H27: 100 | T27: V | U27: =IF($E27="","",COUNTIF($I27:$S27,"V")) -> 0 | V27: =IF($E27="","",IF(AND($T27="V",$U27>0),"⚠ 勾選矛盾",IF($T27="V","○ 免調理",IF($U27=0,"⚠ 資料缺漏",IF($U27=1,"▲ 單一設備依賴","OK"))))) -> ○ 免調理 | W27: =IF($E27="","",IF(AND($T27="V",$U27>0),"「無使用調理設備」不可與設備欄同時勾選，請擇一修正",IF($T27="V","免調理半成品（外購/僅切配等），不列入設備風險評估",IF($U27=0,"未勾選任何設備，請補填或勾選「無使用調理設備」",IF($U27=1,"僅依賴1台設備，須確認故障/排修時之備援製程","無異常"))))) -> 免調理半成品（外購/僅切配等），不列入設備風險評估 | Z27: =IF($D27="",0,IF(COUNTIF($D$5:$D27,$D27)=1,1,0)) -> 0 | AA27: =IF(Z27=1,SUM($Z$5:$Z27),"")
A28: 下架 | B28: 長家 | C28: 熱食義麵 | D28: 沙茶豬肉炒麵 | E28: 煮調色蒜味燴汁湯凍 | F28: 18 | G28: 公克 | H28: 69 | O28: V | U28: =IF($E28="","",COUNTIF($I28:$S28,"V")) -> 1 | V28: =IF($E28="","",IF(AND($T28="V",$U28>0),"⚠ 勾選矛盾",IF($T28="V","○ 免調理",IF($U28=0,"⚠ 資料缺漏",IF($U28=1,"▲ 單一設備依賴","OK"))))) -> ▲ 單一設備依賴 | W28: =IF($E28="","",IF(AND($T28="V",$U28>0),"「無使用調理設備」不可與設備欄同時勾選，請擇一修正",IF($T28="V","免調理半成品（外購/僅切配等），不列入設備風險評估",IF($U28=0,"未勾選任何設備，請補填或勾選「無使用調理設備」",IF($U28=1,"僅依賴1台設備，須確認故障/排修時之備援製程","無異常"))))) -> 僅依賴1台設備，須確認故障/排修時之備援製程 | Z28: =IF($D28="",0,IF(COUNTIF($D$5:$D28,$D28)=1,1,0)) -> 1 | AA28: =IF(Z28=1,SUM($Z$5:$Z28),"") -> 5
A29: 下架 | B29: 長家 | C29: 熱食義麵 | D29: 沙茶豬肉炒麵 | E29: 炒沙茶炒麵 | F29: 234 | G29: 公克 | H29: 80 | J29: V | P29: V | U29: =IF($E29="","",COUNTIF($I29:$S29,"V")) -> 2 | V29: =IF($E29="","",IF(AND($T29="V",$U29>0),"⚠ 勾選矛盾",IF($T29="V","○ 免調理",IF($U29=0,"⚠ 資料缺漏",IF($U29=1,"▲ 單一設備依賴","OK"))))) -> OK | W29: =IF($E29="","",IF(AND($T29="V",$U29>0),"「無使用調理設備」不可與設備欄同時勾選，請擇一修正",IF($T29="V","免調理半成品（外購/僅切配等），不列入設備風險評估",IF($U29=0,"未勾選任何設備，請補填或勾選「無使用調理設備」",IF($U29=1,"僅依賴1台設備，須確認故障/排修時之備援製程","無異常"))))) -> 無異常 | Z29: =IF($D29="",0,IF(COUNTIF($D$5:$D29,$D29)=1,1,0)) -> 0 | AA29: =IF(Z29=1,SUM($Z$5:$Z29),"")
A30: 下架 | B30: 長家 | C30: 熱食義麵 | D30: 沙茶豬肉炒麵 | E30: 113年煮沙茶炒麵湯凍 | F30: 42 | G30: 公克 | H30: 70 | O30: V | U30: =IF($E30="","",COUNTIF($I30:$S30,"V")) -> 1 | V30: =IF($E30="","",IF(AND($T30="V",$U30>0),"⚠ 勾選矛盾",IF($T30="V","○ 免調理",IF($U30=0,"⚠ 資料缺漏",IF($U30=1,"▲ 單一設備依賴","OK"))))) -> ▲ 單一設備依賴 | W30: =IF($E30="","",IF(AND($T30="V",$U30>0),"「無使用調理設備」不可與設備欄同時勾選，請擇一修正",IF($T30="V","免調理半成品（外購/僅切配等），不列入設備風險評估",IF($U30=0,"未勾選任何設備，請補填或勾選「無使用調理設備」",IF($U30=1,"僅依賴1台設備，須確認故障/排修時之備援製程","無異常"))))) -> 僅依賴1台設備，須確認故障/排修時之備援製程 | Z30: =IF($D30="",0,IF(COUNTIF($D$5:$D30,$D30)=1,1,0)) -> 0 | AA30: =IF(Z30=1,SUM($Z$5:$Z30),"")
A31: 下架 | B31: 長家 | C31: 熱食義麵 | D31: 沙茶豬肉炒麵 | E31: 113年炒沙茶豬肉片 | F31: 25 | G31: 公克 | H31: 60 | O31: V | U31: =IF($E31="","",COUNTIF($I31:$S31,"V")) -> 1 | V31: =IF($E31="","",IF(AND($T31="V",$U31>0),"⚠ 勾選矛盾",IF($T31="V","○ 免調理",IF($U31=0,"⚠ 資料缺漏",IF($U31=1,"▲ 單一設備依賴","OK"))))) -> ▲ 單一設備依賴 | W31: =IF($E31="","",IF(AND($T31="V",$U31>0),"「無使用調理設備」不可與設備欄同時勾選，請擇一修正",IF($T31="V","免調理半成品（外購/僅切配等），不列入設備風險評估",IF($U31=0,"未勾選任何設備，請補填或勾選「無使用調理設備」",IF($U31=1,"僅依賴1台設備，須確認故障/排修時之備援製程","無異常"))))) -> 僅依賴1台設備，須確認故障/排修時之備援製程 | Z31: =IF($D31="",0,IF(COUNTIF($D$5:$D31,$D31)=1,1,0)) -> 0 | AA31: =IF(Z31=1,SUM($Z$5:$Z31),"")
A32: 下架 | B32: 長家 | C32: 熱食義麵 | D32: 沙茶豬肉炒麵 | E32: 炒高麗菜紅蘿蔔絲 | F32: 12 | G32: 公克 | H32: 68 | O32: V | U32: =IF($E32="","",COUNTIF($I32:$S32,"V")) -> 1 | V32: =IF($E32="","",IF(AND($T32="V",$U32>0),"⚠ 勾選矛盾",IF($T32="V","○ 免調理",IF($U32=0,"⚠ 資料缺漏",IF($U32=1,"▲ 單一設備依賴","OK"))))) -> ▲ 單一設備依賴 | W32: =IF($E32="","",IF(AND($T32="V",$U32>0),"「無使用調理設備」不可與設備欄同時勾選，請擇一修正",IF($T32="V","免調理半成品（外購/僅切配等），不列入設備風險評估",IF($U32=0,"未勾選任何設備，請補填或勾選「無使用調理設備」",IF($U32=1,"僅依賴1台設備，須確認故障/排修時之備援製程","無異常"))))) -> 僅依賴1台設備，須確認故障/排修時之備援製程 | Z32: =IF($D32="",0,IF(COUNTIF($D$5:$D32,$D32)=1,1,0)) -> 0 | AA32: =IF(Z32=1,SUM($Z$5:$Z32),"")
A33: 下架 | B33: 長家 | C33: 熱食義麵 | D33: 沙茶豬肉炒麵 | E33: 炒沙茶醬 | F33: 5 | G33: 公克 | H33: 80 | O33: V | U33: =IF($E33="","",COUNTIF($I33:$S33,"V")) -> 1 | V33: =IF($E33="","",IF(AND($T33="V",$U33>0),"⚠ 勾選矛盾",IF($T33="V","○ 免調理",IF($U33=0,"⚠ 資料缺漏",IF($U33=1,"▲ 單一設備依賴","OK"))))) -> ▲ 單一設備依賴 | W33: =IF($E33="","",IF(AND($T33="V",$U33>0),"「無使用調理設備」不可與設備欄同時勾選，請擇一修正",IF($T33="V","免調理半成品（外購/僅切配等），不列入設備風險評估",IF($U33=0,"未勾選任何設備，請補填或勾選「無使用調理設備」",IF($U33=1,"僅依賴1台設備，須確認故障/排修時之備援製程","無異常"))))) -> 僅依賴1台設備，須確認故障/排修時之備援製程 | Z33: =IF($D33="",0,IF(COUNTIF($D$5:$D33,$D33)=1,1,0)) -> 0 | AA33: =IF(Z33=1,SUM($Z$5:$Z33),"")
A34: 下架 | B34: 長家 | C34: 熱食義麵 | D34: 沙茶豬肉炒麵 | E34: 油炒辣椒圈 | F34: 1 | G34: 公克 | H34: 74 | O34: V | U34: =IF($E34="","",COUNTIF($I34:$S34,"V")) -> 1 | V34: =IF($E34="","",IF(AND($T34="V",$U34>0),"⚠ 勾選矛盾",IF($T34="V","○ 免調理",IF($U34=0,"⚠ 資料缺漏",IF($U34=1,"▲ 單一設備依賴","OK"))))) -> ▲ 單一設備依賴 | W34: =IF($E34="","",IF(AND($T34="V",$U34>0),"「無使用調理設備」不可與設備欄同時勾選，請擇一修正",IF($T34="V","免調理半成品（外購/僅切配等），不列入設備風險評估",IF($U34=0,"未勾選任何設備，請補填或勾選「無使用調理設備」",IF($U34=1,"僅依賴1台設備，須確認故障/排修時之備援製程","無異常"))))) -> 僅依賴1台設備，須確認故障/排修時之備援製程 | Z34: =IF($D34="",0,IF(COUNTIF($D$5:$D34,$D34)=1,1,0)) -> 0 | AA34: =IF(Z34=1,SUM($Z$5:$Z34),"")
A35: 架上 | B35: 長家 | C35: 熱食義麵 | D35: 府城鹽水意麵 | E35: 煮鹽水意麵 | F35: 230 | G35: 公克 | H35: 160 | J35: V | U35: =IF($E35="","",COUNTIF($I35:$S35,"V")) -> 1 | V35: =IF($E35="","",IF(AND($T35="V",$U35>0),"⚠ 勾選矛盾",IF($T35="V","○ 免調理",IF($U35=0,"⚠ 資料缺漏",IF($U35=1,"▲ 單一設備依賴","OK"))))) -> ▲ 單一設備依賴 | W35: =IF($E35="","",IF(AND($T35="V",$U35>0),"「無使用調理設備」不可與設備欄同時勾選，請擇一修正",IF($T35="V","免調理半成品（外購/僅切配等），不列入設備風險評估",IF($U35=0,"未勾選任何設備，請補填或勾選「無使用調理設備」",IF($U35=1,"僅依賴1台設備，須確認故障/排修時之備援製程","無異常"))))) -> 僅依賴1台設備，須確認故障/排修時之備援製程 | Z35: =IF($D35="",0,IF(COUNTIF($D$5:$D35,$D35)=1,1,0)) -> 1 | AA35: =IF(Z35=1,SUM($Z$5:$Z35),"") -> 6
A36: 架上 | B36: 長家 | C36: 熱食義麵 | D36: 府城鹽水意麵 | E36: 煮意麵肉燥 | F36: 70 | G36: 公克 | H36: 53 | O36: V | U36: =IF($E36="","",COUNTIF($I36:$S36,"V")) -> 1 | V36: =IF($E36="","",IF(AND($T36="V",$U36>0),"⚠ 勾選矛盾",IF($T36="V","○ 免調理",IF($U36=0,"⚠ 資料缺漏",IF($U36=1,"▲ 單一設備依賴","OK"))))) -> ▲ 單一設備依賴 | W36: =IF($E36="","",IF(AND($T36="V",$U36>0),"「無使用調理設備」不可與設備欄同時勾選，請擇一修正",IF($T36="V","免調理半成品（外購/僅切配等），不列入設備風險評估",IF($U36=0,"未勾選任何設備，請補填或勾選「無使用調理設備」",IF($U36=1,"僅依賴1台設備，須確認故障/排修時之備援製程","無異常"))))) -> 僅依賴1台設備，須確認故障/排修時之備援製程 | Z36: =IF($D36="",0,IF(COUNTIF($D$5:$D36,$D36)=1,1,0)) -> 0 | AA36: =IF(Z36=1,SUM($Z$5:$Z36),"")
A37: 架上 | B37: 長家 | C37: 熱食義麵 | D37: 府城鹽水意麵 | E37: 切蒸前腿肉 | F37: 8 | G37: 公克 | H37: 66 | M37: V | U37: =IF($E37="","",COUNTIF($I37:$S37,"V")) -> 1 | V37: =IF($E37="","",IF(AND($T37="V",$U37>0),"⚠ 勾選矛盾",IF($T37="V","○ 免調理",IF($U37=0,"⚠ 資料缺漏",IF($U37=1,"▲ 單一設備依賴","OK"))))) -> ▲ 單一設備依賴 | W37: =IF($E37="","",IF(AND($T37="V",$U37>0),"「無使用調理設備」不可與設備欄同時勾選，請擇一修正",IF($T37="V","免調理半成品（外購/僅切配等），不列入設備風險評估",IF($U37=0,"未勾選任何設備，請補填或勾選「無使用調理設備」",IF($U37=1,"僅依賴1台設備，須確認故障/排修時之備援製程","無異常"))))) -> 僅依賴1台設備，須確認故障/排修時之備援製程 | Z37: =IF($D37="",0,IF(COUNTIF($D$5:$D37,$D37)=1,1,0)) -> 0 | AA37: =IF(Z37=1,SUM($Z$5:$Z37),"")
A38: 架上 | B38: 長家 | C38: 熱食義麵 | D38: 府城鹽水意麵 | E38: 對切滷蛋 | F38: 20 | G38: 公克 | H38: 200 | T38: V | U38: =IF($E38="","",COUNTIF($I38:$S38,"V")) -> 0 | V38: =IF($E38="","",IF(AND($T38="V",$U38>0),"⚠ 勾選矛盾",IF($T38="V","○ 免調理",IF($U38=0,"⚠ 資料缺漏",IF($U38=1,"▲ 單一設備依賴","OK"))))) -> ○ 免調理 | W38: =IF($E38="","",IF(AND($T38="V",$U38>0),"「無使用調理設備」不可與設備欄同時勾選，請擇一修正",IF($T38="V","免調理半成品（外購/僅切配等），不列入設備風險評估",IF($U38=0,"未勾選任何設備，請補填或勾選「無使用調理設備」",IF($U38=1,"僅依賴1台設備，須確認故障/排修時之備援製程","無異常"))))) -> 免調理半成品（外購/僅切配等），不列入設備風險評估 | Z38: =IF($D38="",0,IF(COUNTIF($D$5:$D38,$D38)=1,1,0)) -> 0 | AA38: =IF(Z38=1,SUM($Z$5:$Z38),"")
A39: 架上 | B39: 長家 | C39: 熱食義麵 | D39: 府城鹽水意麵 | E39: 蒸4切濾黃金豆腐 | F39: 14 | G39: 公克 | H39: 100 | M39: V | U39: =IF($E39="","",COUNTIF($I39:$S39,"V")) -> 1 | V39: =IF($E39="","",IF(AND($T39="V",$U39>0),"⚠ 勾選矛盾",IF($T39="V","○ 免調理",IF($U39=0,"⚠ 資料缺漏",IF($U39=1,"▲ 單一設備依賴","OK"))))) -> ▲ 單一設備依賴 | W39: =IF($E39="","",IF(AND($T39="V",$U39>0),"「無使用調理設備」不可與設備欄同時勾選，請擇一修正",IF($T39="V","免調理半成品（外購/僅切配等），不列入設備風險評估",IF($U39=0,"未勾選任何設備，請補填或勾選「無使用調理設備」",IF($U39=1,"僅依賴1台設備，須確認故障/排修時之備援製程","無異常"))))) -> 僅依賴1台設備，須確認故障/排修時之備援製程 | Z39: =IF($D39="",0,IF(COUNTIF($D$5:$D39,$D39)=1,1,0)) -> 0 | AA39: =IF(Z39=1,SUM($Z$5:$Z39),"")
A40: 架上 | B40: 長家 | C40: 熱食義麵 | D40: 府城鹽水意麵 | E40: 川燙油菜 | F40: 10 | G40: 公克 | H40: 67 | O40: V | U40: =IF($E40="","",COUNTIF($I40:$S40,"V")) -> 1 | V40: =IF($E40="","",IF(AND($T40="V",$U40>0),"⚠ 勾選矛盾",IF($T40="V","○ 免調理",IF($U40=0,"⚠ 資料缺漏",IF($U40=1,"▲ 單一設備依賴","OK"))))) -> ▲ 單一設備依賴 | W40: =IF($E40="","",IF(AND($T40="V",$U40>0),"「無使用調理設備」不可與設備欄同時勾選，請擇一修正",IF($T40="V","免調理半成品（外購/僅切配等），不列入設備風險評估",IF($U40=0,"未勾選任何設備，請補填或勾選「無使用調理設備」",IF($U40=1,"僅依賴1台設備，須確認故障/排修時之備援製程","無異常"))))) -> 僅依賴1台設備，須確認故障/排修時之備援製程 | Z40: =IF($D40="",0,IF(COUNTIF($D$5:$D40,$D40)=1,1,0)) -> 0 | AA40: =IF(Z40=1,SUM($Z$5:$Z40),"")
A41: 架上 | B41: 長家 | C41: 熱食義麵 | D41: 青花椒麻雞肉拌麵 | E41: 混拌浪花麵 | F41: 187 | G41: 公克 | H41: 83 | J41: V | U41: =IF($E41="","",COUNTIF($I41:$S41,"V")) -> 1 | V41: =IF($E41="","",IF(AND($T41="V",$U41>0),"⚠ 勾選矛盾",IF($T41="V","○ 免調理",IF($U41=0,"⚠ 資料缺漏",IF($U41=1,"▲ 單一設備依賴","OK"))))) -> ▲ 單一設備依賴 | W41: =IF($E41="","",IF(AND($T41="V",$U41>0),"「無使用調理設備」不可與設備欄同時勾選，請擇一修正",IF($T41="V","免調理半成品（外購/僅切配等），不列入設備風險評估",IF($U41=0,"未勾選任何設備，請補填或勾選「無使用調理設備」",IF($U41=1,"僅依賴1台設備，須確認故障/排修時之備援製程","無異常"))))) -> 僅依賴1台設備，須確認故障/排修時之備援製程 | Z41: =IF($D41="",0,IF(COUNTIF($D$5:$D41,$D41)=1,1,0)) -> 1 | AA41: =IF(Z41=1,SUM($Z$5:$Z41),"") -> 7
A42: 架上 | B42: 長家 | C42: 熱食義麵 | D42: 青花椒麻雞肉拌麵 | E42: 煮青花椒湯凍(114年) | F42: 60 | G42: 公克 | H42: 50 | O42: V | U42: =IF($E42="","",COUNTIF($I42:$S42,"V")) -> 1 | V42: =IF($E42="","",IF(AND($T42="V",$U42>0),"⚠ 勾選矛盾",IF($T42="V","○ 免調理",IF($U42=0,"⚠ 資料缺漏",IF($U42=1,"▲ 單一設備依賴","OK"))))) -> ▲ 單一設備依賴 | W42: =IF($E42="","",IF(AND($T42="V",$U42>0),"「無使用調理設備」不可與設備欄同時勾選，請擇一修正",IF($T42="V","免調理半成品（外購/僅切配等），不列入設備風險評估",IF($U42=0,"未勾選任何設備，請補填或勾選「無使用調理設備」",IF($U42=1,"僅依賴1台設備，須確認故障/排修時之備援製程","無異常"))))) -> 僅依賴1台設備，須確認故障/排修時之備援製程 | Z42: =IF($D42="",0,IF(COUNTIF($D$5:$D42,$D42)=1,1,0)) -> 0 | AA42: =IF(Z42=1,SUM($Z$5:$Z42),"")
A43: 架上 | B43: 長家 | C43: 熱食義麵 | D43: 青花椒麻雞肉拌麵 | E43: 川燙油菜 | F43: 15 | G43: 公克 | H43: 64 | O43: V | U43: =IF($E43="","",COUNTIF($I43:$S43,"V")) -> 1 | V43: =IF($E43="","",IF(AND($T43="V",$U43>0),"⚠ 勾選矛盾",IF($T43="V","○ 免調理",IF($U43=0,"⚠ 資料缺漏",IF($U43=1,"▲ 單一設備依賴","OK"))))) -> ▲ 單一設備依賴 | W43: =IF($E43="","",IF(AND($T43="V",$U43>0),"「無使用調理設備」不可與設備欄同時勾選，請擇一修正",IF($T43="V","免調理半成品（外購/僅切配等），不列入設備風險評估",IF($U43=0,"未勾選任何設備，請補填或勾選「無使用調理設備」",IF($U43=1,"僅依賴1台設備，須確認故障/排修時之備援製程","無異常"))))) -> 僅依賴1台設備，須確認故障/排修時之備援製程 | Z43: =IF($D43="",0,IF(COUNTIF($D$5:$D43,$D43)=1,1,0)) -> 0 | AA43: =IF(Z43=1,SUM($Z$5:$Z43),"")
A44: 架上 | B44: 長家 | C44: 熱食義麵 | D44: 青花椒麻雞肉拌麵 | E44: 6切-烤調色青花椒棒腿肉 | F44: 3 | G44: 個 | H44: 600 | K44: V | U44: =IF($E44="","",COUNTIF($I44:$S44,"V")) -> 1 | V44: =IF($E44="","",IF(AND($T44="V",$U44>0),"⚠ 勾選矛盾",IF($T44="V","○ 免調理",IF($U44=0,"⚠ 資料缺漏",IF($U44=1,"▲ 單一設備依賴","OK"))))) -> ▲ 單一設備依賴 | W44: =IF($E44="","",IF(AND($T44="V",$U44>0),"「無使用調理設備」不可與設備欄同時勾選，請擇一修正",IF($T44="V","免調理半成品（外購/僅切配等），不列入設備風險評估",IF($U44=0,"未勾選任何設備，請補填或勾選「無使用調理設備」",IF($U44=1,"僅依賴1台設備，須確認故障/排修時之備援製程","無異常"))))) -> 僅依賴1台設備，須確認故障/排修時之備援製程 | Z44: =IF($D44="",0,IF(COUNTIF($D$5:$D44,$D44)=1,1,0)) -> 0 | AA44: =IF(Z44=1,SUM($Z$5:$Z44),"")
A45: 架上 | B45: 長家 | C45: 熱食義麵 | D45: 青花椒麻雞肉拌麵 | E45: 川燙青紅辣椒圓片 | F45: 2 | G45: 公克 | H45: 59 | O45: V | U45: =IF($E45="","",COUNTIF($I45:$S45,"V")) -> 1 | V45: =IF($E45="","",IF(AND($T45="V",$U45>0),"⚠ 勾選矛盾",IF($T45="V","○ 免調理",IF($U45=0,"⚠ 資料缺漏",IF($U45=1,"▲ 單一設備依賴","OK"))))) -> ▲ 單一設備依賴 | W45: =IF($E45="","",IF(AND($T45="V",$U45>0),"「無使用調理設備」不可與設備欄同時勾選，請擇一修正",IF($T45="V","免調理半成品（外購/僅切配等），不列入設備風險評估",IF($U45=0,"未勾選任何設備，請補填或勾選「無使用調理設備」",IF($U45=1,"僅依賴1台設備，須確認故障/排修時之備援製程","無異常"))))) -> 僅依賴1台設備，須確認故障/排修時之備援製程 | Z45: =IF($D45="",0,IF(COUNTIF($D$5:$D45,$D45)=1,1,0)) -> 0 | AA45: =IF(Z45=1,SUM($Z$5:$Z45),"")
A46: 架上 | B46: 長家 | C46: 熱食義麵 | D46: 青醬蛤蜊義大利麵RN | E46: 煮日製義大利麵(108) | F46: 220 | G46: 公克 | H46: 235 | J46: V | U46: =IF($E46="","",COUNTIF($I46:$S46,"V")) -> 1 | V46: =IF($E46="","",IF(AND($T46="V",$U46>0),"⚠ 勾選矛盾",IF($T46="V","○ 免調理",IF($U46=0,"⚠ 資料缺漏",IF($U46=1,"▲ 單一設備依賴","OK"))))) -> ▲ 單一設備依賴 | W46: =IF($E46="","",IF(AND($T46="V",$U46>0),"「無使用調理設備」不可與設備欄同時勾選，請擇一修正",IF($T46="V","免調理半成品（外購/僅切配等），不列入設備風險評估",IF($U46=0,"未勾選任何設備，請補填或勾選「無使用調理設備」",IF($U46=1,"僅依賴1台設備，須確認故障/排修時之備援製程","無異常"))))) -> 僅依賴1台設備，須確認故障/排修時之備援製程 | Z46: =IF($D46="",0,IF(COUNTIF($D$5:$D46,$D46)=1,1,0)) -> 1 | AA46: =IF(Z46=1,SUM($Z$5:$Z46),"") -> 8
A47: 架上 | B47: 長家 | C47: 熱食義麵 | D47: 青醬蛤蜊義大利麵RN | E47: 義麵-奶青醬(114年) | F47: 90 | G47: 公克 | H47: 68 | O47: V | U47: =IF($E47="","",COUNTIF($I47:$S47,"V")) -> 1 | V47: =IF($E47="","",IF(AND($T47="V",$U47>0),"⚠ 勾選矛盾",IF($T47="V","○ 免調理",IF($U47=0,"⚠ 資料缺漏",IF($U47=1,"▲ 單一設備依賴","OK"))))) -> ▲ 單一設備依賴 | W47: =IF($E47="","",IF(AND($T47="V",$U47>0),"「無使用調理設備」不可與設備欄同時勾選，請擇一修正",IF($T47="V","免調理半成品（外購/僅切配等），不列入設備風險評估",IF($U47=0,"未勾選任何設備，請補填或勾選「無使用調理設備」",IF($U47=1,"僅依賴1台設備，須確認故障/排修時之備援製程","無異常"))))) -> 僅依賴1台設備，須確認故障/排修時之備援製程 | Z47: =IF($D47="",0,IF(COUNTIF($D$5:$D47,$D47)=1,1,0)) -> 0 | AA47: =IF(Z47=1,SUM($Z$5:$Z47),"")
A48: 架上 | B48: 長家 | C48: 熱食義麵 | D48: 青醬蛤蜊義大利麵RN | E48: 蒸-花蛤肉 | F48: 26 | G48: 公克 | H48: 39 | M48: V | U48: =IF($E48="","",COUNTIF($I48:$S48,"V")) -> 1 | V48: =IF($E48="","",IF(AND($T48="V",$U48>0),"⚠ 勾選矛盾",IF($T48="V","○ 免調理",IF($U48=0,"⚠ 資料缺漏",IF($U48=1,"▲ 單一設備依賴","OK"))))) -> ▲ 單一設備依賴 | W48: =IF($E48="","",IF(AND($T48="V",$U48>0),"「無使用調理設備」不可與設備欄同時勾選，請擇一修正",IF($T48="V","免調理半成品（外購/僅切配等），不列入設備風險評估",IF($U48=0,"未勾選任何設備，請補填或勾選「無使用調理設備」",IF($U48=1,"僅依賴1台設備，須確認故障/排修時之備援製程","無異常"))))) -> 僅依賴1台設備，須確認故障/排修時之備援製程 | Z48: =IF($D48="",0,IF(COUNTIF($D$5:$D48,$D48)=1,1,0)) -> 0 | AA48: =IF(Z48=1,SUM($Z$5:$Z48),"")
A49: 架上 | B49: 長家 | C49: 熱食義麵 | D49: 青醬蛤蜊義大利麵RN | E49: 紅切達起司絲 | F49: 3 | G49: 公克 | H49: 100 | T49: V | U49: =IF($E49="","",COUNTIF($I49:$S49,"V")) -> 0 | V49: =IF($E49="","",IF(AND($T49="V",$U49>0),"⚠ 勾選矛盾",IF($T49="V","○ 免調理",IF($U49=0,"⚠ 資料缺漏",IF($U49=1,"▲ 單一設備依賴","OK"))))) -> ○ 免調理 | W49: =IF($E49="","",IF(AND($T49="V",$U49>0),"「無使用調理設備」不可與設備欄同時勾選，請擇一修正",IF($T49="V","免調理半成品（外購/僅切配等），不列入設備風險評估",IF($U49=0,"未勾選任何設備，請補填或勾選「無使用調理設備」",IF($U49=1,"僅依賴1台設備，須確認故障/排修時之備援製程","無異常"))))) -> 免調理半成品（外購/僅切配等），不列入設備風險評估 | Z49: =IF($D49="",0,IF(COUNTIF($D$5:$D49,$D49)=1,1,0)) -> 0 | AA49: =IF(Z49=1,SUM($Z$5:$Z49),"")
A50: 架上 | B50: 長家 | C50: 熱食義麵 | D50: 香煎魚排佐檸檬奶油義大利麵 | E50: 煮日製義大利麵(115) | F50: 220 | G50: 公克 | H50: 243 | J50: V | U50: =IF($E50="","",COUNTIF($I50:$S50,"V")) -> 1 | V50: =IF($E50="","",IF(AND($T50="V",$U50>0),"⚠ 勾選矛盾",IF($T50="V","○ 免調理",IF($U50=0,"⚠ 資料缺漏",IF($U50=1,"▲ 單一設備依賴","OK"))))) -> ▲ 單一設備依賴 | W50: =IF($E50="","",IF(AND($T50="V",$U50>0),"「無使用調理設備」不可與設備欄同時勾選，請擇一修正",IF($T50="V","免調理半成品（外購/僅切配等），不列入設備風險評估",IF($U50=0,"未勾選任何設備，請補填或勾選「無使用調理設備」",IF($U50=1,"僅依賴1台設備，須確認故障/排修時之備援製程","無異常"))))) -> 僅依賴1台設備，須確認故障/排修時之備援製程 | Z50: =IF($D50="",0,IF(COUNTIF($D$5:$D50,$D50)=1,1,0)) -> 1 | AA50: =IF(Z50=1,SUM($Z$5:$Z50),"") -> 9
A51: 架上 | B51: 長家 | C51: 熱食義麵 | D51: 香煎魚排佐檸檬奶油義大利麵 | E51: 奶香白醬 | F51: 55 | G51: 公克 | H51: 76 | O51: V | U51: =IF($E51="","",COUNTIF($I51:$S51,"V")) -> 1 | V51: =IF($E51="","",IF(AND($T51="V",$U51>0),"⚠ 勾選矛盾",IF($T51="V","○ 免調理",IF($U51=0,"⚠ 資料缺漏",IF($U51=1,"▲ 單一設備依賴","OK"))))) -> ▲ 單一設備依賴 | W51: =IF($E51="","",IF(AND($T51="V",$U51>0),"「無使用調理設備」不可與設備欄同時勾選，請擇一修正",IF($T51="V","免調理半成品（外購/僅切配等），不列入設備風險評估",IF($U51=0,"未勾選任何設備，請補填或勾選「無使用調理設備」",IF($U51=1,"僅依賴1台設備，須確認故障/排修時之備援製程","無異常"))))) -> 僅依賴1台設備，須確認故障/排修時之備援製程 | Z51: =IF($D51="",0,IF(COUNTIF($D$5:$D51,$D51)=1,1,0)) -> 0 | AA51: =IF(Z51=1,SUM($Z$5:$Z51),"")
A52: 架上 | B52: 長家 | C52: 熱食義麵 | D52: 香煎魚排佐檸檬奶油義大利麵 | E52: 檸檬奶油醬 | F52: 10 | G52: 公克 | H52: 75 | O52: V | U52: =IF($E52="","",COUNTIF($I52:$S52,"V")) -> 1 | V52: =IF($E52="","",IF(AND($T52="V",$U52>0),"⚠ 勾選矛盾",IF($T52="V","○ 免調理",IF($U52=0,"⚠ 資料缺漏",IF($U52=1,"▲ 單一設備依賴","OK"))))) -> ▲ 單一設備依賴 | W52: =IF($E52="","",IF(AND($T52="V",$U52>0),"「無使用調理設備」不可與設備欄同時勾選，請擇一修正",IF($T52="V","免調理半成品（外購/僅切配等），不列入設備風險評估",IF($U52=0,"未勾選任何設備，請補填或勾選「無使用調理設備」",IF($U52=1,"僅依賴1台設備，須確認故障/排修時之備援製程","無異常"))))) -> 僅依賴1台設備，須確認故障/排修時之備援製程 | Z52: =IF($D52="",0,IF(COUNTIF($D$5:$D52,$D52)=1,1,0)) -> 0 | AA52: =IF(Z52=1,SUM($Z$5:$Z52),"")
A53: 架上 | B53: 長家 | C53: 熱食義麵 | D53: 香煎魚排佐檸檬奶油義大利麵 | E53: 鮮食雙色起司絲 | F53: 10 | G53: 公克 | H53: 100 | T53: V | U53: =IF($E53="","",COUNTIF($I53:$S53,"V")) -> 0 | V53: =IF($E53="","",IF(AND($T53="V",$U53>0),"⚠ 勾選矛盾",IF($T53="V","○ 免調理",IF($U53=0,"⚠ 資料缺漏",IF($U53=1,"▲ 單一設備依賴","OK"))))) -> ○ 免調理 | W53: =IF($E53="","",IF(AND($T53="V",$U53>0),"「無使用調理設備」不可與設備欄同時勾選，請擇一修正",IF($T53="V","免調理半成品（外購/僅切配等），不列入設備風險評估",IF($U53=0,"未勾選任何設備，請補填或勾選「無使用調理設備」",IF($U53=1,"僅依賴1台設備，須確認故障/排修時之備援製程","無異常"))))) -> 免調理半成品（外購/僅切配等），不列入設備風險評估 | Z53: =IF($D53="",0,IF(COUNTIF($D$5:$D53,$D53)=1,1,0)) -> 0 | AA53: =IF(Z53=1,SUM($Z$5:$Z53),"")
A54: 架上 | B54: 長家 | C54: 熱食義麵 | D54: 香煎魚排佐檸檬奶油義大利麵 | E54: 烤-巴沙魚排 | F54: 60 | G54: 個 | H54: 100 | K54: V | U54: =IF($E54="","",COUNTIF($I54:$S54,"V")) -> 1 | V54: =IF($E54="","",IF(AND($T54="V",$U54>0),"⚠ 勾選矛盾",IF($T54="V","○ 免調理",IF($U54=0,"⚠ 資料缺漏",IF($U54=1,"▲ 單一設備依賴","OK"))))) -> ▲ 單一設備依賴 | W54: =IF($E54="","",IF(AND($T54="V",$U54>0),"「無使用調理設備」不可與設備欄同時勾選，請擇一修正",IF($T54="V","免調理半成品（外購/僅切配等），不列入設備風險評估",IF($U54=0,"未勾選任何設備，請補填或勾選「無使用調理設備」",IF($U54=1,"僅依賴1台設備，須確認故障/排修時之備援製程","無異常"))))) -> 僅依賴1台設備，須確認故障/排修時之備援製程 | Z54: =IF($D54="",0,IF(COUNTIF($D$5:$D54,$D54)=1,1,0)) -> 0 | AA54: =IF(Z54=1,SUM($Z$5:$Z54),"")
A55: 架上 | B55: 長家 | C55: 熱食義麵 | D55: 香煎魚排佐檸檬奶油義大利麵 | E55: 洋香菜葉KU | F55: 0.1 | G55: 公克 | H55: 100 | T55: V | U55: =IF($E55="","",COUNTIF($I55:$S55,"V")) -> 0 | V55: =IF($E55="","",IF(AND($T55="V",$U55>0),"⚠ 勾選矛盾",IF($T55="V","○ 免調理",IF($U55=0,"⚠ 資料缺漏",IF($U55=1,"▲ 單一設備依賴","OK"))))) -> ○ 免調理 | W55: =IF($E55="","",IF(AND($T55="V",$U55>0),"「無使用調理設備」不可與設備欄同時勾選，請擇一修正",IF($T55="V","免調理半成品（外購/僅切配等），不列入設備風險評估",IF($U55=0,"未勾選任何設備，請補填或勾選「無使用調理設備」",IF($U55=1,"僅依賴1台設備，須確認故障/排修時之備援製程","無異常"))))) -> 免調理半成品（外購/僅切配等），不列入設備風險評估 | Z55: =IF($D55="",0,IF(COUNTIF($D$5:$D55,$D55)=1,1,0)) -> 0 | AA55: =IF(Z55=1,SUM($Z$5:$Z55),"")
A56: 架上 | B56: 長家 | C56: 熱食義麵 | D56: 焗烤起司雙饗筆尖麵 | E56: 煮土耳其筆尖麵(113年) | F56: 200 | G56: 公克 | H56: 170 | J56: V | U56: =IF($E56="","",COUNTIF($I56:$S56,"V")) -> 1 | V56: =IF($E56="","",IF(AND($T56="V",$U56>0),"⚠ 勾選矛盾",IF($T56="V","○ 免調理",IF($U56=0,"⚠ 資料缺漏",IF($U56=1,"▲ 單一設備依賴","OK"))))) -> ▲ 單一設備依賴 | W56: =IF($E56="","",IF(AND($T56="V",$U56>0),"「無使用調理設備」不可與設備欄同時勾選，請擇一修正",IF($T56="V","免調理半成品（外購/僅切配等），不列入設備風險評估",IF($U56=0,"未勾選任何設備，請補填或勾選「無使用調理設備」",IF($U56=1,"僅依賴1台設備，須確認故障/排修時之備援製程","無異常"))))) -> 僅依賴1台設備，須確認故障/排修時之備援製程 | Z56: =IF($D56="",0,IF(COUNTIF($D$5:$D56,$D56)=1,1,0)) -> 1 | AA56: =IF(Z56=1,SUM($Z$5:$Z56),"") -> 10
A57: 架上 | B57: 長家 | C57: 熱食義麵 | D57: 焗烤起司雙饗筆尖麵 | E57: 義麵-蛋黃白醬(113年) | F57: 120 | G57: 公克 | H57: 50 | O57: V | U57: =IF($E57="","",COUNTIF($I57:$S57,"V")) -> 1 | V57: =IF($E57="","",IF(AND($T57="V",$U57>0),"⚠ 勾選矛盾",IF($T57="V","○ 免調理",IF($U57=0,"⚠ 資料缺漏",IF($U57=1,"▲ 單一設備依賴","OK"))))) -> ▲ 單一設備依賴 | W57: =IF($E57="","",IF(AND($T57="V",$U57>0),"「無使用調理設備」不可與設備欄同時勾選，請擇一修正",IF($T57="V","免調理半成品（外購/僅切配等），不列入設備風險評估",IF($U57=0,"未勾選任何設備，請補填或勾選「無使用調理設備」",IF($U57=1,"僅依賴1台設備，須確認故障/排修時之備援製程","無異常"))))) -> 僅依賴1台設備，須確認故障/排修時之備援製程 | Z57: =IF($D57="",0,IF(COUNTIF($D$5:$D57,$D57)=1,1,0)) -> 0 | AA57: =IF(Z57=1,SUM($Z$5:$Z57),"")
A58: 架上 | B58: 長家 | C58: 熱食義麵 | D58: 焗烤起司雙饗筆尖麵 | E58: 鮮食雙色起司絲 | F58: 28 | G58: 公克 | H58: 100 | T58: V | U58: =IF($E58="","",COUNTIF($I58:$S58,"V")) -> 0 | V58: =IF($E58="","",IF(AND($T58="V",$U58>0),"⚠ 勾選矛盾",IF($T58="V","○ 免調理",IF($U58=0,"⚠ 資料缺漏",IF($U58=1,"▲ 單一設備依賴","OK"))))) -> ○ 免調理 | W58: =IF($E58="","",IF(AND($T58="V",$U58>0),"「無使用調理設備」不可與設備欄同時勾選，請擇一修正",IF($T58="V","免調理半成品（外購/僅切配等），不列入設備風險評估",IF($U58=0,"未勾選任何設備，請補填或勾選「無使用調理設備」",IF($U58=1,"僅依賴1台設備，須確認故障/排修時之備援製程","無異常"))))) -> 免調理半成品（外購/僅切配等），不列入設備風險評估 | Z58: =IF($D58="",0,IF(COUNTIF($D$5:$D58,$D58)=1,1,0)) -> 0 | AA58: =IF(Z58=1,SUM($Z$5:$Z58),"")
A59: 架上 | B59: 長家 | C59: 熱食義麵 | D59: 焗烤起司雙饗筆尖麵 | E59: 解凍黑胡椒燻豬腿肉 | F59: 12 | G59: 公克 | H59: 93 | T59: V | U59: =IF($E59="","",COUNTIF($I59:$S59,"V")) -> 0 | V59: =IF($E59="","",IF(AND($T59="V",$U59>0),"⚠ 勾選矛盾",IF($T59="V","○ 免調理",IF($U59=0,"⚠ 資料缺漏",IF($U59=1,"▲ 單一設備依賴","OK"))))) -> ○ 免調理 | W59: =IF($E59="","",IF(AND($T59="V",$U59>0),"「無使用調理設備」不可與設備欄同時勾選，請擇一修正",IF($T59="V","免調理半成品（外購/僅切配等），不列入設備風險評估",IF($U59=0,"未勾選任何設備，請補填或勾選「無使用調理設備」",IF($U59=1,"僅依賴1台設備，須確認故障/排修時之備援製程","無異常"))))) -> 免調理半成品（外購/僅切配等），不列入設備風險評估 | Z59: =IF($D59="",0,IF(COUNTIF($D$5:$D59,$D59)=1,1,0)) -> 0 | AA59: =IF(Z59=1,SUM($Z$5:$Z59),"")
A60: 架上 | B60: 長家 | C60: 熱食義麵 | D60: 焗烤起司雙饗筆尖麵 | E60: 烤重煙燻培根絲 | F60: 10 | G60: 公克 | H60: 58 | K60: V | U60: =IF($E60="","",COUNTIF($I60:$S60,"V")) -> 1 | V60: =IF($E60="","",IF(AND($T60="V",$U60>0),"⚠ 勾選矛盾",IF($T60="V","○ 免調理",IF($U60=0,"⚠ 資料缺漏",IF($U60=1,"▲ 單一設備依賴","OK"))))) -> ▲ 單一設備依賴 | W60: =IF($E60="","",IF(AND($T60="V",$U60>0),"「無使用調理設備」不可與設備欄同時勾選，請擇一修正",IF($T60="V","免調理半成品（外購/僅切配等），不列入設備風險評估",IF($U60=0,"未勾選任何設備，請補填或勾選「無使用調理設備」",IF($U60=1,"僅依賴1台設備，須確認故障/排修時之備援製程","無異常"))))) -> 僅依賴1台設備，須確認故障/排修時之備援製程 | Z60: =IF($D60="",0,IF(COUNTIF($D$5:$D60,$D60)=1,1,0)) -> 0 | AA60: =IF(Z60=1,SUM($Z$5:$Z60),"")
A61: 架上 | B61: 長家 | C61: 熱食義麵 | D61: 焗烤起司雙饗筆尖麵 | E61: 混-黑胡椒洋香菜葉 | F61: 0.2 | G61: 公克 | H61: 99 | T61: V | U61: =IF($E61="","",COUNTIF($I61:$S61,"V")) -> 0 | V61: =IF($E61="","",IF(AND($T61="V",$U61>0),"⚠ 勾選矛盾",IF($T61="V","○ 免調理",IF($U61=0,"⚠ 資料缺漏",IF($U61=1,"▲ 單一設備依賴","OK"))))) -> ○ 免調理 | W61: =IF($E61="","",IF(AND($T61="V",$U61>0),"「無使用調理設備」不可與設備欄同時勾選，請擇一修正",IF($T61="V","免調理半成品（外購/僅切配等），不列入設備風險評估",IF($U61=0,"未勾選任何設備，請補填或勾選「無使用調理設備」",IF($U61=1,"僅依賴1台設備，須確認故障/排修時之備援製程","無異常"))))) -> 免調理半成品（外購/僅切配等），不列入設備風險評估 | Z61: =IF($D61="",0,IF(COUNTIF($D$5:$D61,$D61)=1,1,0)) -> 0 | AA61: =IF(Z61=1,SUM($Z$5:$Z61),"")
A62: 架上 | B62: 長家 | C62: 熱食義麵 | D62: 焗烤起司雙饗筆尖麵 | E62: 切焗烤起司 | F62: 12 | G62: 公克 | H62: 65 | K62: V | U62: =IF($E62="","",COUNTIF($I62:$S62,"V")) -> 1 | V62: =IF($E62="","",IF(AND($T62="V",$U62>0),"⚠ 勾選矛盾",IF($T62="V","○ 免調理",IF($U62=0,"⚠ 資料缺漏",IF($U62=1,"▲ 單一設備依賴","OK"))))) -> ▲ 單一設備依賴 | W62: =IF($E62="","",IF(AND($T62="V",$U62>0),"「無使用調理設備」不可與設備欄同時勾選，請擇一修正",IF($T62="V","免調理半成品（外購/僅切配等），不列入設備風險評估",IF($U62=0,"未勾選任何設備，請補填或勾選「無使用調理設備」",IF($U62=1,"僅依賴1台設備，須確認故障/排修時之備援製程","無異常"))))) -> 僅依賴1台設備，須確認故障/排修時之備援製程 | Z62: =IF($D62="",0,IF(COUNTIF($D$5:$D62,$D62)=1,1,0)) -> 0 | AA62: =IF(Z62=1,SUM($Z$5:$Z62),"")
A63: 下架 | B63: 長家 | C63: 熱食義麵 | D63: 黑松露野菇義大利麵 | E63: 煮日製義大利麵(115) | F63: 180 | G63: 公克 | H63: 229 | J63: V | U63: =IF($E63="","",COUNTIF($I63:$S63,"V")) -> 1 | V63: =IF($E63="","",IF(AND($T63="V",$U63>0),"⚠ 勾選矛盾",IF($T63="V","○ 免調理",IF($U63=0,"⚠ 資料缺漏",IF($U63=1,"▲ 單一設備依賴","OK"))))) -> ▲ 單一設備依賴 | W63: =IF($E63="","",IF(AND($T63="V",$U63>0),"「無使用調理設備」不可與設備欄同時勾選，請擇一修正",IF($T63="V","免調理半成品（外購/僅切配等），不列入設備風險評估",IF($U63=0,"未勾選任何設備，請補填或勾選「無使用調理設備」",IF($U63=1,"僅依賴1台設備，須確認故障/排修時之備援製程","無異常"))))) -> 僅依賴1台設備，須確認故障/排修時之備援製程 | Z63: =IF($D63="",0,IF(COUNTIF($D$5:$D63,$D63)=1,1,0)) -> 1 | AA63: =IF(Z63=1,SUM($Z$5:$Z63),"") -> 11
A64: 下架 | B64: 長家 | C64: 熱食義麵 | D64: 黑松露野菇義大利麵 | E64: (V)義麵-松露野菇白醬 | F64: 110 | G64: 公克 | H64: 84 | O64: V | U64: =IF($E64="","",COUNTIF($I64:$S64,"V")) -> 1 | V64: =IF($E64="","",IF(AND($T64="V",$U64>0),"⚠ 勾選矛盾",IF($T64="V","○ 免調理",IF($U64=0,"⚠ 資料缺漏",IF($U64=1,"▲ 單一設備依賴","OK"))))) -> ▲ 單一設備依賴 | W64: =IF($E64="","",IF(AND($T64="V",$U64>0),"「無使用調理設備」不可與設備欄同時勾選，請擇一修正",IF($T64="V","免調理半成品（外購/僅切配等），不列入設備風險評估",IF($U64=0,"未勾選任何設備，請補填或勾選「無使用調理設備」",IF($U64=1,"僅依賴1台設備，須確認故障/排修時之備援製程","無異常"))))) -> 僅依賴1台設備，須確認故障/排修時之備援製程 | Z64: =IF($D64="",0,IF(COUNTIF($D$5:$D64,$D64)=1,1,0)) -> 0 | AA64: =IF(Z64=1,SUM($Z$5:$Z64),"")
A65: 下架 | B65: 長家 | C65: 熱食義麵 | D65: 黑松露野菇義大利麵 | E65: (V)炒切片杏鮑菇(115年) | F65: 20 | G65: 公克 | H65: 68 | O65: V | U65: =IF($E65="","",COUNTIF($I65:$S65,"V")) -> 1 | V65: =IF($E65="","",IF(AND($T65="V",$U65>0),"⚠ 勾選矛盾",IF($T65="V","○ 免調理",IF($U65=0,"⚠ 資料缺漏",IF($U65=1,"▲ 單一設備依賴","OK"))))) -> ▲ 單一設備依賴 | W65: =IF($E65="","",IF(AND($T65="V",$U65>0),"「無使用調理設備」不可與設備欄同時勾選，請擇一修正",IF($T65="V","免調理半成品（外購/僅切配等），不列入設備風險評估",IF($U65=0,"未勾選任何設備，請補填或勾選「無使用調理設備」",IF($U65=1,"僅依賴1台設備，須確認故障/排修時之備援製程","無異常"))))) -> 僅依賴1台設備，須確認故障/排修時之備援製程 | Z65: =IF($D65="",0,IF(COUNTIF($D$5:$D65,$D65)=1,1,0)) -> 0 | AA65: =IF(Z65=1,SUM($Z$5:$Z65),"")
A66: 下架 | B66: 長家 | C66: 熱食義麵 | D66: 黑松露野菇義大利麵 | E66: (V)炒洋菇片 | F66: 20 | G66: 公克 | H66: 74 | O66: V | U66: =IF($E66="","",COUNTIF($I66:$S66,"V")) -> 1 | V66: =IF($E66="","",IF(AND($T66="V",$U66>0),"⚠ 勾選矛盾",IF($T66="V","○ 免調理",IF($U66=0,"⚠ 資料缺漏",IF($U66=1,"▲ 單一設備依賴","OK"))))) -> ▲ 單一設備依賴 | W66: =IF($E66="","",IF(AND($T66="V",$U66>0),"「無使用調理設備」不可與設備欄同時勾選，請擇一修正",IF($T66="V","免調理半成品（外購/僅切配等），不列入設備風險評估",IF($U66=0,"未勾選任何設備，請補填或勾選「無使用調理設備」",IF($U66=1,"僅依賴1台設備，須確認故障/排修時之備援製程","無異常"))))) -> 僅依賴1台設備，須確認故障/排修時之備援製程 | Z66: =IF($D66="",0,IF(COUNTIF($D$5:$D66,$D66)=1,1,0)) -> 0 | AA66: =IF(Z66=1,SUM($Z$5:$Z66),"")
A67: 下架 | B67: 長家 | C67: 熱食義麵 | D67: 黑松露野菇義大利麵 | E67: (V)炒-切香菇片 | F67: 7 | G67: 公克 | H67: 79 | O67: V | U67: =IF($E67="","",COUNTIF($I67:$S67,"V")) -> 1 | V67: =IF($E67="","",IF(AND($T67="V",$U67>0),"⚠ 勾選矛盾",IF($T67="V","○ 免調理",IF($U67=0,"⚠ 資料缺漏",IF($U67=1,"▲ 單一設備依賴","OK"))))) -> ▲ 單一設備依賴 | W67: =IF($E67="","",IF(AND($T67="V",$U67>0),"「無使用調理設備」不可與設備欄同時勾選，請擇一修正",IF($T67="V","免調理半成品（外購/僅切配等），不列入設備風險評估",IF($U67=0,"未勾選任何設備，請補填或勾選「無使用調理設備」",IF($U67=1,"僅依賴1台設備，須確認故障/排修時之備援製程","無異常"))))) -> 僅依賴1台設備，須確認故障/排修時之備援製程 | Z67: =IF($D67="",0,IF(COUNTIF($D$5:$D67,$D67)=1,1,0)) -> 0 | AA67: =IF(Z67=1,SUM($Z$5:$Z67),"")
A68: 下架 | B68: 長家 | C68: 熱食義麵 | D68: 黑松露野菇義大利麵 | E68: 川燙紅甜椒丁 | F68: 3 | G68: 公克 | H68: 73 | O68: V | U68: =IF($E68="","",COUNTIF($I68:$S68,"V")) -> 1 | V68: =IF($E68="","",IF(AND($T68="V",$U68>0),"⚠ 勾選矛盾",IF($T68="V","○ 免調理",IF($U68=0,"⚠ 資料缺漏",IF($U68=1,"▲ 單一設備依賴","OK"))))) -> ▲ 單一設備依賴 | W68: =IF($E68="","",IF(AND($T68="V",$U68>0),"「無使用調理設備」不可與設備欄同時勾選，請擇一修正",IF($T68="V","免調理半成品（外購/僅切配等），不列入設備風險評估",IF($U68=0,"未勾選任何設備，請補填或勾選「無使用調理設備」",IF($U68=1,"僅依賴1台設備，須確認故障/排修時之備援製程","無異常"))))) -> 僅依賴1台設備，須確認故障/排修時之備援製程 | Z68: =IF($D68="",0,IF(COUNTIF($D$5:$D68,$D68)=1,1,0)) -> 0 | AA68: =IF(Z68=1,SUM($Z$5:$Z68),"")
A69: 下架 | B69: 長家 | C69: 熱食義麵 | D69: 黑松露野菇義大利麵 | E69: 拆罐-Coccia素松露醬 | F69: 5 | G69: 公克 | H69: 90 | T69: V | U69: =IF($E69="","",COUNTIF($I69:$S69,"V")) -> 0 | V69: =IF($E69="","",IF(AND($T69="V",$U69>0),"⚠ 勾選矛盾",IF($T69="V","○ 免調理",IF($U69=0,"⚠ 資料缺漏",IF($U69=1,"▲ 單一設備依賴","OK"))))) -> ○ 免調理 | W69: =IF($E69="","",IF(AND($T69="V",$U69>0),"「無使用調理設備」不可與設備欄同時勾選，請擇一修正",IF($T69="V","免調理半成品（外購/僅切配等），不列入設備風險評估",IF($U69=0,"未勾選任何設備，請補填或勾選「無使用調理設備」",IF($U69=1,"僅依賴1台設備，須確認故障/排修時之備援製程","無異常"))))) -> 免調理半成品（外購/僅切配等），不列入設備風險評估 | Z69: =IF($D69="",0,IF(COUNTIF($D$5:$D69,$D69)=1,1,0)) -> 0 | AA69: =IF(Z69=1,SUM($Z$5:$Z69),"")
A70: 下架 | B70: 長家 | C70: 熱食義麵 | D70: 黑松露野菇義大利麵 | E70: 洋香菜葉KU | F70: 0.2 | G70: 公克 | H70: 100 | T70: V | U70: =IF($E70="","",COUNTIF($I70:$S70,"V")) -> 0 | V70: =IF($E70="","",IF(AND($T70="V",$U70>0),"⚠ 勾選矛盾",IF($T70="V","○ 免調理",IF($U70=0,"⚠ 資料缺漏",IF($U70=1,"▲ 單一設備依賴","OK"))))) -> ○ 免調理 | W70: =IF($E70="","",IF(AND($T70="V",$U70>0),"「無使用調理設備」不可與設備欄同時勾選，請擇一修正",IF($T70="V","免調理半成品（外購/僅切配等），不列入設備風險評估",IF($U70=0,"未勾選任何設備，請補填或勾選「無使用調理設備」",IF($U70=1,"僅依賴1台設備，須確認故障/排修時之備援製程","無異常"))))) -> 免調理半成品（外購/僅切配等），不列入設備風險評估 | Z70: =IF($D70="",0,IF(COUNTIF($D$5:$D70,$D70)=1,1,0)) -> 0 | AA70: =IF(Z70=1,SUM($Z$5:$Z70),"")
A71: 下架 | B71: 長家 | C71: 熱食義麵 | D71: 義式蛋蛋青醬鮪魚冷義大利麵 | E71: 冷麵-鮮奶油白醬醬杯 | F71: 60 | G71: 公克 | H71: 72 | O71: V | U71: =IF($E71="","",COUNTIF($I71:$S71,"V")) -> 1 | V71: =IF($E71="","",IF(AND($T71="V",$U71>0),"⚠ 勾選矛盾",IF($T71="V","○ 免調理",IF($U71=0,"⚠ 資料缺漏",IF($U71=1,"▲ 單一設備依賴","OK"))))) -> ▲ 單一設備依賴 | W71: =IF($E71="","",IF(AND($T71="V",$U71>0),"「無使用調理設備」不可與設備欄同時勾選，請擇一修正",IF($T71="V","免調理半成品（外購/僅切配等），不列入設備風險評估",IF($U71=0,"未勾選任何設備，請補填或勾選「無使用調理設備」",IF($U71=1,"僅依賴1台設備，須確認故障/排修時之備援製程","無異常"))))) -> 僅依賴1台設備，須確認故障/排修時之備援製程 | Z71: =IF($D71="",0,IF(COUNTIF($D$5:$D71,$D71)=1,1,0)) -> 1 | AA71: =IF(Z71=1,SUM($Z$5:$Z71),"") -> 12
A72: 下架 | B72: 長家 | C72: 熱食義麵 | D72: 義式蛋蛋青醬鮪魚冷義大利麵 | E72: 混拌-青醬1.2mm義大利麵 | F72: 160 | G72: 公克 | H72: 90 | J72: V | U72: =IF($E72="","",COUNTIF($I72:$S72,"V")) -> 1 | V72: =IF($E72="","",IF(AND($T72="V",$U72>0),"⚠ 勾選矛盾",IF($T72="V","○ 免調理",IF($U72=0,"⚠ 資料缺漏",IF($U72=1,"▲ 單一設備依賴","OK"))))) -> ▲ 單一設備依賴 | W72: =IF($E72="","",IF(AND($T72="V",$U72>0),"「無使用調理設備」不可與設備欄同時勾選，請擇一修正",IF($T72="V","免調理半成品（外購/僅切配等），不列入設備風險評估",IF($U72=0,"未勾選任何設備，請補填或勾選「無使用調理設備」",IF($U72=1,"僅依賴1台設備，須確認故障/排修時之備援製程","無異常"))))) -> 僅依賴1台設備，須確認故障/排修時之備援製程 | Z72: =IF($D72="",0,IF(COUNTIF($D$5:$D72,$D72)=1,1,0)) -> 0 | AA72: =IF(Z72=1,SUM($Z$5:$Z72),"")
A73: 下架 | B73: 長家 | C73: 熱食義麵 | D73: 義式蛋蛋青醬鮪魚冷義大利麵 | E73: 清洗紅蘿蔔絲 | F73: 8 | G73: 公克 | H73: 90 | T73: V | U73: =IF($E73="","",COUNTIF($I73:$S73,"V")) -> 0 | V73: =IF($E73="","",IF(AND($T73="V",$U73>0),"⚠ 勾選矛盾",IF($T73="V","○ 免調理",IF($U73=0,"⚠ 資料缺漏",IF($U73=1,"▲ 單一設備依賴","OK"))))) -> ○ 免調理 | W73: =IF($E73="","",IF(AND($T73="V",$U73>0),"「無使用調理設備」不可與設備欄同時勾選，請擇一修正",IF($T73="V","免調理半成品（外購/僅切配等），不列入設備風險評估",IF($U73=0,"未勾選任何設備，請補填或勾選「無使用調理設備」",IF($U73=1,"僅依賴1台設備，須確認故障/排修時之備援製程","無異常"))))) -> 免調理半成品（外購/僅切配等），不列入設備風險評估 | Z73: =IF($D73="",0,IF(COUNTIF($D$5:$D73,$D73)=1,1,0)) -> 0 | AA73: =IF(Z73=1,SUM($Z$5:$Z73),"")
A74: 下架 | B74: 長家 | C74: 熱食義麵 | D74: 義式蛋蛋青醬鮪魚冷義大利麵 | E74: 清洗紫高麗菜絲 | F74: 8 | G74: 公克 | H74: 90 | T74: V | U74: =IF($E74="","",COUNTIF($I74:$S74,"V")) -> 0 | V74: =IF($E74="","",IF(AND($T74="V",$U74>0),"⚠ 勾選矛盾",IF($T74="V","○ 免調理",IF($U74=0,"⚠ 資料缺漏",IF($U74=1,"▲ 單一設備依賴","OK"))))) -> ○ 免調理 | W74: =IF($E74="","",IF(AND($T74="V",$U74>0),"「無使用調理設備」不可與設備欄同時勾選，請擇一修正",IF($T74="V","免調理半成品（外購/僅切配等），不列入設備風險評估",IF($U74=0,"未勾選任何設備，請補填或勾選「無使用調理設備」",IF($U74=1,"僅依賴1台設備，須確認故障/排修時之備援製程","無異常"))))) -> 免調理半成品（外購/僅切配等），不列入設備風險評估 | Z74: =IF($D74="",0,IF(COUNTIF($D$5:$D74,$D74)=1,1,0)) -> 0 | AA74: =IF(Z74=1,SUM($Z$5:$Z74),"")
A75: 下架 | B75: 長家 | C75: 熱食義麵 | D75: 義式蛋蛋青醬鮪魚冷義大利麵 | E75: 混拌玉米美乃滋鮪魚 | F75: 35 | G75: 公克 | H75: 92 | T75: V | U75: =IF($E75="","",COUNTIF($I75:$S75,"V")) -> 0 | V75: =IF($E75="","",IF(AND($T75="V",$U75>0),"⚠ 勾選矛盾",IF($T75="V","○ 免調理",IF($U75=0,"⚠ 資料缺漏",IF($U75=1,"▲ 單一設備依賴","OK"))))) -> ○ 免調理 | W75: =IF($E75="","",IF(AND($T75="V",$U75>0),"「無使用調理設備」不可與設備欄同時勾選，請擇一修正",IF($T75="V","免調理半成品（外購/僅切配等），不列入設備風險評估",IF($U75=0,"未勾選任何設備，請補填或勾選「無使用調理設備」",IF($U75=1,"僅依賴1台設備，須確認故障/排修時之備援製程","無異常"))))) -> 免調理半成品（外購/僅切配等），不列入設備風險評估 | Z75: =IF($D75="",0,IF(COUNTIF($D$5:$D75,$D75)=1,1,0)) -> 0 | AA75: =IF(Z75=1,SUM($Z$5:$Z75),"")
A76: 下架 | B76: 長家 | C76: 熱食義麵 | D76: 義式蛋蛋青醬鮪魚冷義大利麵 | E76: 川燙青花菜 | F76: 10 | G76: 公克 | H76: 68 | O76: V | U76: =IF($E76="","",COUNTIF($I76:$S76,"V")) -> 1 | V76: =IF($E76="","",IF(AND($T76="V",$U76>0),"⚠ 勾選矛盾",IF($T76="V","○ 免調理",IF($U76=0,"⚠ 資料缺漏",IF($U76=1,"▲ 單一設備依賴","OK"))))) -> ▲ 單一設備依賴 | W76: =IF($E76="","",IF(AND($T76="V",$U76>0),"「無使用調理設備」不可與設備欄同時勾選，請擇一修正",IF($T76="V","免調理半成品（外購/僅切配等），不列入設備風險評估",IF($U76=0,"未勾選任何設備，請補填或勾選「無使用調理設備」",IF($U76=1,"僅依賴1台設備，須確認故障/排修時之備援製程","無異常"))))) -> 僅依賴1台設備，須確認故障/排修時之備援製程 | Z76: =IF($D76="",0,IF(COUNTIF($D$5:$D76,$D76)=1,1,0)) -> 0 | AA76: =IF(Z76=1,SUM($Z$5:$Z76),"")
A77: 下架 | B77: 長家 | C77: 熱食義麵 | D77: 義式蛋蛋青醬鮪魚冷義大利麵 | E77: 5切原味溏心蛋 | F77: 1 | G77: 個 | H77: 500 | T77: V | U77: =IF($E77="","",COUNTIF($I77:$S77,"V")) -> 0 | V77: =IF($E77="","",IF(AND($T77="V",$U77>0),"⚠ 勾選矛盾",IF($T77="V","○ 免調理",IF($U77=0,"⚠ 資料缺漏",IF($U77=1,"▲ 單一設備依賴","OK"))))) -> ○ 免調理 | W77: =IF($E77="","",IF(AND($T77="V",$U77>0),"「無使用調理設備」不可與設備欄同時勾選，請擇一修正",IF($T77="V","免調理半成品（外購/僅切配等），不列入設備風險評估",IF($U77=0,"未勾選任何設備，請補填或勾選「無使用調理設備」",IF($U77=1,"僅依賴1台設備，須確認故障/排修時之備援製程","無異常"))))) -> 免調理半成品（外購/僅切配等），不列入設備風險評估 | Z77: =IF($D77="",0,IF(COUNTIF($D$5:$D77,$D77)=1,1,0)) -> 0 | AA77: =IF(Z77=1,SUM($Z$5:$Z77),"")
A78: 架上 | B78: 長家 | C78: 熱食義麵 | D78: 義式蕃茄起司義大利麵 | E78: 煮日製義大利麵(108) | F78: 220 | G78: 公克 | H78: 235 | J78: V | U78: =IF($E78="","",COUNTIF($I78:$S78,"V")) -> 1 | V78: =IF($E78="","",IF(AND($T78="V",$U78>0),"⚠ 勾選矛盾",IF($T78="V","○ 免調理",IF($U78=0,"⚠ 資料缺漏",IF($U78=1,"▲ 單一設備依賴","OK"))))) -> ▲ 單一設備依賴 | W78: =IF($E78="","",IF(AND($T78="V",$U78>0),"「無使用調理設備」不可與設備欄同時勾選，請擇一修正",IF($T78="V","免調理半成品（外購/僅切配等），不列入設備風險評估",IF($U78=0,"未勾選任何設備，請補填或勾選「無使用調理設備」",IF($U78=1,"僅依賴1台設備，須確認故障/排修時之備援製程","無異常"))))) -> 僅依賴1台設備，須確認故障/排修時之備援製程 | Z78: =IF($D78="",0,IF(COUNTIF($D$5:$D78,$D78)=1,1,0)) -> 1 | AA78: =IF(Z78=1,SUM($Z$5:$Z78),"") -> 13
A79: 架上 | B79: 長家 | C79: 熱食義麵 | D79: 義式蕃茄起司義大利麵 | E79: 義麵-經典肉醬(114年) | F79: 135 | G79: 公克 | H79: 53 | O79: V | U79: =IF($E79="","",COUNTIF($I79:$S79,"V")) -> 1 | V79: =IF($E79="","",IF(AND($T79="V",$U79>0),"⚠ 勾選矛盾",IF($T79="V","○ 免調理",IF($U79=0,"⚠ 資料缺漏",IF($U79=1,"▲ 單一設備依賴","OK"))))) -> ▲ 單一設備依賴 | W79: =IF($E79="","",IF(AND($T79="V",$U79>0),"「無使用調理設備」不可與設備欄同時勾選，請擇一修正",IF($T79="V","免調理半成品（外購/僅切配等），不列入設備風險評估",IF($U79=0,"未勾選任何設備，請補填或勾選「無使用調理設備」",IF($U79=1,"僅依賴1台設備，須確認故障/排修時之備援製程","無異常"))))) -> 僅依賴1台設備，須確認故障/排修時之備援製程 | Z79: =IF($D79="",0,IF(COUNTIF($D$5:$D79,$D79)=1,1,0)) -> 0 | AA79: =IF(Z79=1,SUM($Z$5:$Z79),"")
A80: 架上 | B80: 長家 | C80: 熱食義麵 | D80: 義式蕃茄起司義大利麵 | E80: 鮮食雙色起司絲 | F80: 16 | G80: 公克 | H80: 100 | T80: V | U80: =IF($E80="","",COUNTIF($I80:$S80,"V")) -> 0 | V80: =IF($E80="","",IF(AND($T80="V",$U80>0),"⚠ 勾選矛盾",IF($T80="V","○ 免調理",IF($U80=0,"⚠ 資料缺漏",IF($U80=1,"▲ 單一設備依賴","OK"))))) -> ○ 免調理 | W80: =IF($E80="","",IF(AND($T80="V",$U80>0),"「無使用調理設備」不可與設備欄同時勾選，請擇一修正",IF($T80="V","免調理半成品（外購/僅切配等），不列入設備風險評估",IF($U80=0,"未勾選任何設備，請補填或勾選「無使用調理設備」",IF($U80=1,"僅依賴1台設備，須確認故障/排修時之備援製程","無異常"))))) -> 免調理半成品（外購/僅切配等），不列入設備風險評估 | Z80: =IF($D80="",0,IF(COUNTIF($D$5:$D80,$D80)=1,1,0)) -> 0 | AA80: =IF(Z80=1,SUM($Z$5:$Z80),"")
A81: 架上 | B81: 長家 | C81: 熱食義麵 | D81: 義式蕃茄起司義大利麵 | E81: 炒-煮蕃茄牛絞肉(114年) | F81: 10 | G81: 公克 | H81: 40 | O81: V | U81: =IF($E81="","",COUNTIF($I81:$S81,"V")) -> 1 | V81: =IF($E81="","",IF(AND($T81="V",$U81>0),"⚠ 勾選矛盾",IF($T81="V","○ 免調理",IF($U81=0,"⚠ 資料缺漏",IF($U81=1,"▲ 單一設備依賴","OK"))))) -> ▲ 單一設備依賴 | W81: =IF($E81="","",IF(AND($T81="V",$U81>0),"「無使用調理設備」不可與設備欄同時勾選，請擇一修正",IF($T81="V","免調理半成品（外購/僅切配等），不列入設備風險評估",IF($U81=0,"未勾選任何設備，請補填或勾選「無使用調理設備」",IF($U81=1,"僅依賴1台設備，須確認故障/排修時之備援製程","無異常"))))) -> 僅依賴1台設備，須確認故障/排修時之備援製程 | Z81: =IF($D81="",0,IF(COUNTIF($D$5:$D81,$D81)=1,1,0)) -> 0 | AA81: =IF(Z81=1,SUM($Z$5:$Z81),"")
A82: 架上 | B82: 長家 | C82: 熱食義麵 | D82: 義式蕃茄起司義大利麵 | E82: 洋香菜葉KU | F82: 0.2 | G82: 公克 | H82: 100 | T82: V | U82: =IF($E82="","",COUNTIF($I82:$S82,"V")) -> 0 | V82: =IF($E82="","",IF(AND($T82="V",$U82>0),"⚠ 勾選矛盾",IF($T82="V","○ 免調理",IF($U82=0,"⚠ 資料缺漏",IF($U82=1,"▲ 單一設備依賴","OK"))))) -> ○ 免調理 | W82: =IF($E82="","",IF(AND($T82="V",$U82>0),"「無使用調理設備」不可與設備欄同時勾選，請擇一修正",IF($T82="V","免調理半成品（外購/僅切配等），不列入設備風險評估",IF($U82=0,"未勾選任何設備，請補填或勾選「無使用調理設備」",IF($U82=1,"僅依賴1台設備，須確認故障/排修時之備援製程","無異常"))))) -> 免調理半成品（外購/僅切配等），不列入設備風險評估 | Z82: =IF($D82="",0,IF(COUNTIF($D$5:$D82,$D82)=1,1,0)) -> 0 | AA82: =IF(Z82=1,SUM($Z$5:$Z82),"")
A83: 下架 | B83: 長家 | C83: 熱食義麵 | D83: 蒜香奶油蝦蝦義大利麵 | E83: 煮日製義大利麵(108) | F83: 220 | G83: 公克 | H83: 238 | J83: V | U83: =IF($E83="","",COUNTIF($I83:$S83,"V")) -> 1 | V83: =IF($E83="","",IF(AND($T83="V",$U83>0),"⚠ 勾選矛盾",IF($T83="V","○ 免調理",IF($U83=0,"⚠ 資料缺漏",IF($U83=1,"▲ 單一設備依賴","OK"))))) -> ▲ 單一設備依賴 | W83: =IF($E83="","",IF(AND($T83="V",$U83>0),"「無使用調理設備」不可與設備欄同時勾選，請擇一修正",IF($T83="V","免調理半成品（外購/僅切配等），不列入設備風險評估",IF($U83=0,"未勾選任何設備，請補填或勾選「無使用調理設備」",IF($U83=1,"僅依賴1台設備，須確認故障/排修時之備援製程","無異常"))))) -> 僅依賴1台設備，須確認故障/排修時之備援製程 | Z83: =IF($D83="",0,IF(COUNTIF($D$5:$D83,$D83)=1,1,0)) -> 1 | AA83: =IF(Z83=1,SUM($Z$5:$Z83),"") -> 14
A84: 下架 | B84: 長家 | C84: 熱食義麵 | D84: 蒜香奶油蝦蝦義大利麵 | E84: 義麵-蒜味蝦醬(115年) | F84: 70 | G84: 公克 | H84: 58 | O84: V | U84: =IF($E84="","",COUNTIF($I84:$S84,"V")) -> 1 | V84: =IF($E84="","",IF(AND($T84="V",$U84>0),"⚠ 勾選矛盾",IF($T84="V","○ 免調理",IF($U84=0,"⚠ 資料缺漏",IF($U84=1,"▲ 單一設備依賴","OK"))))) -> ▲ 單一設備依賴 | W84: =IF($E84="","",IF(AND($T84="V",$U84>0),"「無使用調理設備」不可與設備欄同時勾選，請擇一修正",IF($T84="V","免調理半成品（外購/僅切配等），不列入設備風險評估",IF($U84=0,"未勾選任何設備，請補填或勾選「無使用調理設備」",IF($U84=1,"僅依賴1台設備，須確認故障/排修時之備援製程","無異常"))))) -> 僅依賴1台設備，須確認故障/排修時之備援製程 | Z84: =IF($D84="",0,IF(COUNTIF($D$5:$D84,$D84)=1,1,0)) -> 0 | AA84: =IF(Z84=1,SUM($Z$5:$Z84),"")
A85: 下架 | B85: 長家 | C85: 熱食義麵 | D85: 蒜香奶油蝦蝦義大利麵 | E85: 混蒜酥洋香菜(114年) | F85: 5 | G85: 公克 | H85: 98 | O85: V | U85: =IF($E85="","",COUNTIF($I85:$S85,"V")) -> 1 | V85: =IF($E85="","",IF(AND($T85="V",$U85>0),"⚠ 勾選矛盾",IF($T85="V","○ 免調理",IF($U85=0,"⚠ 資料缺漏",IF($U85=1,"▲ 單一設備依賴","OK"))))) -> ▲ 單一設備依賴 | W85: =IF($E85="","",IF(AND($T85="V",$U85>0),"「無使用調理設備」不可與設備欄同時勾選，請擇一修正",IF($T85="V","免調理半成品（外購/僅切配等），不列入設備風險評估",IF($U85=0,"未勾選任何設備，請補填或勾選「無使用調理設備」",IF($U85=1,"僅依賴1台設備，須確認故障/排修時之備援製程","無異常"))))) -> 僅依賴1台設備，須確認故障/排修時之備援製程 | Z85: =IF($D85="",0,IF(COUNTIF($D$5:$D85,$D85)=1,1,0)) -> 0 | AA85: =IF(Z85=1,SUM($Z$5:$Z85),"")
A86: 下架 | B86: 長家 | C86: 熱食義麵 | D86: 蒜香奶油蝦蝦義大利麵 | E86: 炒奶油蒜味蝦仁(9號) | F86: 28 | G86: 公克 | H86: 42 | O86: V | U86: =IF($E86="","",COUNTIF($I86:$S86,"V")) -> 1 | V86: =IF($E86="","",IF(AND($T86="V",$U86>0),"⚠ 勾選矛盾",IF($T86="V","○ 免調理",IF($U86=0,"⚠ 資料缺漏",IF($U86=1,"▲ 單一設備依賴","OK"))))) -> ▲ 單一設備依賴 | W86: =IF($E86="","",IF(AND($T86="V",$U86>0),"「無使用調理設備」不可與設備欄同時勾選，請擇一修正",IF($T86="V","免調理半成品（外購/僅切配等），不列入設備風險評估",IF($U86=0,"未勾選任何設備，請補填或勾選「無使用調理設備」",IF($U86=1,"僅依賴1台設備，須確認故障/排修時之備援製程","無異常"))))) -> 僅依賴1台設備，須確認故障/排修時之備援製程 | Z86: =IF($D86="",0,IF(COUNTIF($D$5:$D86,$D86)=1,1,0)) -> 0 | AA86: =IF(Z86=1,SUM($Z$5:$Z86),"")
A87: 下架 | B87: 長家 | C87: 熱食義麵 | D87: 蒜香奶油蝦蝦義大利麵 | E87: (殺菌)AD辣椒圈 | F87: 0.3 | G87: 公克 | H87: 100 | T87: V | U87: =IF($E87="","",COUNTIF($I87:$S87,"V")) -> 0 | V87: =IF($E87="","",IF(AND($T87="V",$U87>0),"⚠ 勾選矛盾",IF($T87="V","○ 免調理",IF($U87=0,"⚠ 資料缺漏",IF($U87=1,"▲ 單一設備依賴","OK"))))) -> ○ 免調理 | W87: =IF($E87="","",IF(AND($T87="V",$U87>0),"「無使用調理設備」不可與設備欄同時勾選，請擇一修正",IF($T87="V","免調理半成品（外購/僅切配等），不列入設備風險評估",IF($U87=0,"未勾選任何設備，請補填或勾選「無使用調理設備」",IF($U87=1,"僅依賴1台設備，須確認故障/排修時之備援製程","無異常"))))) -> 免調理半成品（外購/僅切配等），不列入設備風險評估 | Z87: =IF($D87="",0,IF(COUNTIF($D$5:$D87,$D87)=1,1,0)) -> 0 | AA87: =IF(Z87=1,SUM($Z$5:$Z87),"")
A88: 下架 | B88: 長家 | C88: 季節調理麵 | D88: 蕃茄莎莎海鮮冷義大利麵 | E88: 蕃茄莎莎醬杯(115) | F88: 60 | G88: 公克 | H88: 78 | O88: V | U88: =IF($E88="","",COUNTIF($I88:$S88,"V")) -> 1 | V88: =IF($E88="","",IF(AND($T88="V",$U88>0),"⚠ 勾選矛盾",IF($T88="V","○ 免調理",IF($U88=0,"⚠ 資料缺漏",IF($U88=1,"▲ 單一設備依賴","OK"))))) -> ▲ 單一設備依賴 | W88: =IF($E88="","",IF(AND($T88="V",$U88>0),"「無使用調理設備」不可與設備欄同時勾選，請擇一修正",IF($T88="V","免調理半成品（外購/僅切配等），不列入設備風險評估",IF($U88=0,"未勾選任何設備，請補填或勾選「無使用調理設備」",IF($U88=1,"僅依賴1台設備，須確認故障/排修時之備援製程","無異常"))))) -> 僅依賴1台設備，須確認故障/排修時之備援製程 | Z88: =IF($D88="",0,IF(COUNTIF($D$5:$D88,$D88)=1,1,0)) -> 1 | AA88: =IF(Z88=1,SUM($Z$5:$Z88),"") -> 15
A89: 下架 | B89: 長家 | C89: 季節調理麵 | D89: 蕃茄莎莎海鮮冷義大利麵 | E89: 煮1.2mm義大利麵(115) | F89: 160 | G89: 公克 | H89: 200 | J89: V | U89: =IF($E89="","",COUNTIF($I89:$S89,"V")) -> 1 | V89: =IF($E89="","",IF(AND($T89="V",$U89>0),"⚠ 勾選矛盾",IF($T89="V","○ 免調理",IF($U89=0,"⚠ 資料缺漏",IF($U89=1,"▲ 單一設備依賴","OK"))))) -> ▲ 單一設備依賴 | W89: =IF($E89="","",IF(AND($T89="V",$U89>0),"「無使用調理設備」不可與設備欄同時勾選，請擇一修正",IF($T89="V","免調理半成品（外購/僅切配等），不列入設備風險評估",IF($U89=0,"未勾選任何設備，請補填或勾選「無使用調理設備」",IF($U89=1,"僅依賴1台設備，須確認故障/排修時之備援製程","無異常"))))) -> 僅依賴1台設備，須確認故障/排修時之備援製程 | Z89: =IF($D89="",0,IF(COUNTIF($D$5:$D89,$D89)=1,1,0)) -> 0 | AA89: =IF(Z89=1,SUM($Z$5:$Z89),"")
A90: 下架 | B90: 長家 | C90: 季節調理麵 | D90: 蕃茄莎莎海鮮冷義大利麵 | E90: 拌青醬起司球 | F90: 6 | G90: 公克 | H90: 90 | T90: V | U90: =IF($E90="","",COUNTIF($I90:$S90,"V")) -> 0 | V90: =IF($E90="","",IF(AND($T90="V",$U90>0),"⚠ 勾選矛盾",IF($T90="V","○ 免調理",IF($U90=0,"⚠ 資料缺漏",IF($U90=1,"▲ 單一設備依賴","OK"))))) -> ○ 免調理 | W90: =IF($E90="","",IF(AND($T90="V",$U90>0),"「無使用調理設備」不可與設備欄同時勾選，請擇一修正",IF($T90="V","免調理半成品（外購/僅切配等），不列入設備風險評估",IF($U90=0,"未勾選任何設備，請補填或勾選「無使用調理設備」",IF($U90=1,"僅依賴1台設備，須確認故障/排修時之備援製程","無異常"))))) -> 免調理半成品（外購/僅切配等），不列入設備風險評估 | Z90: =IF($D90="",0,IF(COUNTIF($D$5:$D90,$D90)=1,1,0)) -> 0 | AA90: =IF(Z90=1,SUM($Z$5:$Z90),"")
A91: 下架 | B91: 長家 | C91: 季節調理麵 | D91: 蕃茄莎莎海鮮冷義大利麵 | E91: 透明湯凍 | F91: 8 | G91: 公克 | H91: 77 | O91: V | U91: =IF($E91="","",COUNTIF($I91:$S91,"V")) -> 1 | V91: =IF($E91="","",IF(AND($T91="V",$U91>0),"⚠ 勾選矛盾",IF($T91="V","○ 免調理",IF($U91=0,"⚠ 資料缺漏",IF($U91=1,"▲ 單一設備依賴","OK"))))) -> ▲ 單一設備依賴 | W91: =IF($E91="","",IF(AND($T91="V",$U91>0),"「無使用調理設備」不可與設備欄同時勾選，請擇一修正",IF($T91="V","免調理半成品（外購/僅切配等），不列入設備風險評估",IF($U91=0,"未勾選任何設備，請補填或勾選「無使用調理設備」",IF($U91=1,"僅依賴1台設備，須確認故障/排修時之備援製程","無異常"))))) -> 僅依賴1台設備，須確認故障/排修時之備援製程 | Z91: =IF($D91="",0,IF(COUNTIF($D$5:$D91,$D91)=1,1,0)) -> 0 | AA91: =IF(Z91=1,SUM($Z$5:$Z91),"")
A92: 下架 | B92: 長家 | C92: 季節調理麵 | D92: 蕃茄莎莎海鮮冷義大利麵 | E92: 川燙9號蝦仁 | F92: 12 | G92: 公克 | H92: 55 | O92: V | U92: =IF($E92="","",COUNTIF($I92:$S92,"V")) -> 1 | V92: =IF($E92="","",IF(AND($T92="V",$U92>0),"⚠ 勾選矛盾",IF($T92="V","○ 免調理",IF($U92=0,"⚠ 資料缺漏",IF($U92=1,"▲ 單一設備依賴","OK"))))) -> ▲ 單一設備依賴 | W92: =IF($E92="","",IF(AND($T92="V",$U92>0),"「無使用調理設備」不可與設備欄同時勾選，請擇一修正",IF($T92="V","免調理半成品（外購/僅切配等），不列入設備風險評估",IF($U92=0,"未勾選任何設備，請補填或勾選「無使用調理設備」",IF($U92=1,"僅依賴1台設備，須確認故障/排修時之備援製程","無異常"))))) -> 僅依賴1台設備，須確認故障/排修時之備援製程 | Z92: =IF($D92="",0,IF(COUNTIF($D$5:$D92,$D92)=1,1,0)) -> 0 | AA92: =IF(Z92=1,SUM($Z$5:$Z92),"")
A93: 下架 | B93: 長家 | C93: 季節調理麵 | D93: 蕃茄莎莎海鮮冷義大利麵 | E93: 煮香料蕃茄丁 | F93: 17 | G93: 公克 | H93: 78 | O93: V | U93: =IF($E93="","",COUNTIF($I93:$S93,"V")) -> 1 | V93: =IF($E93="","",IF(AND($T93="V",$U93>0),"⚠ 勾選矛盾",IF($T93="V","○ 免調理",IF($U93=0,"⚠ 資料缺漏",IF($U93=1,"▲ 單一設備依賴","OK"))))) -> ▲ 單一設備依賴 | W93: =IF($E93="","",IF(AND($T93="V",$U93>0),"「無使用調理設備」不可與設備欄同時勾選，請擇一修正",IF($T93="V","免調理半成品（外購/僅切配等），不列入設備風險評估",IF($U93=0,"未勾選任何設備，請補填或勾選「無使用調理設備」",IF($U93=1,"僅依賴1台設備，須確認故障/排修時之備援製程","無異常"))))) -> 僅依賴1台設備，須確認故障/排修時之備援製程 | Z93: =IF($D93="",0,IF(COUNTIF($D$5:$D93,$D93)=1,1,0)) -> 0 | AA93: =IF(Z93=1,SUM($Z$5:$Z93),"")
A94: 下架 | B94: 長家 | C94: 季節調理麵 | D94: 蕃茄莎莎海鮮冷義大利麵 | E94: 川燙青花菜 | F94: 11 | G94: 公克 | H94: 68 | O94: V | U94: =IF($E94="","",COUNTIF($I94:$S94,"V")) -> 1 | V94: =IF($E94="","",IF(AND($T94="V",$U94>0),"⚠ 勾選矛盾",IF($T94="V","○ 免調理",IF($U94=0,"⚠ 資料缺漏",IF($U94=1,"▲ 單一設備依賴","OK"))))) -> ▲ 單一設備依賴 | W94: =IF($E94="","",IF(AND($T94="V",$U94>0),"「無使用調理設備」不可與設備欄同時勾選，請擇一修正",IF($T94="V","免調理半成品（外購/僅切配等），不列入設備風險評估",IF($U94=0,"未勾選任何設備，請補填或勾選「無使用調理設備」",IF($U94=1,"僅依賴1台設備，須確認故障/排修時之備援製程","無異常"))))) -> 僅依賴1台設備，須確認故障/排修時之備援製程 | Z94: =IF($D94="",0,IF(COUNTIF($D$5:$D94,$D94)=1,1,0)) -> 0 | AA94: =IF(Z94=1,SUM($Z$5:$Z94),"")
A95: 下架 | B95: 長家 | C95: 季節調理麵 | D95: 蕃茄莎莎海鮮冷義大利麵 | E95: 川燙-切紅黃甜椒絲 | F95: 8 | G95: 公克 | H95: 80 | O95: V | U95: =IF($E95="","",COUNTIF($I95:$S95,"V")) -> 1 | V95: =IF($E95="","",IF(AND($T95="V",$U95>0),"⚠ 勾選矛盾",IF($T95="V","○ 免調理",IF($U95=0,"⚠ 資料缺漏",IF($U95=1,"▲ 單一設備依賴","OK"))))) -> ▲ 單一設備依賴 | W95: =IF($E95="","",IF(AND($T95="V",$U95>0),"「無使用調理設備」不可與設備欄同時勾選，請擇一修正",IF($T95="V","免調理半成品（外購/僅切配等），不列入設備風險評估",IF($U95=0,"未勾選任何設備，請補填或勾選「無使用調理設備」",IF($U95=1,"僅依賴1台設備，須確認故障/排修時之備援製程","無異常"))))) -> 僅依賴1台設備，須確認故障/排修時之備援製程 | Z95: =IF($D95="",0,IF(COUNTIF($D$5:$D95,$D95)=1,1,0)) -> 0 | AA95: =IF(Z95=1,SUM($Z$5:$Z95),"")
A96: 下架 | B96: 長家 | C96: 熱食義麵 | D96: 羅馬黑胡椒起司義大利麵 | E96: 煮日製義大利麵(115) | F96: 220 | G96: 公克 | H96: 240 | J96: V | U96: =IF($E96="","",COUNTIF($I96:$S96,"V")) -> 1 | V96: =IF($E96="","",IF(AND($T96="V",$U96>0),"⚠ 勾選矛盾",IF($T96="V","○ 免調理",IF($U96=0,"⚠ 資料缺漏",IF($U96=1,"▲ 單一設備依賴","OK"))))) -> ▲ 單一設備依賴 | W96: =IF($E96="","",IF(AND($T96="V",$U96>0),"「無使用調理設備」不可與設備欄同時勾選，請擇一修正",IF($T96="V","免調理半成品（外購/僅切配等），不列入設備風險評估",IF($U96=0,"未勾選任何設備，請補填或勾選「無使用調理設備」",IF($U96=1,"僅依賴1台設備，須確認故障/排修時之備援製程","無異常"))))) -> 僅依賴1台設備，須確認故障/排修時之備援製程 | Z96: =IF($D96="",0,IF(COUNTIF($D$5:$D96,$D96)=1,1,0)) -> 1 | AA96: =IF(Z96=1,SUM($Z$5:$Z96),"") -> 16
A97: 下架 | B97: 長家 | C97: 熱食義麵 | D97: 羅馬黑胡椒起司義大利麵 | E97: 義麵-培根起司奶醬 | F97: 100 | G97: 公克 | H97: 75 | O97: V | U97: =IF($E97="","",COUNTIF($I97:$S97,"V")) -> 1 | V97: =IF($E97="","",IF(AND($T97="V",$U97>0),"⚠ 勾選矛盾",IF($T97="V","○ 免調理",IF($U97=0,"⚠ 資料缺漏",IF($U97=1,"▲ 單一設備依賴","OK"))))) -> ▲ 單一設備依賴 | W97: =IF($E97="","",IF(AND($T97="V",$U97>0),"「無使用調理設備」不可與設備欄同時勾選，請擇一修正",IF($T97="V","免調理半成品（外購/僅切配等），不列入設備風險評估",IF($U97=0,"未勾選任何設備，請補填或勾選「無使用調理設備」",IF($U97=1,"僅依賴1台設備，須確認故障/排修時之備援製程","無異常"))))) -> 僅依賴1台設備，須確認故障/排修時之備援製程 | Z97: =IF($D97="",0,IF(COUNTIF($D$5:$D97,$D97)=1,1,0)) -> 0 | AA97: =IF(Z97=1,SUM($Z$5:$Z97),"")
A98: 下架 | B98: 長家 | C98: 熱食義麵 | D98: 羅馬黑胡椒起司義大利麵 | E98: 帕瑪森乾酪粉(500g) | F98: 2 | G98: 公克 | H98: 100 | T98: V | U98: =IF($E98="","",COUNTIF($I98:$S98,"V")) -> 0 | V98: =IF($E98="","",IF(AND($T98="V",$U98>0),"⚠ 勾選矛盾",IF($T98="V","○ 免調理",IF($U98=0,"⚠ 資料缺漏",IF($U98=1,"▲ 單一設備依賴","OK"))))) -> ○ 免調理 | W98: =IF($E98="","",IF(AND($T98="V",$U98>0),"「無使用調理設備」不可與設備欄同時勾選，請擇一修正",IF($T98="V","免調理半成品（外購/僅切配等），不列入設備風險評估",IF($U98=0,"未勾選任何設備，請補填或勾選「無使用調理設備」",IF($U98=1,"僅依賴1台設備，須確認故障/排修時之備援製程","無異常"))))) -> 免調理半成品（外購/僅切配等），不列入設備風險評估 | Z98: =IF($D98="",0,IF(COUNTIF($D$5:$D98,$D98)=1,1,0)) -> 0 | AA98: =IF(Z98=1,SUM($Z$5:$Z98),"")
A99: 下架 | B99: 長家 | C99: 熱食義麵 | D99: 羅馬黑胡椒起司義大利麵 | E99: 烤重煙燻培根絲 | F99: 10 | G99: 公克 | H99: 60 | K99: V | U99: =IF($E99="","",COUNTIF($I99:$S99,"V")) -> 1 | V99: =IF($E99="","",IF(AND($T99="V",$U99>0),"⚠ 勾選矛盾",IF($T99="V","○ 免調理",IF($U99=0,"⚠ 資料缺漏",IF($U99=1,"▲ 單一設備依賴","OK"))))) -> ▲ 單一設備依賴 | W99: =IF($E99="","",IF(AND($T99="V",$U99>0),"「無使用調理設備」不可與設備欄同時勾選，請擇一修正",IF($T99="V","免調理半成品（外購/僅切配等），不列入設備風險評估",IF($U99=0,"未勾選任何設備，請補填或勾選「無使用調理設備」",IF($U99=1,"僅依賴1台設備，須確認故障/排修時之備援製程","無異常"))))) -> 僅依賴1台設備，須確認故障/排修時之備援製程 | Z99: =IF($D99="",0,IF(COUNTIF($D$5:$D99,$D99)=1,1,0)) -> 0 | AA99: =IF(Z99=1,SUM($Z$5:$Z99),"")
A100: 下架 | B100: 長家 | C100: 熱食義麵 | D100: 羅馬黑胡椒起司義大利麵 | E100: 煙燻原味乾酪絲 | F100: 6 | G100: 公克 | H100: 100 | T100: V | U100: =IF($E100="","",COUNTIF($I100:$S100,"V")) -> 0 | V100: =IF($E100="","",IF(AND($T100="V",$U100>0),"⚠ 勾選矛盾",IF($T100="V","○ 免調理",IF($U100=0,"⚠ 資料缺漏",IF($U100=1,"▲ 單一設備依賴","OK"))))) -> ○ 免調理 | W100: =IF($E100="","",IF(AND($T100="V",$U100>0),"「無使用調理設備」不可與設備欄同時勾選，請擇一修正",IF($T100="V","免調理半成品（外購/僅切配等），不列入設備風險評估",IF($U100=0,"未勾選任何設備，請補填或勾選「無使用調理設備」",IF($U100=1,"僅依賴1台設備，須確認故障/排修時之備援製程","無異常"))))) -> 免調理半成品（外購/僅切配等），不列入設備風險評估 | Z100: =IF($D100="",0,IF(COUNTIF($D$5:$D100,$D100)=1,1,0)) -> 0 | AA100: =IF(Z100=1,SUM($Z$5:$Z100),"")
...

Sheet 4℃其他
A1: 商品半成品與調理設備應用展開一覽表｜4℃其他
A2: 商品資訊 | I2: 熱調理區（使用者填「V」；免調理者勾最右欄） | U2: 自動計算與風險檢核（勿手動修改） | X2: 建檔資訊（手填）
A3: 狀態 | B3: 工廠 | C3: 商品分類 (細分品類) | D3: 商品名稱 | E3: 半成品名稱 | F3: 單位用量 | H3: 製程率 (填數字) | I3: 炊飯 | J3: 煮麵 | K3: 烤箱 | L3: 炙燒 | M3: 蒸箱 | N3: 油炸機 | O3: 二重釜 | P3: 平釜 (日) | Q3: 平釜 (台) | R3: 蛋皮機 | S3: 壓力鍋 | T3: 無使用 調理設備 | U3: 使用 設備數 | V3: 檢核結果 | W3: 風險說明 | X3: 備註 (指示書編號/版本) | Y3: 建檔人員 | Z3: 系統用Y | AA3: 系統用Z
F4: 數值 | G4: 單位
A5: 架上 | B5: 長家 | C5: 小吃 | D5: 韓式炒冬粉 | E5: 炒韓式冬粉 | F5: 150 | G5: 公克 | H5: 85 | J5: V | O5: V | U5: =IF($E5="","",COUNTIF($I5:$S5,"V")) -> 2 | V5: =IF($E5="","",IF(AND($T5="V",$U5>0),"⚠ 勾選矛盾",IF($T5="V","○ 免調理",IF($U5=0,"⚠ 資料缺漏",IF($U5=1,"▲ 單一設備依賴","OK"))))) -> OK | W5: =IF($E5="","",IF(AND($T5="V",$U5>0),"「無使用調理設備」不可與設備欄同時勾選，請擇一修正",IF($T5="V","免調理半成品（外購/僅切配等），不列入設備風險評估",IF($U5=0,"未勾選任何設備，請補填或勾選「無使用調理設備」",IF($U5=1,"僅依賴1台設備，須確認故障/排修時之備援製程","無異常"))))) -> 無異常 | Z5: =IF($D5="",0,IF(COUNTIF($D$5:$D5,$D5)=1,1,0)) -> 1 | AA5: =IF(Z5=1,SUM($Z$5:$Z5),"") -> 1
A6: 架上 | B6: 長家 | C6: 小吃 | D6: 韓式炒冬粉 | E6: 炒韓式雜菜 | F6: 25 | G6: 公克 | H6: 68 | O6: V | U6: =IF($E6="","",COUNTIF($I6:$S6,"V")) -> 1 | V6: =IF($E6="","",IF(AND($T6="V",$U6>0),"⚠ 勾選矛盾",IF($T6="V","○ 免調理",IF($U6=0,"⚠ 資料缺漏",IF($U6=1,"▲ 單一設備依賴","OK"))))) -> ▲ 單一設備依賴 | W6: =IF($E6="","",IF(AND($T6="V",$U6>0),"「無使用調理設備」不可與設備欄同時勾選，請擇一修正",IF($T6="V","免調理半成品（外購/僅切配等），不列入設備風險評估",IF($U6=0,"未勾選任何設備，請補填或勾選「無使用調理設備」",IF($U6=1,"僅依賴1台設備，須確認故障/排修時之備援製程","無異常"))))) -> 僅依賴1台設備，須確認故障/排修時之備援製程 | Z6: =IF($D6="",0,IF(COUNTIF($D$5:$D6,$D6)=1,1,0)) -> 0 | AA6: =IF(Z6=1,SUM($Z$5:$Z6),"")
A7: 架上 | B7: 長家 | C7: 小吃 | D7: 韓式炒冬粉 | E7: 調理包-韓式芝麻湯凍 | F7: 25 | G7: 公克 | H7: 68 | O7: V | U7: =IF($E7="","",COUNTIF($I7:$S7,"V")) -> 1 | V7: =IF($E7="","",IF(AND($T7="V",$U7>0),"⚠ 勾選矛盾",IF($T7="V","○ 免調理",IF($U7=0,"⚠ 資料缺漏",IF($U7=1,"▲ 單一設備依賴","OK"))))) -> ▲ 單一設備依賴 | W7: =IF($E7="","",IF(AND($T7="V",$U7>0),"「無使用調理設備」不可與設備欄同時勾選，請擇一修正",IF($T7="V","免調理半成品（外購/僅切配等），不列入設備風險評估",IF($U7=0,"未勾選任何設備，請補填或勾選「無使用調理設備」",IF($U7=1,"僅依賴1台設備，須確認故障/排修時之備援製程","無異常"))))) -> 僅依賴1台設備，須確認故障/排修時之備援製程 | Z7: =IF($D7="",0,IF(COUNTIF($D$5:$D7,$D7)=1,1,0)) -> 0 | AA7: =IF(Z7=1,SUM($Z$5:$Z7),"")
A8: 架上 | B8: 長家 | C8: 小吃 | D8: 小滷青蔬 | E8: 川燙-玉米筍塊 | F8: 10 | G8: 公克 | H8: 86 | O8: V | U8: =IF($E8="","",COUNTIF($I8:$S8,"V")) -> 1 | V8: =IF($E8="","",IF(AND($T8="V",$U8>0),"⚠ 勾選矛盾",IF($T8="V","○ 免調理",IF($U8=0,"⚠ 資料缺漏",IF($U8=1,"▲ 單一設備依賴","OK"))))) -> ▲ 單一設備依賴 | W8: =IF($E8="","",IF(AND($T8="V",$U8>0),"「無使用調理設備」不可與設備欄同時勾選，請擇一修正",IF($T8="V","免調理半成品（外購/僅切配等），不列入設備風險評估",IF($U8=0,"未勾選任何設備，請補填或勾選「無使用調理設備」",IF($U8=1,"僅依賴1台設備，須確認故障/排修時之備援製程","無異常"))))) -> 僅依賴1台設備，須確認故障/排修時之備援製程 | Z8: =IF($D8="",0,IF(COUNTIF($D$5:$D8,$D8)=1,1,0)) -> 1 | AA8: =IF(Z8=1,SUM($Z$5:$Z8),"") -> 2
A9: 架上 | B9: 長家 | C9: 小吃 | D9: 小滷青蔬 | E9: 川燙-切段油菜 | F9: 20 | G9: 公克 | H9: 86 | O9: V | U9: =IF($E9="","",COUNTIF($I9:$S9,"V")) -> 1 | V9: =IF($E9="","",IF(AND($T9="V",$U9>0),"⚠ 勾選矛盾",IF($T9="V","○ 免調理",IF($U9=0,"⚠ 資料缺漏",IF($U9=1,"▲ 單一設備依賴","OK"))))) -> ▲ 單一設備依賴 | W9: =IF($E9="","",IF(AND($T9="V",$U9>0),"「無使用調理設備」不可與設備欄同時勾選，請擇一修正",IF($T9="V","免調理半成品（外購/僅切配等），不列入設備風險評估",IF($U9=0,"未勾選任何設備，請補填或勾選「無使用調理設備」",IF($U9=1,"僅依賴1台設備，須確認故障/排修時之備援製程","無異常"))))) -> 僅依賴1台設備，須確認故障/排修時之備援製程 | Z9: =IF($D9="",0,IF(COUNTIF($D$5:$D9,$D9)=1,1,0)) -> 0 | AA9: =IF(Z9=1,SUM($Z$5:$Z9),"")
A10: 架上 | B10: 長家 | C10: 小吃 | D10: 小滷青蔬 | E10: 川燙-扇形紅蘿蔔片 | F10: 3 | G10: 公克 | H10: 78 | O10: V | U10: =IF($E10="","",COUNTIF($I10:$S10,"V")) -> 1 | V10: =IF($E10="","",IF(AND($T10="V",$U10>0),"⚠ 勾選矛盾",IF($T10="V","○ 免調理",IF($U10=0,"⚠ 資料缺漏",IF($U10=1,"▲ 單一設備依賴","OK"))))) -> ▲ 單一設備依賴 | W10: =IF($E10="","",IF(AND($T10="V",$U10>0),"「無使用調理設備」不可與設備欄同時勾選，請擇一修正",IF($T10="V","免調理半成品（外購/僅切配等），不列入設備風險評估",IF($U10=0,"未勾選任何設備，請補填或勾選「無使用調理設備」",IF($U10=1,"僅依賴1台設備，須確認故障/排修時之備援製程","無異常"))))) -> 僅依賴1台設備，須確認故障/排修時之備援製程 | Z10: =IF($D10="",0,IF(COUNTIF($D$5:$D10,$D10)=1,1,0)) -> 0 | AA10: =IF(Z10=1,SUM($Z$5:$Z10),"")
A11: 架上 | B11: 長家 | C11: 小吃 | D11: 小滷青蔬 | E11: 川燙-青花菜 | F11: 16 | G11: 公克 | H11: 60 | O11: V | U11: =IF($E11="","",COUNTIF($I11:$S11,"V")) -> 1 | V11: =IF($E11="","",IF(AND($T11="V",$U11>0),"⚠ 勾選矛盾",IF($T11="V","○ 免調理",IF($U11=0,"⚠ 資料缺漏",IF($U11=1,"▲ 單一設備依賴","OK"))))) -> ▲ 單一設備依賴 | W11: =IF($E11="","",IF(AND($T11="V",$U11>0),"「無使用調理設備」不可與設備欄同時勾選，請擇一修正",IF($T11="V","免調理半成品（外購/僅切配等），不列入設備風險評估",IF($U11=0,"未勾選任何設備，請補填或勾選「無使用調理設備」",IF($U11=1,"僅依賴1台設備，須確認故障/排修時之備援製程","無異常"))))) -> 僅依賴1台設備，須確認故障/排修時之備援製程 | Z11: =IF($D11="",0,IF(COUNTIF($D$5:$D11,$D11)=1,1,0)) -> 0 | AA11: =IF(Z11=1,SUM($Z$5:$Z11),"")
A12: 架上 | B12: 長家 | C12: 小吃 | D12: 小滷青蔬 | E12: 滷-白花菜 | F12: 16 | G12: 公克 | H12: 68 | O12: V | U12: =IF($E12="","",COUNTIF($I12:$S12,"V")) -> 1 | V12: =IF($E12="","",IF(AND($T12="V",$U12>0),"⚠ 勾選矛盾",IF($T12="V","○ 免調理",IF($U12=0,"⚠ 資料缺漏",IF($U12=1,"▲ 單一設備依賴","OK"))))) -> ▲ 單一設備依賴 | W12: =IF($E12="","",IF(AND($T12="V",$U12>0),"「無使用調理設備」不可與設備欄同時勾選，請擇一修正",IF($T12="V","免調理半成品（外購/僅切配等），不列入設備風險評估",IF($U12=0,"未勾選任何設備，請補填或勾選「無使用調理設備」",IF($U12=1,"僅依賴1台設備，須確認故障/排修時之備援製程","無異常"))))) -> 僅依賴1台設備，須確認故障/排修時之備援製程 | Z12: =IF($D12="",0,IF(COUNTIF($D$5:$D12,$D12)=1,1,0)) -> 0 | AA12: =IF(Z12=1,SUM($Z$5:$Z12),"")
A13: 架上 | B13: 長家 | C13: 小吃 | D13: 小滷青蔬 | E13: 滷-切片高麗菜 | F13: 90 | G13: 公克 | H13: 66 | O13: V | U13: =IF($E13="","",COUNTIF($I13:$S13,"V")) -> 1 | V13: =IF($E13="","",IF(AND($T13="V",$U13>0),"⚠ 勾選矛盾",IF($T13="V","○ 免調理",IF($U13=0,"⚠ 資料缺漏",IF($U13=1,"▲ 單一設備依賴","OK"))))) -> ▲ 單一設備依賴 | W13: =IF($E13="","",IF(AND($T13="V",$U13>0),"「無使用調理設備」不可與設備欄同時勾選，請擇一修正",IF($T13="V","免調理半成品（外購/僅切配等），不列入設備風險評估",IF($U13=0,"未勾選任何設備，請補填或勾選「無使用調理設備」",IF($U13=1,"僅依賴1台設備，須確認故障/排修時之備援製程","無異常"))))) -> 僅依賴1台設備，須確認故障/排修時之備援製程 | Z13: =IF($D13="",0,IF(COUNTIF($D$5:$D13,$D13)=1,1,0)) -> 0 | AA13: =IF(Z13=1,SUM($Z$5:$Z13),"")
A14: 架上 | B14: 長家 | C14: 小吃 | D14: 小滷青蔬 | E14: 滷味-湯凍 | F14: 25 | G14: 公克 | H14: 75 | O14: V | U14: =IF($E14="","",COUNTIF($I14:$S14,"V")) -> 1 | V14: =IF($E14="","",IF(AND($T14="V",$U14>0),"⚠ 勾選矛盾",IF($T14="V","○ 免調理",IF($U14=0,"⚠ 資料缺漏",IF($U14=1,"▲ 單一設備依賴","OK"))))) -> ▲ 單一設備依賴 | W14: =IF($E14="","",IF(AND($T14="V",$U14>0),"「無使用調理設備」不可與設備欄同時勾選，請擇一修正",IF($T14="V","免調理半成品（外購/僅切配等），不列入設備風險評估",IF($U14=0,"未勾選任何設備，請補填或勾選「無使用調理設備」",IF($U14=1,"僅依賴1台設備，須確認故障/排修時之備援製程","無異常"))))) -> 僅依賴1台設備，須確認故障/排修時之備援製程 | Z14: =IF($D14="",0,IF(COUNTIF($D$5:$D14,$D14)=1,1,0)) -> 0 | AA14: =IF(Z14=1,SUM($Z$5:$Z14),"")
A15: 架上 | B15: 長家 | C15: 小吃 | D15: 香濃起司馬鈴薯 | E15: 烤香料馬鈴薯 | F15: 83 | G15: 公克 | H15: 55 | J15: V | U15: =IF($E15="","",COUNTIF($I15:$S15,"V")) -> 1 | V15: =IF($E15="","",IF(AND($T15="V",$U15>0),"⚠ 勾選矛盾",IF($T15="V","○ 免調理",IF($U15=0,"⚠ 資料缺漏",IF($U15=1,"▲ 單一設備依賴","OK"))))) -> ▲ 單一設備依賴 | W15: =IF($E15="","",IF(AND($T15="V",$U15>0),"「無使用調理設備」不可與設備欄同時勾選，請擇一修正",IF($T15="V","免調理半成品（外購/僅切配等），不列入設備風險評估",IF($U15=0,"未勾選任何設備，請補填或勾選「無使用調理設備」",IF($U15=1,"僅依賴1台設備，須確認故障/排修時之備援製程","無異常"))))) -> 僅依賴1台設備，須確認故障/排修時之備援製程 | Z15: =IF($D15="",0,IF(COUNTIF($D$5:$D15,$D15)=1,1,0)) -> 1 | AA15: =IF(Z15=1,SUM($Z$5:$Z15),"") -> 3
A16: 架上 | B16: 長家 | C16: 小吃 | D16: 香濃起司馬鈴薯 | E16: 烤重煙燻培根絲 | F16: 5 | G16: 公克 | H16: 65 | J16: V | U16: =IF($E16="","",COUNTIF($I16:$S16,"V")) -> 1 | V16: =IF($E16="","",IF(AND($T16="V",$U16>0),"⚠ 勾選矛盾",IF($T16="V","○ 免調理",IF($U16=0,"⚠ 資料缺漏",IF($U16=1,"▲ 單一設備依賴","OK"))))) -> ▲ 單一設備依賴 | W16: =IF($E16="","",IF(AND($T16="V",$U16>0),"「無使用調理設備」不可與設備欄同時勾選，請擇一修正",IF($T16="V","免調理半成品（外購/僅切配等），不列入設備風險評估",IF($U16=0,"未勾選任何設備，請補填或勾選「無使用調理設備」",IF($U16=1,"僅依賴1台設備，須確認故障/排修時之備援製程","無異常"))))) -> 僅依賴1台設備，須確認故障/排修時之備援製程 | Z16: =IF($D16="",0,IF(COUNTIF($D$5:$D16,$D16)=1,1,0)) -> 0 | AA16: =IF(Z16=1,SUM($Z$5:$Z16),"")
A17: 架上 | B17: 長家 | C17: 小吃 | D17: 香濃起司馬鈴薯 | E17: 瀝-玉米粒 | F17: 4 | G17: 公克 | H17: 100 | T17: V | U17: =IF($E17="","",COUNTIF($I17:$S17,"V")) -> 0 | V17: =IF($E17="","",IF(AND($T17="V",$U17>0),"⚠ 勾選矛盾",IF($T17="V","○ 免調理",IF($U17=0,"⚠ 資料缺漏",IF($U17=1,"▲ 單一設備依賴","OK"))))) -> ○ 免調理 | W17: =IF($E17="","",IF(AND($T17="V",$U17>0),"「無使用調理設備」不可與設備欄同時勾選，請擇一修正",IF($T17="V","免調理半成品（外購/僅切配等），不列入設備風險評估",IF($U17=0,"未勾選任何設備，請補填或勾選「無使用調理設備」",IF($U17=1,"僅依賴1台設備，須確認故障/排修時之備援製程","無異常"))))) -> 免調理半成品（外購/僅切配等），不列入設備風險評估 | Z17: =IF($D17="",0,IF(COUNTIF($D$5:$D17,$D17)=1,1,0)) -> 0 | AA17: =IF(Z17=1,SUM($Z$5:$Z17),"")
A18: 架上 | B18: 長家 | C18: 小吃 | D18: 香濃起司馬鈴薯 | E18: 調理包-起司醬 | F18: 33 | G18: 公克 | H18: 64 | O18: V | U18: =IF($E18="","",COUNTIF($I18:$S18,"V")) -> 1 | V18: =IF($E18="","",IF(AND($T18="V",$U18>0),"⚠ 勾選矛盾",IF($T18="V","○ 免調理",IF($U18=0,"⚠ 資料缺漏",IF($U18=1,"▲ 單一設備依賴","OK"))))) -> ▲ 單一設備依賴 | W18: =IF($E18="","",IF(AND($T18="V",$U18>0),"「無使用調理設備」不可與設備欄同時勾選，請擇一修正",IF($T18="V","免調理半成品（外購/僅切配等），不列入設備風險評估",IF($U18=0,"未勾選任何設備，請補填或勾選「無使用調理設備」",IF($U18=1,"僅依賴1台設備，須確認故障/排修時之備援製程","無異常"))))) -> 僅依賴1台設備，須確認故障/排修時之備援製程 | Z18: =IF($D18="",0,IF(COUNTIF($D$5:$D18,$D18)=1,1,0)) -> 0 | AA18: =IF(Z18=1,SUM($Z$5:$Z18),"")
A19: 架上 | B19: 長家 | C19: 小吃 | D19: 香濃起司馬鈴薯 | E19: 鮮食雙色起司絲 | F19: 6 | G19: 公克 | H19: 100 | T19: V | U19: =IF($E19="","",COUNTIF($I19:$S19,"V")) -> 0 | V19: =IF($E19="","",IF(AND($T19="V",$U19>0),"⚠ 勾選矛盾",IF($T19="V","○ 免調理",IF($U19=0,"⚠ 資料缺漏",IF($U19=1,"▲ 單一設備依賴","OK"))))) -> ○ 免調理 | W19: =IF($E19="","",IF(AND($T19="V",$U19>0),"「無使用調理設備」不可與設備欄同時勾選，請擇一修正",IF($T19="V","免調理半成品（外購/僅切配等），不列入設備風險評估",IF($U19=0,"未勾選任何設備，請補填或勾選「無使用調理設備」",IF($U19=1,"僅依賴1台設備，須確認故障/排修時之備援製程","無異常"))))) -> 免調理半成品（外購/僅切配等），不列入設備風險評估 | Z19: =IF($D19="",0,IF(COUNTIF($D$5:$D19,$D19)=1,1,0)) -> 0 | AA19: =IF(Z19=1,SUM($Z$5:$Z19),"")
A20: 待上架 | B20: 長家 | C20: 小吃 | D20: 台式蒜味小寬粉 | E20: 煮小寬粉 | F20: 140 | G20: 公克 | H20: 340 | J20: V | U20: =IF($E20="","",COUNTIF($I20:$S20,"V")) -> 1 | V20: =IF($E20="","",IF(AND($T20="V",$U20>0),"⚠ 勾選矛盾",IF($T20="V","○ 免調理",IF($U20=0,"⚠ 資料缺漏",IF($U20=1,"▲ 單一設備依賴","OK"))))) -> ▲ 單一設備依賴 | W20: =IF($E20="","",IF(AND($T20="V",$U20>0),"「無使用調理設備」不可與設備欄同時勾選，請擇一修正",IF($T20="V","免調理半成品（外購/僅切配等），不列入設備風險評估",IF($U20=0,"未勾選任何設備，請補填或勾選「無使用調理設備」",IF($U20=1,"僅依賴1台設備，須確認故障/排修時之備援製程","無異常"))))) -> 僅依賴1台設備，須確認故障/排修時之備援製程 | X20: 1151028 蒜蓉鮮蝦小寬粉-試產版.xlsx | Y20: 莊子儀 | Z20: =IF($D20="",0,IF(COUNTIF($D$5:$D20,$D20)=1,1,0)) -> 1 | AA20: =IF(Z20=1,SUM($Z$5:$Z20),"") -> 4
A21: 待上架 | B21: 長家 | C21: 小吃 | D21: 台式蒜味小寬粉 | E21: 蒜頭酥 | F21: 1 | G21: 公克 | H21: 100 | T21: V | U21: =IF($E21="","",COUNTIF($I21:$S21,"V")) -> 0 | V21: =IF($E21="","",IF(AND($T21="V",$U21>0),"⚠ 勾選矛盾",IF($T21="V","○ 免調理",IF($U21=0,"⚠ 資料缺漏",IF($U21=1,"▲ 單一設備依賴","OK"))))) -> ○ 免調理 | W21: =IF($E21="","",IF(AND($T21="V",$U21>0),"「無使用調理設備」不可與設備欄同時勾選，請擇一修正",IF($T21="V","免調理半成品（外購/僅切配等），不列入設備風險評估",IF($U21=0,"未勾選任何設備，請補填或勾選「無使用調理設備」",IF($U21=1,"僅依賴1台設備，須確認故障/排修時之備援製程","無異常"))))) -> 免調理半成品（外購/僅切配等），不列入設備風險評估 | X21: 1151028 蒜蓉鮮蝦小寬粉-試產版.xlsx | Y21: 莊子儀 | Z21: =IF($D21="",0,IF(COUNTIF($D$5:$D21,$D21)=1,1,0)) -> 0 | AA21: =IF(Z21=1,SUM($Z$5:$Z21),"")
A22: 待上架 | B22: 長家 | C22: 小吃 | D22: 台式蒜味小寬粉 | E22: 川燙9號蝦仁 | F22: 12 | G22: 公克 | H22: 55 | O22: V | U22: =IF($E22="","",COUNTIF($I22:$S22,"V")) -> 1 | V22: =IF($E22="","",IF(AND($T22="V",$U22>0),"⚠ 勾選矛盾",IF($T22="V","○ 免調理",IF($U22=0,"⚠ 資料缺漏",IF($U22=1,"▲ 單一設備依賴","OK"))))) -> ▲ 單一設備依賴 | W22: =IF($E22="","",IF(AND($T22="V",$U22>0),"「無使用調理設備」不可與設備欄同時勾選，請擇一修正",IF($T22="V","免調理半成品（外購/僅切配等），不列入設備風險評估",IF($U22=0,"未勾選任何設備，請補填或勾選「無使用調理設備」",IF($U22=1,"僅依賴1台設備，須確認故障/排修時之備援製程","無異常"))))) -> 僅依賴1台設備，須確認故障/排修時之備援製程 | X22: 1151028 蒜蓉鮮蝦小寬粉-試產版.xlsx | Y22: 莊子儀 | Z22: =IF($D22="",0,IF(COUNTIF($D$5:$D22,$D22)=1,1,0)) -> 0 | AA22: =IF(Z22=1,SUM($Z$5:$Z22),"")
A23: 待上架 | B23: 長家 | C23: 小吃 | D23: 台式蒜味小寬粉 | E23: 炒椒鹽蔥料 | F23: 5 | G23: 公克 | H23: 68 | O23: V | U23: =IF($E23="","",COUNTIF($I23:$S23,"V")) -> 1 | V23: =IF($E23="","",IF(AND($T23="V",$U23>0),"⚠ 勾選矛盾",IF($T23="V","○ 免調理",IF($U23=0,"⚠ 資料缺漏",IF($U23=1,"▲ 單一設備依賴","OK"))))) -> ▲ 單一設備依賴 | W23: =IF($E23="","",IF(AND($T23="V",$U23>0),"「無使用調理設備」不可與設備欄同時勾選，請擇一修正",IF($T23="V","免調理半成品（外購/僅切配等），不列入設備風險評估",IF($U23=0,"未勾選任何設備，請補填或勾選「無使用調理設備」",IF($U23=1,"僅依賴1台設備，須確認故障/排修時之備援製程","無異常"))))) -> 僅依賴1台設備，須確認故障/排修時之備援製程 | X23: 1151028 蒜蓉鮮蝦小寬粉-試產版.xlsx | Y23: 莊子儀 | Z23: =IF($D23="",0,IF(COUNTIF($D$5:$D23,$D23)=1,1,0)) -> 0 | AA23: =IF(Z23=1,SUM($Z$5:$Z23),"")
A24: 待上架 | B24: 長家 | C24: 小吃 | D24: 台式蒜味小寬粉 | E24: 調理包-蒜蓉醬 | F24: 50 | G24: 公克 | H24: 75 | O24: V | U24: =IF($E24="","",COUNTIF($I24:$S24,"V")) -> 1 | V24: =IF($E24="","",IF(AND($T24="V",$U24>0),"⚠ 勾選矛盾",IF($T24="V","○ 免調理",IF($U24=0,"⚠ 資料缺漏",IF($U24=1,"▲ 單一設備依賴","OK"))))) -> ▲ 單一設備依賴 | W24: =IF($E24="","",IF(AND($T24="V",$U24>0),"「無使用調理設備」不可與設備欄同時勾選，請擇一修正",IF($T24="V","免調理半成品（外購/僅切配等），不列入設備風險評估",IF($U24=0,"未勾選任何設備，請補填或勾選「無使用調理設備」",IF($U24=1,"僅依賴1台設備，須確認故障/排修時之備援製程","無異常"))))) -> 僅依賴1台設備，須確認故障/排修時之備援製程 | X24: 1151028 蒜蓉鮮蝦小寬粉-試產版.xlsx | Y24: 莊子儀 | Z24: =IF($D24="",0,IF(COUNTIF($D$5:$D24,$D24)=1,1,0)) -> 0 | AA24: =IF(Z24=1,SUM($Z$5:$Z24),"")
A25: 下架 | B25: 長家 | C25: 小吃 | D25: 麻辣雞心 | E25: 解凍麻辣雞心(肉雞心) | F25: 90 | G25: 公克 | H25: 90 | T25: V | U25: =IF($E25="","",COUNTIF($I25:$S25,"V")) -> 0 | V25: =IF($E25="","",IF(AND($T25="V",$U25>0),"⚠ 勾選矛盾",IF($T25="V","○ 免調理",IF($U25=0,"⚠ 資料缺漏",IF($U25=1,"▲ 單一設備依賴","OK"))))) -> ○ 免調理 | W25: =IF($E25="","",IF(AND($T25="V",$U25>0),"「無使用調理設備」不可與設備欄同時勾選，請擇一修正",IF($T25="V","免調理半成品（外購/僅切配等），不列入設備風險評估",IF($U25=0,"未勾選任何設備，請補填或勾選「無使用調理設備」",IF($U25=1,"僅依賴1台設備，須確認故障/排修時之備援製程","無異常"))))) -> 免調理半成品（外購/僅切配等），不列入設備風險評估 | X25: 1150617 麻辣雞心(肉雞心)-確認版(1)-A01.xlsx | Y25: 莊子儀 | Z25: =IF($D25="",0,IF(COUNTIF($D$5:$D25,$D25)=1,1,0)) -> 1 | AA25: =IF(Z25=1,SUM($Z$5:$Z25),"") -> 5
U26: =IF($E26="","",COUNTIF($I26:$S26,"V")) | V26: =IF($E26="","",IF(AND($T26="V",$U26>0),"⚠ 勾選矛盾",IF($T26="V","○ 免調理",IF($U26=0,"⚠ 資料缺漏",IF($U26=1,"▲ 單一設備依賴","OK"))))) | W26: =IF($E26="","",IF(AND($T26="V",$U26>0),"「無使用調理設備」不可與設備欄同時勾選，請擇一修正",IF($T26="V","免調理半成品（外購/僅切配等），不列入設備風險評估",IF($U26=0,"未勾選任何設備，請補填或勾選「無使用調理設備」",IF($U26=1,"僅依賴1台設備，須確認故障/排修時之備援製程","無異常"))))) | Z26: =IF($D26="",0,IF(COUNTIF($D$5:$D26,$D26)=1,1,0)) -> 0 | AA26: =IF(Z26=1,SUM($Z$5:$Z26),"")
U27: =IF($E27="","",COUNTIF($I27:$S27,"V")) | V27: =IF($E27="","",IF(AND($T27="V",$U27>0),"⚠ 勾選矛盾",IF($T27="V","○ 免調理",IF($U27=0,"⚠ 資料缺漏",IF($U27=1,"▲ 單一設備依賴","OK"))))) | W27: =IF($E27="","",IF(AND($T27="V",$U27>0),"「無使用調理設備」不可與設備欄同時勾選，請擇一修正",IF($T27="V","免調理半成品（外購/僅切配等），不列入設備風險評估",IF($U27=0,"未勾選任何設備，請補填或勾選「無使用調理設備」",IF($U27=1,"僅依賴1台設備，須確認故障/排修時之備援製程","無異常"))))) | Z27: =IF($D27="",0,IF(COUNTIF($D$5:$D27,$D27)=1,1,0)) -> 0 | AA27: =IF(Z27=1,SUM($Z$5:$Z27),"")
U28: =IF($E28="","",COUNTIF($I28:$S28,"V")) | V28: =IF($E28="","",IF(AND($T28="V",$U28>0),"⚠ 勾選矛盾",IF($T28="V","○ 免調理",IF($U28=0,"⚠ 資料缺漏",IF($U28=1,"▲ 單一設備依賴","OK"))))) | W28: =IF($E28="","",IF(AND($T28="V",$U28>0),"「無使用調理設備」不可與設備欄同時勾選，請擇一修正",IF($T28="V","免調理半成品（外購/僅切配等），不列入設備風險評估",IF($U28=0,"未勾選任何設備，請補填或勾選「無使用調理設備」",IF($U28=1,"僅依賴1台設備，須確認故障/排修時之備援製程","無異常"))))) | Z28: =IF($D28="",0,IF(COUNTIF($D$5:$D28,$D28)=1,1,0)) -> 0 | AA28: =IF(Z28=1,SUM($Z$5:$Z28),"")
U29: =IF($E29="","",COUNTIF($I29:$S29,"V")) | V29: =IF($E29="","",IF(AND($T29="V",$U29>0),"⚠ 勾選矛盾",IF($T29="V","○ 免調理",IF($U29=0,"⚠ 資料缺漏",IF($U29=1,"▲ 單一設備依賴","OK"))))) | W29: =IF($E29="","",IF(AND($T29="V",$U29>0),"「無使用調理設備」不可與設備欄同時勾選，請擇一修正",IF($T29="V","免調理半成品（外購/僅切配等），不列入設備風險評估",IF($U29=0,"未勾選任何設備，請補填或勾選「無使用調理設備」",IF($U29=1,"僅依賴1台設備，須確認故障/排修時之備援製程","無異常"))))) | Z29: =IF($D29="",0,IF(COUNTIF($D$5:$D29,$D29)=1,1,0)) -> 0 | AA29: =IF(Z29=1,SUM($Z$5:$Z29),"")
U30: =IF($E30="","",COUNTIF($I30:$S30,"V")) | V30: =IF($E30="","",IF(AND($T30="V",$U30>0),"⚠ 勾選矛盾",IF($T30="V","○ 免調理",IF($U30=0,"⚠ 資料缺漏",IF($U30=1,"▲ 單一設備依賴","OK"))))) | W30: =IF($E30="","",IF(AND($T30="V",$U30>0),"「無使用調理設備」不可與設備欄同時勾選，請擇一修正",IF($T30="V","免調理半成品（外購/僅切配等），不列入設備風險評估",IF($U30=0,"未勾選任何設備，請補填或勾選「無使用調理設備」",IF($U30=1,"僅依賴1台設備，須確認故障/排修時之備援製程","無異常"))))) | Z30: =IF($D30="",0,IF(COUNTIF($D$5:$D30,$D30)=1,1,0)) -> 0 | AA30: =IF(Z30=1,SUM($Z$5:$Z30),"")
U31: =IF($E31="","",COUNTIF($I31:$S31,"V")) | V31: =IF($E31="","",IF(AND($T31="V",$U31>0),"⚠ 勾選矛盾",IF($T31="V","○ 免調理",IF($U31=0,"⚠ 資料缺漏",IF($U31=1,"▲ 單一設備依賴","OK"))))) | W31: =IF($E31="","",IF(AND($T31="V",$U31>0),"「無使用調理設備」不可與設備欄同時勾選，請擇一修正",IF($T31="V","免調理半成品（外購/僅切配等），不列入設備風險評估",IF($U31=0,"未勾選任何設備，請補填或勾選「無使用調理設備」",IF($U31=1,"僅依賴1台設備，須確認故障/排修時之備援製程","無異常"))))) | Z31: =IF($D31="",0,IF(COUNTIF($D$5:$D31,$D31)=1,1,0)) -> 0 | AA31: =IF(Z31=1,SUM($Z$5:$Z31),"")
U32: =IF($E32="","",COUNTIF($I32:$S32,"V")) | V32: =IF($E32="","",IF(AND($T32="V",$U32>0),"⚠ 勾選矛盾",IF($T32="V","○ 免調理",IF($U32=0,"⚠ 資料缺漏",IF($U32=1,"▲ 單一設備依賴","OK"))))) | W32: =IF($E32="","",IF(AND($T32="V",$U32>0),"「無使用調理設備」不可與設備欄同時勾選，請擇一修正",IF($T32="V","免調理半成品（外購/僅切配等），不列入設備風險評估",IF($U32=0,"未勾選任何設備，請補填或勾選「無使用調理設備」",IF($U32=1,"僅依賴1台設備，須確認故障/排修時之備援製程","無異常"))))) | Z32: =IF($D32="",0,IF(COUNTIF($D$5:$D32,$D32)=1,1,0)) -> 0 | AA32: =IF(Z32=1,SUM($Z$5:$Z32),"")
U33: =IF($E33="","",COUNTIF($I33:$S33,"V")) | V33: =IF($E33="","",IF(AND($T33="V",$U33>0),"⚠ 勾選矛盾",IF($T33="V","○ 免調理",IF($U33=0,"⚠ 資料缺漏",IF($U33=1,"▲ 單一設備依賴","OK"))))) | W33: =IF($E33="","",IF(AND($T33="V",$U33>0),"「無使用調理設備」不可與設備欄同時勾選，請擇一修正",IF($T33="V","免調理半成品（外購/僅切配等），不列入設備風險評估",IF($U33=0,"未勾選任何設備，請補填或勾選「無使用調理設備」",IF($U33=1,"僅依賴1台設備，須確認故障/排修時之備援製程","無異常"))))) | Z33: =IF($D33="",0,IF(COUNTIF($D$5:$D33,$D33)=1,1,0)) -> 0 | AA33: =IF(Z33=1,SUM($Z$5:$Z33),"")
U34: =IF($E34="","",COUNTIF($I34:$S34,"V")) | V34: =IF($E34="","",IF(AND($T34="V",$U34>0),"⚠ 勾選矛盾",IF($T34="V","○ 免調理",IF($U34=0,"⚠ 資料缺漏",IF($U34=1,"▲ 單一設備依賴","OK"))))) | W34: =IF($E34="","",IF(AND($T34="V",$U34>0),"「無使用調理設備」不可與設備欄同時勾選，請擇一修正",IF($T34="V","免調理半成品（外購/僅切配等），不列入設備風險評估",IF($U34=0,"未勾選任何設備，請補填或勾選「無使用調理設備」",IF($U34=1,"僅依賴1台設備，須確認故障/排修時之備援製程","無異常"))))) | Z34: =IF($D34="",0,IF(COUNTIF($D$5:$D34,$D34)=1,1,0)) -> 0 | AA34: =IF(Z34=1,SUM($Z$5:$Z34),"")
U35: =IF($E35="","",COUNTIF($I35:$S35,"V")) | V35: =IF($E35="","",IF(AND($T35="V",$U35>0),"⚠ 勾選矛盾",IF($T35="V","○ 免調理",IF($U35=0,"⚠ 資料缺漏",IF($U35=1,"▲ 單一設備依賴","OK"))))) | W35: =IF($E35="","",IF(AND($T35="V",$U35>0),"「無使用調理設備」不可與設備欄同時勾選，請擇一修正",IF($T35="V","免調理半成品（外購/僅切配等），不列入設備風險評估",IF($U35=0,"未勾選任何設備，請補填或勾選「無使用調理設備」",IF($U35=1,"僅依賴1台設備，須確認故障/排修時之備援製程","無異常"))))) | Z35: =IF($D35="",0,IF(COUNTIF($D$5:$D35,$D35)=1,1,0)) -> 0 | AA35: =IF(Z35=1,SUM($Z$5:$Z35),"")
U36: =IF($E36="","",COUNTIF($I36:$S36,"V")) | V36: =IF($E36="","",IF(AND($T36="V",$U36>0),"⚠ 勾選矛盾",IF($T36="V","○ 免調理",IF($U36=0,"⚠ 資料缺漏",IF($U36=1,"▲ 單一設備依賴","OK"))))) | W36: =IF($E36="","",IF(AND($T36="V",$U36>0),"「無使用調理設備」不可與設備欄同時勾選，請擇一修正",IF($T36="V","免調理半成品（外購/僅切配等），不列入設備風險評估",IF($U36=0,"未勾選任何設備，請補填或勾選「無使用調理設備」",IF($U36=1,"僅依賴1台設備，須確認故障/排修時之備援製程","無異常"))))) | Z36: =IF($D36="",0,IF(COUNTIF($D$5:$D36,$D36)=1,1,0)) -> 0 | AA36: =IF(Z36=1,SUM($Z$5:$Z36),"")
U37: =IF($E37="","",COUNTIF($I37:$S37,"V")) | V37: =IF($E37="","",IF(AND($T37="V",$U37>0),"⚠ 勾選矛盾",IF($T37="V","○ 免調理",IF($U37=0,"⚠ 資料缺漏",IF($U37=1,"▲ 單一設備依賴","OK"))))) | W37: =IF($E37="","",IF(AND($T37="V",$U37>0),"「無使用調理設備」不可與設備欄同時勾選，請擇一修正",IF($T37="V","免調理半成品（外購/僅切配等），不列入設備風險評估",IF($U37=0,"未勾選任何設備，請補填或勾選「無使用調理設備」",IF($U37=1,"僅依賴1台設備，須確認故障/排修時之備援製程","無異常"))))) | Z37: =IF($D37="",0,IF(COUNTIF($D$5:$D37,$D37)=1,1,0)) -> 0 | AA37: =IF(Z37=1,SUM($Z$5:$Z37),"")
... U304: =IF($E304="","",COUNTIF($I304:$S304,"V")) | V304: =IF($E304="","",IF(AND($T304="V",$U304>0),"⚠ 勾選矛盾",IF($T304="V","○ 免調理",IF($U304=0,"⚠ 資料缺漏",IF($U304=1,"▲ 單一設備依賴","OK"))))) | W304: =IF($E304="","",IF(AND($T304="V",$U304>0),"「無使用調理設備」不可與設備欄同時勾選，請擇一修正",IF($T304="V","免調理半成品（外購/僅切配等），不列入設備風險評估",IF($U304=0,"未勾選任何設備，請補填或勾選「無使用調理設備」",IF($U304=1,"僅依賴1台設備，須確認故障/排修時之備援製程","無異常"))))) | Z304: =IF($D304="",0,IF(COUNTIF($D$5:$D304,$D304)=1,1,0)) -> 0 | AA304: =IF(Z304=1,SUM($Z$5:$Z304),"")

Sheet 冷凍品
A1: 商品半成品與調理設備應用展開一覽表｜冷凍品
A2: 商品資訊 | I2: 熱調理區（使用者填「V」；免調理者勾最右欄） | U2: 自動計算與風險檢核（勿手動修改） | X2: 建檔資訊（手填）
A3: 狀態 | B3: 工廠 | C3: 商品分類 (細分品類) | D3: 商品名稱 | E3: 半成品名稱 | F3: 單位用量 | H3: 製程率 (填數字) | I3: 炊飯 | J3: 煮麵 | K3: 烤箱 | L3: 炙燒 | M3: 蒸箱 | N3: 油炸機 | O3: 二重釜 | P3: 平釜 (日) | Q3: 平釜 (台) | R3: 蛋皮機 | S3: 壓力鍋 | T3: 無使用 調理設備 | U3: 使用 設備數 | V3: 檢核結果 | W3: 風險說明 | X3: 備註 (指示書編號/版本) | Y3: 建檔人員 | Z3: 系統用Y | AA3: 系統用Z
F4: 數值 | G4: 單位
A5: - | B5: 長家 | C5: 義大利麵 | D5: 奶油蘑菇培根義大利麵 | E5: 冷凍義麵-白醬 | F5: 76 | G5: 公克 | H5: 56 | O5: V | U5: =IF($E5="","",COUNTIF($I5:$S5,"V")) -> 1 | V5: =IF($E5="","",IF(AND($T5="V",$U5>0),"⚠ 勾選矛盾",IF($T5="V","○ 免調理",IF($U5=0,"⚠ 資料缺漏",IF($U5=1,"▲ 單一設備依賴","OK"))))) -> ▲ 單一設備依賴 | W5: =IF($E5="","",IF(AND($T5="V",$U5>0),"「無使用調理設備」不可與設備欄同時勾選，請擇一修正",IF($T5="V","免調理半成品（外購/僅切配等），不列入設備風險評估",IF($U5=0,"未勾選任何設備，請補填或勾選「無使用調理設備」",IF($U5=1,"僅依賴1台設備，須確認故障/排修時之備援製程","無異常"))))) -> 僅依賴1台設備，須確認故障/排修時之備援製程 | Z5: =IF($D5="",0,IF(COUNTIF($D$5:$D5,$D5)=1,1,0)) -> 1 | AA5: =IF(Z5=1,SUM($Z$5:$Z5),"") -> 1
A6: - | B6: 長家 | C6: 義大利麵 | D6: 奶油蘑菇培根義大利麵 | E6: 瀝-洋菇 | F6: 2 | G6: 公克 | H6: 68 | T6: V | U6: =IF($E6="","",COUNTIF($I6:$S6,"V")) -> 0 | V6: =IF($E6="","",IF(AND($T6="V",$U6>0),"⚠ 勾選矛盾",IF($T6="V","○ 免調理",IF($U6=0,"⚠ 資料缺漏",IF($U6=1,"▲ 單一設備依賴","OK"))))) -> ○ 免調理 | W6: =IF($E6="","",IF(AND($T6="V",$U6>0),"「無使用調理設備」不可與設備欄同時勾選，請擇一修正",IF($T6="V","免調理半成品（外購/僅切配等），不列入設備風險評估",IF($U6=0,"未勾選任何設備，請補填或勾選「無使用調理設備」",IF($U6=1,"僅依賴1台設備，須確認故障/排修時之備援製程","無異常"))))) -> 免調理半成品（外購/僅切配等），不列入設備風險評估 | Z6: =IF($D6="",0,IF(COUNTIF($D$5:$D6,$D6)=1,1,0)) -> 0 | AA6: =IF(Z6=1,SUM($Z$5:$Z6),"")
A7: - | B7: 長家 | C7: 義大利麵 | D7: 奶油蘑菇培根義大利麵 | E7: 烤重煙燻培根絲 | F7: 5 | G7: 公克 | H7: 58 | K7: V | U7: =IF($E7="","",COUNTIF($I7:$S7,"V")) -> 1 | V7: =IF($E7="","",IF(AND($T7="V",$U7>0),"⚠ 勾選矛盾",IF($T7="V","○ 免調理",IF($U7=0,"⚠ 資料缺漏",IF($U7=1,"▲ 單一設備依賴","OK"))))) -> ▲ 單一設備依賴 | W7: =IF($E7="","",IF(AND($T7="V",$U7>0),"「無使用調理設備」不可與設備欄同時勾選，請擇一修正",IF($T7="V","免調理半成品（外購/僅切配等），不列入設備風險評估",IF($U7=0,"未勾選任何設備，請補填或勾選「無使用調理設備」",IF($U7=1,"僅依賴1台設備，須確認故障/排修時之備援製程","無異常"))))) -> 僅依賴1台設備，須確認故障/排修時之備援製程 | Z7: =IF($D7="",0,IF(COUNTIF($D$5:$D7,$D7)=1,1,0)) -> 0 | AA7: =IF(Z7=1,SUM($Z$5:$Z7),"")
A8: - | B8: 長家 | C8: 義大利麵 | D8: 奶油蘑菇培根義大利麵 | E8: 煮日製義大利麵(冷凍) | F8: 115 | G8: 公克 | H8: 235 | J8: V | U8: =IF($E8="","",COUNTIF($I8:$S8,"V")) -> 1 | V8: =IF($E8="","",IF(AND($T8="V",$U8>0),"⚠ 勾選矛盾",IF($T8="V","○ 免調理",IF($U8=0,"⚠ 資料缺漏",IF($U8=1,"▲ 單一設備依賴","OK"))))) -> ▲ 單一設備依賴 | W8: =IF($E8="","",IF(AND($T8="V",$U8>0),"「無使用調理設備」不可與設備欄同時勾選，請擇一修正",IF($T8="V","免調理半成品（外購/僅切配等），不列入設備風險評估",IF($U8=0,"未勾選任何設備，請補填或勾選「無使用調理設備」",IF($U8=1,"僅依賴1台設備，須確認故障/排修時之備援製程","無異常"))))) -> 僅依賴1台設備，須確認故障/排修時之備援製程 | Z8: =IF($D8="",0,IF(COUNTIF($D$5:$D8,$D8)=1,1,0)) -> 0 | AA8: =IF(Z8=1,SUM($Z$5:$Z8),"")
A9: 下架 | B9: 長家 | C9: 義大利麵 | D9: 青醬蛤蜊義大利麵 | E9: 蒸蛤蜊-肉 | F9: 8 | G9: 公克 | H9: 40 | M9: V | U9: =IF($E9="","",COUNTIF($I9:$S9,"V")) -> 1 | V9: =IF($E9="","",IF(AND($T9="V",$U9>0),"⚠ 勾選矛盾",IF($T9="V","○ 免調理",IF($U9=0,"⚠ 資料缺漏",IF($U9=1,"▲ 單一設備依賴","OK"))))) -> ▲ 單一設備依賴 | W9: =IF($E9="","",IF(AND($T9="V",$U9>0),"「無使用調理設備」不可與設備欄同時勾選，請擇一修正",IF($T9="V","免調理半成品（外購/僅切配等），不列入設備風險評估",IF($U9=0,"未勾選任何設備，請補填或勾選「無使用調理設備」",IF($U9=1,"僅依賴1台設備，須確認故障/排修時之備援製程","無異常"))))) -> 僅依賴1台設備，須確認故障/排修時之備援製程 | Z9: =IF($D9="",0,IF(COUNTIF($D$5:$D9,$D9)=1,1,0)) -> 1 | AA9: =IF(Z9=1,SUM($Z$5:$Z9),"") -> 2
A10: 下架 | B10: 長家 | C10: 義大利麵 | D10: 青醬蛤蜊義大利麵 | E10: 冷凍義麵-青醬(112) | F10: 80 | G10: 公克 | H10: 58 | O10: V | U10: =IF($E10="","",COUNTIF($I10:$S10,"V")) -> 1 | V10: =IF($E10="","",IF(AND($T10="V",$U10>0),"⚠ 勾選矛盾",IF($T10="V","○ 免調理",IF($U10=0,"⚠ 資料缺漏",IF($U10=1,"▲ 單一設備依賴","OK"))))) -> ▲ 單一設備依賴 | W10: =IF($E10="","",IF(AND($T10="V",$U10>0),"「無使用調理設備」不可與設備欄同時勾選，請擇一修正",IF($T10="V","免調理半成品（外購/僅切配等），不列入設備風險評估",IF($U10=0,"未勾選任何設備，請補填或勾選「無使用調理設備」",IF($U10=1,"僅依賴1台設備，須確認故障/排修時之備援製程","無異常"))))) -> 僅依賴1台設備，須確認故障/排修時之備援製程 | Z10: =IF($D10="",0,IF(COUNTIF($D$5:$D10,$D10)=1,1,0)) -> 0 | AA10: =IF(Z10=1,SUM($Z$5:$Z10),"")
A11: 下架 | B11: 長家 | C11: 義大利麵 | D11: 青醬蛤蜊義大利麵 | E11: 煮日製義大利麵(冷凍) | F11: 115 | G11: 公克 | H11: 235 | J11: V | U11: =IF($E11="","",COUNTIF($I11:$S11,"V")) -> 1 | V11: =IF($E11="","",IF(AND($T11="V",$U11>0),"⚠ 勾選矛盾",IF($T11="V","○ 免調理",IF($U11=0,"⚠ 資料缺漏",IF($U11=1,"▲ 單一設備依賴","OK"))))) -> ▲ 單一設備依賴 | W11: =IF($E11="","",IF(AND($T11="V",$U11>0),"「無使用調理設備」不可與設備欄同時勾選，請擇一修正",IF($T11="V","免調理半成品（外購/僅切配等），不列入設備風險評估",IF($U11=0,"未勾選任何設備，請補填或勾選「無使用調理設備」",IF($U11=1,"僅依賴1台設備，須確認故障/排修時之備援製程","無異常"))))) -> 僅依賴1台設備，須確認故障/排修時之備援製程 | Z11: =IF($D11="",0,IF(COUNTIF($D$5:$D11,$D11)=1,1,0)) -> 0 | AA11: =IF(Z11=1,SUM($Z$5:$Z11),"")
A12: - | B12: 長家 | C12: 義大利麵 | D12: 剝皮辣椒細扁麵 | E12: 油炒剝皮辣椒段 | F12: 10 | G12: 公克 | H12: 73 | O12: V | U12: =IF($E12="","",COUNTIF($I12:$S12,"V")) -> 1 | V12: =IF($E12="","",IF(AND($T12="V",$U12>0),"⚠ 勾選矛盾",IF($T12="V","○ 免調理",IF($U12=0,"⚠ 資料缺漏",IF($U12=1,"▲ 單一設備依賴","OK"))))) -> ▲ 單一設備依賴 | W12: =IF($E12="","",IF(AND($T12="V",$U12>0),"「無使用調理設備」不可與設備欄同時勾選，請擇一修正",IF($T12="V","免調理半成品（外購/僅切配等），不列入設備風險評估",IF($U12=0,"未勾選任何設備，請補填或勾選「無使用調理設備」",IF($U12=1,"僅依賴1台設備，須確認故障/排修時之備援製程","無異常"))))) -> 僅依賴1台設備，須確認故障/排修時之備援製程 | Z12: =IF($D12="",0,IF(COUNTIF($D$5:$D12,$D12)=1,1,0)) -> 1 | AA12: =IF(Z12=1,SUM($Z$5:$Z12),"") -> 3
A13: - | B13: 長家 | C13: 義大利麵 | D13: 剝皮辣椒細扁麵 | E13: 義麵-剝皮辣椒奶醬 | F13: 55 | G13: 公克 | H13: 79 | O13: V | U13: =IF($E13="","",COUNTIF($I13:$S13,"V")) -> 1 | V13: =IF($E13="","",IF(AND($T13="V",$U13>0),"⚠ 勾選矛盾",IF($T13="V","○ 免調理",IF($U13=0,"⚠ 資料缺漏",IF($U13=1,"▲ 單一設備依賴","OK"))))) -> ▲ 單一設備依賴 | W13: =IF($E13="","",IF(AND($T13="V",$U13>0),"「無使用調理設備」不可與設備欄同時勾選，請擇一修正",IF($T13="V","免調理半成品（外購/僅切配等），不列入設備風險評估",IF($U13=0,"未勾選任何設備，請補填或勾選「無使用調理設備」",IF($U13=1,"僅依賴1台設備，須確認故障/排修時之備援製程","無異常"))))) -> 僅依賴1台設備，須確認故障/排修時之備援製程 | Z13: =IF($D13="",0,IF(COUNTIF($D$5:$D13,$D13)=1,1,0)) -> 0 | AA13: =IF(Z13=1,SUM($Z$5:$Z13),"")
A14: - | B14: 長家 | C14: 義大利麵 | D14: 剝皮辣椒細扁麵 | E14: 煮Pazar細扁麵(冷凍) | F14: 120 | G14: 公克 | H14: 209 | J14: V | U14: =IF($E14="","",COUNTIF($I14:$S14,"V")) -> 1 | V14: =IF($E14="","",IF(AND($T14="V",$U14>0),"⚠ 勾選矛盾",IF($T14="V","○ 免調理",IF($U14=0,"⚠ 資料缺漏",IF($U14=1,"▲ 單一設備依賴","OK"))))) -> ▲ 單一設備依賴 | W14: =IF($E14="","",IF(AND($T14="V",$U14>0),"「無使用調理設備」不可與設備欄同時勾選，請擇一修正",IF($T14="V","免調理半成品（外購/僅切配等），不列入設備風險評估",IF($U14=0,"未勾選任何設備，請補填或勾選「無使用調理設備」",IF($U14=1,"僅依賴1台設備，須確認故障/排修時之備援製程","無異常"))))) -> 僅依賴1台設備，須確認故障/排修時之備援製程 | Z14: =IF($D14="",0,IF(COUNTIF($D$5:$D14,$D14)=1,1,0)) -> 0 | AA14: =IF(Z14=1,SUM($Z$5:$Z14),"")
A15: - | B15: 長家 | C15: 義大利麵 | D15: 清炒蛤蜊義大利麵 | E15: 義麵-海鮮湯凍(113年) | F15: 50 | G15: 公克 | H15: 76 | O15: V | U15: =IF($E15="","",COUNTIF($I15:$S15,"V")) -> 1 | V15: =IF($E15="","",IF(AND($T15="V",$U15>0),"⚠ 勾選矛盾",IF($T15="V","○ 免調理",IF($U15=0,"⚠ 資料缺漏",IF($U15=1,"▲ 單一設備依賴","OK"))))) -> ▲ 單一設備依賴 | W15: =IF($E15="","",IF(AND($T15="V",$U15>0),"「無使用調理設備」不可與設備欄同時勾選，請擇一修正",IF($T15="V","免調理半成品（外購/僅切配等），不列入設備風險評估",IF($U15=0,"未勾選任何設備，請補填或勾選「無使用調理設備」",IF($U15=1,"僅依賴1台設備，須確認故障/排修時之備援製程","無異常"))))) -> 僅依賴1台設備，須確認故障/排修時之備援製程 | Z15: =IF($D15="",0,IF(COUNTIF($D$5:$D15,$D15)=1,1,0)) -> 1 | AA15: =IF(Z15=1,SUM($Z$5:$Z15),"") -> 4
A16: - | B16: 長家 | C16: 義大利麵 | D16: 清炒蛤蜊義大利麵 | E16: 蒸蛤蜊-肉(112年) | F16: 8 | G16: 公克 | H16: 40 | M16: V | U16: =IF($E16="","",COUNTIF($I16:$S16,"V")) -> 1 | V16: =IF($E16="","",IF(AND($T16="V",$U16>0),"⚠ 勾選矛盾",IF($T16="V","○ 免調理",IF($U16=0,"⚠ 資料缺漏",IF($U16=1,"▲ 單一設備依賴","OK"))))) -> ▲ 單一設備依賴 | W16: =IF($E16="","",IF(AND($T16="V",$U16>0),"「無使用調理設備」不可與設備欄同時勾選，請擇一修正",IF($T16="V","免調理半成品（外購/僅切配等），不列入設備風險評估",IF($U16=0,"未勾選任何設備，請補填或勾選「無使用調理設備」",IF($U16=1,"僅依賴1台設備，須確認故障/排修時之備援製程","無異常"))))) -> 僅依賴1台設備，須確認故障/排修時之備援製程 | Z16: =IF($D16="",0,IF(COUNTIF($D$5:$D16,$D16)=1,1,0)) -> 0 | AA16: =IF(Z16=1,SUM($Z$5:$Z16),"")
A17: - | B17: 長家 | C17: 義大利麵 | D17: 清炒蛤蜊義大利麵 | E17: 煮日製1.4義大利麵(冷凍) | F17: 120 | G17: 公克 | H17: 190 | J17: V | U17: =IF($E17="","",COUNTIF($I17:$S17,"V")) -> 1 | V17: =IF($E17="","",IF(AND($T17="V",$U17>0),"⚠ 勾選矛盾",IF($T17="V","○ 免調理",IF($U17=0,"⚠ 資料缺漏",IF($U17=1,"▲ 單一設備依賴","OK"))))) -> ▲ 單一設備依賴 | W17: =IF($E17="","",IF(AND($T17="V",$U17>0),"「無使用調理設備」不可與設備欄同時勾選，請擇一修正",IF($T17="V","免調理半成品（外購/僅切配等），不列入設備風險評估",IF($U17=0,"未勾選任何設備，請補填或勾選「無使用調理設備」",IF($U17=1,"僅依賴1台設備，須確認故障/排修時之備援製程","無異常"))))) -> 僅依賴1台設備，須確認故障/排修時之備援製程 | Z17: =IF($D17="",0,IF(COUNTIF($D$5:$D17,$D17)=1,1,0)) -> 0 | AA17: =IF(Z17=1,SUM($Z$5:$Z17),"")
A18: 下架 | B18: 長家 | C18: 義大利麵 | D18: 經典肉醬義大利麵 | E18: 冷凍義麵-肉醬 | F18: 100 | G18: 公克 | H18: 63 | O18: V | U18: =IF($E18="","",COUNTIF($I18:$S18,"V")) -> 1 | V18: =IF($E18="","",IF(AND($T18="V",$U18>0),"⚠ 勾選矛盾",IF($T18="V","○ 免調理",IF($U18=0,"⚠ 資料缺漏",IF($U18=1,"▲ 單一設備依賴","OK"))))) -> ▲ 單一設備依賴 | W18: =IF($E18="","",IF(AND($T18="V",$U18>0),"「無使用調理設備」不可與設備欄同時勾選，請擇一修正",IF($T18="V","免調理半成品（外購/僅切配等），不列入設備風險評估",IF($U18=0,"未勾選任何設備，請補填或勾選「無使用調理設備」",IF($U18=1,"僅依賴1台設備，須確認故障/排修時之備援製程","無異常"))))) -> 僅依賴1台設備，須確認故障/排修時之備援製程 | Z18: =IF($D18="",0,IF(COUNTIF($D$5:$D18,$D18)=1,1,0)) -> 1 | AA18: =IF(Z18=1,SUM($Z$5:$Z18),"") -> 5
A19: 下架 | B19: 長家 | C19: 義大利麵 | D19: 經典肉醬義大利麵 | E19: 煮日製義大利麵(冷凍) | F19: 120 | G19: 公克 | H19: 229 | J19: V | U19: =IF($E19="","",COUNTIF($I19:$S19,"V")) -> 1 | V19: =IF($E19="","",IF(AND($T19="V",$U19>0),"⚠ 勾選矛盾",IF($T19="V","○ 免調理",IF($U19=0,"⚠ 資料缺漏",IF($U19=1,"▲ 單一設備依賴","OK"))))) -> ▲ 單一設備依賴 | W19: =IF($E19="","",IF(AND($T19="V",$U19>0),"「無使用調理設備」不可與設備欄同時勾選，請擇一修正",IF($T19="V","免調理半成品（外購/僅切配等），不列入設備風險評估",IF($U19=0,"未勾選任何設備，請補填或勾選「無使用調理設備」",IF($U19=1,"僅依賴1台設備，須確認故障/排修時之備援製程","無異常"))))) -> 僅依賴1台設備，須確認故障/排修時之備援製程 | Z19: =IF($D19="",0,IF(COUNTIF($D$5:$D19,$D19)=1,1,0)) -> 0 | AA19: =IF(Z19=1,SUM($Z$5:$Z19),"")
A20: - | B20: 長家 | C20: 義大利麵 | D20: 辣蕃茄義大利麵 | E20: 冷凍義麵-辣蕃茄調理醬 | F20: 80 | G20: 公克 | H20: 51 | O20: V | U20: =IF($E20="","",COUNTIF($I20:$S20,"V")) -> 1 | V20: =IF($E20="","",IF(AND($T20="V",$U20>0),"⚠ 勾選矛盾",IF($T20="V","○ 免調理",IF($U20=0,"⚠ 資料缺漏",IF($U20=1,"▲ 單一設備依賴","OK"))))) -> ▲ 單一設備依賴 | W20: =IF($E20="","",IF(AND($T20="V",$U20>0),"「無使用調理設備」不可與設備欄同時勾選，請擇一修正",IF($T20="V","免調理半成品（外購/僅切配等），不列入設備風險評估",IF($U20=0,"未勾選任何設備，請補填或勾選「無使用調理設備」",IF($U20=1,"僅依賴1台設備，須確認故障/排修時之備援製程","無異常"))))) -> 僅依賴1台設備，須確認故障/排修時之備援製程 | Z20: =IF($D20="",0,IF(COUNTIF($D$5:$D20,$D20)=1,1,0)) -> 1 | AA20: =IF(Z20=1,SUM($Z$5:$Z20),"") -> 6
A21: - | B21: 長家 | C21: 義大利麵 | D21: 辣蕃茄義大利麵 | E21: 瀝-煮蕃茄丁 | F21: 12 | G21: 公克 | H21: 48 | O21: V | U21: =IF($E21="","",COUNTIF($I21:$S21,"V")) -> 1 | V21: =IF($E21="","",IF(AND($T21="V",$U21>0),"⚠ 勾選矛盾",IF($T21="V","○ 免調理",IF($U21=0,"⚠ 資料缺漏",IF($U21=1,"▲ 單一設備依賴","OK"))))) -> ▲ 單一設備依賴 | W21: =IF($E21="","",IF(AND($T21="V",$U21>0),"「無使用調理設備」不可與設備欄同時勾選，請擇一修正",IF($T21="V","免調理半成品（外購/僅切配等），不列入設備風險評估",IF($U21=0,"未勾選任何設備，請補填或勾選「無使用調理設備」",IF($U21=1,"僅依賴1台設備，須確認故障/排修時之備援製程","無異常"))))) -> 僅依賴1台設備，須確認故障/排修時之備援製程 | Z21: =IF($D21="",0,IF(COUNTIF($D$5:$D21,$D21)=1,1,0)) -> 0 | AA21: =IF(Z21=1,SUM($Z$5:$Z21),"")
A22: - | B22: 長家 | C22: 義大利麵 | D22: 辣蕃茄義大利麵 | E22: (V)炒-醃漬蕃茄 | F22: 6 | G22: 公克 | H22: 70 | O22: V | U22: =IF($E22="","",COUNTIF($I22:$S22,"V")) -> 1 | V22: =IF($E22="","",IF(AND($T22="V",$U22>0),"⚠ 勾選矛盾",IF($T22="V","○ 免調理",IF($U22=0,"⚠ 資料缺漏",IF($U22=1,"▲ 單一設備依賴","OK"))))) -> ▲ 單一設備依賴 | W22: =IF($E22="","",IF(AND($T22="V",$U22>0),"「無使用調理設備」不可與設備欄同時勾選，請擇一修正",IF($T22="V","免調理半成品（外購/僅切配等），不列入設備風險評估",IF($U22=0,"未勾選任何設備，請補填或勾選「無使用調理設備」",IF($U22=1,"僅依賴1台設備，須確認故障/排修時之備援製程","無異常"))))) -> 僅依賴1台設備，須確認故障/排修時之備援製程 | Z22: =IF($D22="",0,IF(COUNTIF($D$5:$D22,$D22)=1,1,0)) -> 0 | AA22: =IF(Z22=1,SUM($Z$5:$Z22),"")
A23: - | B23: 長家 | C23: 義大利麵 | D23: 辣蕃茄義大利麵 | E23: 煮日製義大利麵(冷凍) | F23: 120 | G23: 公克 | H23: 235 | J23: V | U23: =IF($E23="","",COUNTIF($I23:$S23,"V")) -> 1 | V23: =IF($E23="","",IF(AND($T23="V",$U23>0),"⚠ 勾選矛盾",IF($T23="V","○ 免調理",IF($U23=0,"⚠ 資料缺漏",IF($U23=1,"▲ 單一設備依賴","OK"))))) -> ▲ 單一設備依賴 | W23: =IF($E23="","",IF(AND($T23="V",$U23>0),"「無使用調理設備」不可與設備欄同時勾選，請擇一修正",IF($T23="V","免調理半成品（外購/僅切配等），不列入設備風險評估",IF($U23=0,"未勾選任何設備，請補填或勾選「無使用調理設備」",IF($U23=1,"僅依賴1台設備，須確認故障/排修時之備援製程","無異常"))))) -> 僅依賴1台設備，須確認故障/排修時之備援製程 | Z23: =IF($D23="",0,IF(COUNTIF($D$5:$D23,$D23)=1,1,0)) -> 0 | AA23: =IF(Z23=1,SUM($Z$5:$Z23),"")
A24: - | B24: 長家 | C24: 義大利麵 | D24: 濃郁牛肉肉醬義大利麵 | E24: 義麵-濃郁牛肉醬 | F24: 70 | G24: 公克 | H24: 70 | O24: V | U24: =IF($E24="","",COUNTIF($I24:$S24,"V")) -> 1 | V24: =IF($E24="","",IF(AND($T24="V",$U24>0),"⚠ 勾選矛盾",IF($T24="V","○ 免調理",IF($U24=0,"⚠ 資料缺漏",IF($U24=1,"▲ 單一設備依賴","OK"))))) -> ▲ 單一設備依賴 | W24: =IF($E24="","",IF(AND($T24="V",$U24>0),"「無使用調理設備」不可與設備欄同時勾選，請擇一修正",IF($T24="V","免調理半成品（外購/僅切配等），不列入設備風險評估",IF($U24=0,"未勾選任何設備，請補填或勾選「無使用調理設備」",IF($U24=1,"僅依賴1台設備，須確認故障/排修時之備援製程","無異常"))))) -> 僅依賴1台設備，須確認故障/排修時之備援製程 | Z24: =IF($D24="",0,IF(COUNTIF($D$5:$D24,$D24)=1,1,0)) -> 1 | AA24: =IF(Z24=1,SUM($Z$5:$Z24),"") -> 7
A25: - | B25: 長家 | C25: 義大利麵 | D25: 濃郁牛肉肉醬義大利麵 | E25: 煮日製義大利麵(冷凍) | F25: 120 | G25: 公克 | H25: 229 | J25: V | U25: =IF($E25="","",COUNTIF($I25:$S25,"V")) -> 1 | V25: =IF($E25="","",IF(AND($T25="V",$U25>0),"⚠ 勾選矛盾",IF($T25="V","○ 免調理",IF($U25=0,"⚠ 資料缺漏",IF($U25=1,"▲ 單一設備依賴","OK"))))) -> ▲ 單一設備依賴 | W25: =IF($E25="","",IF(AND($T25="V",$U25>0),"「無使用調理設備」不可與設備欄同時勾選，請擇一修正",IF($T25="V","免調理半成品（外購/僅切配等），不列入設備風險評估",IF($U25=0,"未勾選任何設備，請補填或勾選「無使用調理設備」",IF($U25=1,"僅依賴1台設備，須確認故障/排修時之備援製程","無異常"))))) -> 僅依賴1台設備，須確認故障/排修時之備援製程 | Z25: =IF($D25="",0,IF(COUNTIF($D$5:$D25,$D25)=1,1,0)) -> 0 | AA25: =IF(Z25=1,SUM($Z$5:$Z25),"")
A26: - | B26: 長家 | C26: 義大利麵 | D26: 韓式起司義大利麵 | E26: 韓式辣奶油醬 | F26: 85 | G26: 公克 | H26: 44 | O26: V | U26: =IF($E26="","",COUNTIF($I26:$S26,"V")) -> 1 | V26: =IF($E26="","",IF(AND($T26="V",$U26>0),"⚠ 勾選矛盾",IF($T26="V","○ 免調理",IF($U26=0,"⚠ 資料缺漏",IF($U26=1,"▲ 單一設備依賴","OK"))))) -> ▲ 單一設備依賴 | W26: =IF($E26="","",IF(AND($T26="V",$U26>0),"「無使用調理設備」不可與設備欄同時勾選，請擇一修正",IF($T26="V","免調理半成品（外購/僅切配等），不列入設備風險評估",IF($U26=0,"未勾選任何設備，請補填或勾選「無使用調理設備」",IF($U26=1,"僅依賴1台設備，須確認故障/排修時之備援製程","無異常"))))) -> 僅依賴1台設備，須確認故障/排修時之備援製程 | Z26: =IF($D26="",0,IF(COUNTIF($D$5:$D26,$D26)=1,1,0)) -> 1 | AA26: =IF(Z26=1,SUM($Z$5:$Z26),"") -> 8
A27: - | B27: 長家 | C27: 義大利麵 | D27: 韓式起司義大利麵 | E27: 鮮食雙色起司絲 | F27: 15 | G27: 公克 | H27: 100 | T27: V | U27: =IF($E27="","",COUNTIF($I27:$S27,"V")) -> 0 | V27: =IF($E27="","",IF(AND($T27="V",$U27>0),"⚠ 勾選矛盾",IF($T27="V","○ 免調理",IF($U27=0,"⚠ 資料缺漏",IF($U27=1,"▲ 單一設備依賴","OK"))))) -> ○ 免調理 | W27: =IF($E27="","",IF(AND($T27="V",$U27>0),"「無使用調理設備」不可與設備欄同時勾選，請擇一修正",IF($T27="V","免調理半成品（外購/僅切配等），不列入設備風險評估",IF($U27=0,"未勾選任何設備，請補填或勾選「無使用調理設備」",IF($U27=1,"僅依賴1台設備，須確認故障/排修時之備援製程","無異常"))))) -> 免調理半成品（外購/僅切配等），不列入設備風險評估 | Z27: =IF($D27="",0,IF(COUNTIF($D$5:$D27,$D27)=1,1,0)) -> 0 | AA27: =IF(Z27=1,SUM($Z$5:$Z27),"")
A28: - | B28: 長家 | C28: 義大利麵 | D28: 韓式起司義大利麵 | E28: 煮日製義大利麵(冷凍) | F28: 120 | G28: 公克 | H28: 235 | J28: V | U28: =IF($E28="","",COUNTIF($I28:$S28,"V")) -> 1 | V28: =IF($E28="","",IF(AND($T28="V",$U28>0),"⚠ 勾選矛盾",IF($T28="V","○ 免調理",IF($U28=0,"⚠ 資料缺漏",IF($U28=1,"▲ 單一設備依賴","OK"))))) -> ▲ 單一設備依賴 | W28: =IF($E28="","",IF(AND($T28="V",$U28>0),"「無使用調理設備」不可與設備欄同時勾選，請擇一修正",IF($T28="V","免調理半成品（外購/僅切配等），不列入設備風險評估",IF($U28=0,"未勾選任何設備，請補填或勾選「無使用調理設備」",IF($U28=1,"僅依賴1台設備，須確認故障/排修時之備援製程","無異常"))))) -> 僅依賴1台設備，須確認故障/排修時之備援製程 | Z28: =IF($D28="",0,IF(COUNTIF($D$5:$D28,$D28)=1,1,0)) -> 0 | AA28: =IF(Z28=1,SUM($Z$5:$Z28),"")
A29: - | B29: 長家 | C29: 義大利麵 | D29: (冷凍)黑松露野菇義大利麵 | E29: (V)冷凍義麵-松露野菇白醬 | F29: 55 | G29: 公克 | H29: 79 | O29: V | U29: =IF($E29="","",COUNTIF($I29:$S29,"V")) -> 1 | V29: =IF($E29="","",IF(AND($T29="V",$U29>0),"⚠ 勾選矛盾",IF($T29="V","○ 免調理",IF($U29=0,"⚠ 資料缺漏",IF($U29=1,"▲ 單一設備依賴","OK"))))) -> ▲ 單一設備依賴 | W29: =IF($E29="","",IF(AND($T29="V",$U29>0),"「無使用調理設備」不可與設備欄同時勾選，請擇一修正",IF($T29="V","免調理半成品（外購/僅切配等），不列入設備風險評估",IF($U29=0,"未勾選任何設備，請補填或勾選「無使用調理設備」",IF($U29=1,"僅依賴1台設備，須確認故障/排修時之備援製程","無異常"))))) -> 僅依賴1台設備，須確認故障/排修時之備援製程 | X29: 1150826(冷凍)-(奶)黑松露野菇義大利麵.確認版-A01.xlsx | Y29: 莊子儀 | Z29: =IF($D29="",0,IF(COUNTIF($D$5:$D29,$D29)=1,1,0)) -> 1 | AA29: =IF(Z29=1,SUM($Z$5:$Z29),"") -> 9
A30: - | B30: 長家 | C30: 義大利麵 | D30: (冷凍)黑松露野菇義大利麵 | E30: (V)炒切片杏鮑菇(115年) | F30: 6 | G30: 公克 | H30: 68 | O30: V | U30: =IF($E30="","",COUNTIF($I30:$S30,"V")) -> 1 | V30: =IF($E30="","",IF(AND($T30="V",$U30>0),"⚠ 勾選矛盾",IF($T30="V","○ 免調理",IF($U30=0,"⚠ 資料缺漏",IF($U30=1,"▲ 單一設備依賴","OK"))))) -> ▲ 單一設備依賴 | W30: =IF($E30="","",IF(AND($T30="V",$U30>0),"「無使用調理設備」不可與設備欄同時勾選，請擇一修正",IF($T30="V","免調理半成品（外購/僅切配等），不列入設備風險評估",IF($U30=0,"未勾選任何設備，請補填或勾選「無使用調理設備」",IF($U30=1,"僅依賴1台設備，須確認故障/排修時之備援製程","無異常"))))) -> 僅依賴1台設備，須確認故障/排修時之備援製程 | X30: 1150826(冷凍)-(奶)黑松露野菇義大利麵.確認版-A01.xlsx | Y30: 莊子儀 | Z30: =IF($D30="",0,IF(COUNTIF($D$5:$D30,$D30)=1,1,0)) -> 0 | AA30: =IF(Z30=1,SUM($Z$5:$Z30),"")
A31: - | B31: 長家 | C31: 義大利麵 | D31: (冷凍)黑松露野菇義大利麵 | E31: (V)炒洋菇片 | F31: 8 | G31: 公克 | H31: 74 | O31: V | U31: =IF($E31="","",COUNTIF($I31:$S31,"V")) -> 1 | V31: =IF($E31="","",IF(AND($T31="V",$U31>0),"⚠ 勾選矛盾",IF($T31="V","○ 免調理",IF($U31=0,"⚠ 資料缺漏",IF($U31=1,"▲ 單一設備依賴","OK"))))) -> ▲ 單一設備依賴 | W31: =IF($E31="","",IF(AND($T31="V",$U31>0),"「無使用調理設備」不可與設備欄同時勾選，請擇一修正",IF($T31="V","免調理半成品（外購/僅切配等），不列入設備風險評估",IF($U31=0,"未勾選任何設備，請補填或勾選「無使用調理設備」",IF($U31=1,"僅依賴1台設備，須確認故障/排修時之備援製程","無異常"))))) -> 僅依賴1台設備，須確認故障/排修時之備援製程 | X31: 1150826(冷凍)-(奶)黑松露野菇義大利麵.確認版-A01.xlsx | Y31: 莊子儀 | Z31: =IF($D31="",0,IF(COUNTIF($D$5:$D31,$D31)=1,1,0)) -> 0 | AA31: =IF(Z31=1,SUM($Z$5:$Z31),"")
A32: - | B32: 長家 | C32: 義大利麵 | D32: (冷凍)黑松露野菇義大利麵 | E32: 拆罐-Coccia素松露醬 | F32: 1 | G32: 公克 | H32: 90 | T32: V | U32: =IF($E32="","",COUNTIF($I32:$S32,"V")) -> 0 | V32: =IF($E32="","",IF(AND($T32="V",$U32>0),"⚠ 勾選矛盾",IF($T32="V","○ 免調理",IF($U32=0,"⚠ 資料缺漏",IF($U32=1,"▲ 單一設備依賴","OK"))))) -> ○ 免調理 | W32: =IF($E32="","",IF(AND($T32="V",$U32>0),"「無使用調理設備」不可與設備欄同時勾選，請擇一修正",IF($T32="V","免調理半成品（外購/僅切配等），不列入設備風險評估",IF($U32=0,"未勾選任何設備，請補填或勾選「無使用調理設備」",IF($U32=1,"僅依賴1台設備，須確認故障/排修時之備援製程","無異常"))))) -> 免調理半成品（外購/僅切配等），不列入設備風險評估 | X32: 1150826(冷凍)-(奶)黑松露野菇義大利麵.確認版-A01.xlsx | Y32: 莊子儀 | Z32: =IF($D32="",0,IF(COUNTIF($D$5:$D32,$D32)=1,1,0)) -> 0 | AA32: =IF(Z32=1,SUM($Z$5:$Z32),"")
A33: - | B33: 長家 | C33: 義大利麵 | D33: (冷凍)黑松露野菇義大利麵 | E33: 煮日製義大利麵(冷凍) | F33: 120 | G33: 公克 | H33: 229 | J33: V | U33: =IF($E33="","",COUNTIF($I33:$S33,"V")) -> 1 | V33: =IF($E33="","",IF(AND($T33="V",$U33>0),"⚠ 勾選矛盾",IF($T33="V","○ 免調理",IF($U33=0,"⚠ 資料缺漏",IF($U33=1,"▲ 單一設備依賴","OK"))))) -> ▲ 單一設備依賴 | W33: =IF($E33="","",IF(AND($T33="V",$U33>0),"「無使用調理設備」不可與設備欄同時勾選，請擇一修正",IF($T33="V","免調理半成品（外購/僅切配等），不列入設備風險評估",IF($U33=0,"未勾選任何設備，請補填或勾選「無使用調理設備」",IF($U33=1,"僅依賴1台設備，須確認故障/排修時之備援製程","無異常"))))) -> 僅依賴1台設備，須確認故障/排修時之備援製程 | X33: 1150826(冷凍)-(奶)黑松露野菇義大利麵.確認版-A01.xlsx | Y33: 莊子儀 | Z33: =IF($D33="",0,IF(COUNTIF($D$5:$D33,$D33)=1,1,0)) -> 0 | AA33: =IF(Z33=1,SUM($Z$5:$Z33),"")
U34: =IF($E34="","",COUNTIF($I34:$S34,"V")) | V34: =IF($E34="","",IF(AND($T34="V",$U34>0),"⚠ 勾選矛盾",IF($T34="V","○ 免調理",IF($U34=0,"⚠ 資料缺漏",IF($U34=1,"▲ 單一設備依賴","OK"))))) | W34: =IF($E34="","",IF(AND($T34="V",$U34>0),"「無使用調理設備」不可與設備欄同時勾選，請擇一修正",IF($T34="V","免調理半成品（外購/僅切配等），不列入設備風險評估",IF($U34=0,"未勾選任何設備，請補填或勾選「無使用調理設備」",IF($U34=1,"僅依賴1台設備，須確認故障/排修時之備援製程","無異常"))))) | Z34: =IF($D34="",0,IF(COUNTIF($D$5:$D34,$D34)=1,1,0)) -> 0 | AA34: =IF(Z34=1,SUM($Z$5:$Z34),"")
U35: =IF($E35="","",COUNTIF($I35:$S35,"V")) | V35: =IF($E35="","",IF(AND($T35="V",$U35>0),"⚠ 勾選矛盾",IF($T35="V","○ 免調理",IF($U35=0,"⚠ 資料缺漏",IF($U35=1,"▲ 單一設備依賴","OK"))))) | W35: =IF($E35="","",IF(AND($T35="V",$U35>0),"「無使用調理設備」不可與設備欄同時勾選，請擇一修正",IF($T35="V","免調理半成品（外購/僅切配等），不列入設備風險評估",IF($U35=0,"未勾選任何設備，請補填或勾選「無使用調理設備」",IF($U35=1,"僅依賴1台設備，須確認故障/排修時之備援製程","無異常"))))) | Z35: =IF($D35="",0,IF(COUNTIF($D$5:$D35,$D35)=1,1,0)) -> 0 | AA35: =IF(Z35=1,SUM($Z$5:$Z35),"")
U36: =IF($E36="","",COUNTIF($I36:$S36,"V")) | V36: =IF($E36="","",IF(AND($T36="V",$U36>0),"⚠ 勾選矛盾",IF($T36="V","○ 免調理",IF($U36=0,"⚠ 資料缺漏",IF($U36=1,"▲ 單一設備依賴","OK"))))) | W36: =IF($E36="","",IF(AND($T36="V",$U36>0),"「無使用調理設備」不可與設備欄同時勾選，請擇一修正",IF($T36="V","免調理半成品（外購/僅切配等），不列入設備風險評估",IF($U36=0,"未勾選任何設備，請補填或勾選「無使用調理設備」",IF($U36=1,"僅依賴1台設備，須確認故障/排修時之備援製程","無異常"))))) | Z36: =IF($D36="",0,IF(COUNTIF($D$5:$D36,$D36)=1,1,0)) -> 0 | AA36: =IF(Z36=1,SUM($Z$5:$Z36),"")
U37: =IF($E37="","",COUNTIF($I37:$S37,"V")) | V37: =IF($E37="","",IF(AND($T37="V",$U37>0),"⚠ 勾選矛盾",IF($T37="V","○ 免調理",IF($U37=0,"⚠ 資料缺漏",IF($U37=1,"▲ 單一設備依賴","OK"))))) | W37: =IF($E37="","",IF(AND($T37="V",$U37>0),"「無使用調理設備」不可與設備欄同時勾選，請擇一修正",IF($T37="V","免調理半成品（外購/僅切配等），不列入設備風險評估",IF($U37=0,"未勾選任何設備，請補填或勾選「無使用調理設備」",IF($U37=1,"僅依賴1台設備，須確認故障/排修時之備援製程","無異常"))))) | Z37: =IF($D37="",0,IF(COUNTIF($D$5:$D37,$D37)=1,1,0)) -> 0 | AA37: =IF(Z37=1,SUM($Z$5:$Z37),"")
U38: =IF($E38="","",COUNTIF($I38:$S38,"V")) | V38: =IF($E38="","",IF(AND($T38="V",$U38>0),"⚠ 勾選矛盾",IF($T38="V","○ 免調理",IF($U38=0,"⚠ 資料缺漏",IF($U38=1,"▲ 單一設備依賴","OK"))))) | W38: =IF($E38="","",IF(AND($T38="V",$U38>0),"「無使用調理設備」不可與設備欄同時勾選，請擇一修正",IF($T38="V","免調理半成品（外購/僅切配等），不列入設備風險評估",IF($U38=0,"未勾選任何設備，請補填或勾選「無使用調理設備」",IF($U38=1,"僅依賴1台設備，須確認故障/排修時之備援製程","無異常"))))) | Z38: =IF($D38="",0,IF(COUNTIF($D$5:$D38,$D38)=1,1,0)) -> 0 | AA38: =IF(Z38=1,SUM($Z$5:$Z38),"")
U39: =IF($E39="","",COUNTIF($I39:$S39,"V")) | V39: =IF($E39="","",IF(AND($T39="V",$U39>0),"⚠ 勾選矛盾",IF($T39="V","○ 免調理",IF($U39=0,"⚠ 資料缺漏",IF($U39=1,"▲ 單一設備依賴","OK"))))) | W39: =IF($E39="","",IF(AND($T39="V",$U39>0),"「無使用調理設備」不可與設備欄同時勾選，請擇一修正",IF($T39="V","免調理半成品（外購/僅切配等），不列入設備風險評估",IF($U39=0,"未勾選任何設備，請補填或勾選「無使用調理設備」",IF($U39=1,"僅依賴1台設備，須確認故障/排修時之備援製程","無異常"))))) | Z39: =IF($D39="",0,IF(COUNTIF($D$5:$D39,$D39)=1,1,0)) -> 0 | AA39: =IF(Z39=1,SUM($Z$5:$Z39),"")
U40: =IF($E40="","",COUNTIF($I40:$S40,"V")) | V40: =IF($E40="","",IF(AND($T40="V",$U40>0),"⚠ 勾選矛盾",IF($T40="V","○ 免調理",IF($U40=0,"⚠ 資料缺漏",IF($U40=1,"▲ 單一設備依賴","OK"))))) | W40: =IF($E40="","",IF(AND($T40="V",$U40>0),"「無使用調理設備」不可與設備欄同時勾選，請擇一修正",IF($T40="V","免調理半成品（外購/僅切配等），不列入設備風險評估",IF($U40=0,"未勾選任何設備，請補填或勾選「無使用調理設備」",IF($U40=1,"僅依賴1台設備，須確認故障/排修時之備援製程","無異常"))))) | Z40: =IF($D40="",0,IF(COUNTIF($D$5:$D40,$D40)=1,1,0)) -> 0 | AA40: =IF(Z40=1,SUM($Z$5:$Z40),"")
U41: =IF($E41="","",COUNTIF($I41:$S41,"V")) | V41: =IF($E41="","",IF(AND($T41="V",$U41>0),"⚠ 勾選矛盾",IF($T41="V","○ 免調理",IF($U41=0,"⚠ 資料缺漏",IF($U41=1,"▲ 單一設備依賴","OK"))))) | W41: =IF($E41="","",IF(AND($T41="V",$U41>0),"「無使用調理設備」不可與設備欄同時勾選，請擇一修正",IF($T41="V","免調理半成品（外購/僅切配等），不列入設備風險評估",IF($U41=0,"未勾選任何設備，請補填或勾選「無使用調理設備」",IF($U41=1,"僅依賴1台設備，須確認故障/排修時之備援製程","無異常"))))) | Z41: =IF($D41="",0,IF(COUNTIF($D$5:$D41,$D41)=1,1,0)) -> 0 | AA41: =IF(Z41=1,SUM($Z$5:$Z41),"")
U42: =IF($E42="","",COUNTIF($I42:$S42,"V")) | V42: =IF($E42="","",IF(AND($T42="V",$U42>0),"⚠ 勾選矛盾",IF($T42="V","○ 免調理",IF($U42=0,"⚠ 資料缺漏",IF($U42=1,"▲ 單一設備依賴","OK"))))) | W42: =IF($E42="","",IF(AND($T42="V",$U42>0),"「無使用調理設備」不可與設備欄同時勾選，請擇一修正",IF($T42="V","免調理半成品（外購/僅切配等），不列入設備風險評估",IF($U42=0,"未勾選任何設備，請補填或勾選「無使用調理設備」",IF($U42=1,"僅依賴1台設備，須確認故障/排修時之備援製程","無異常"))))) | Z42: =IF($D42="",0,IF(COUNTIF($D$5:$D42,$D42)=1,1,0)) -> 0 | AA42: =IF(Z42=1,SUM($Z$5:$Z42),"")
U43: =IF($E43="","",COUNTIF($I43:$S43,"V")) | V43: =IF($E43="","",IF(AND($T43="V",$U43>0),"⚠ 勾選矛盾",IF($T43="V","○ 免調理",IF($U43=0,"⚠ 資料缺漏",IF($U43=1,"▲ 單一設備依賴","OK"))))) | W43: =IF($E43="","",IF(AND($T43="V",$U43>0),"「無使用調理設備」不可與設備欄同時勾選，請擇一修正",IF($T43="V","免調理半成品（外購/僅切配等），不列入設備風險評估",IF($U43=0,"未勾選任何設備，請補填或勾選「無使用調理設備」",IF($U43=1,"僅依賴1台設備，須確認故障/排修時之備援製程","無異常"))))) | Z43: =IF($D43="",0,IF(COUNTIF($D$5:$D43,$D43)=1,1,0)) -> 0 | AA43: =IF(Z43=1,SUM($Z$5:$Z43),"")
U44: =IF($E44="","",COUNTIF($I44:$S44,"V")) | V44: =IF($E44="","",IF(AND($T44="V",$U44>0),"⚠ 勾選矛盾",IF($T44="V","○ 免調理",IF($U44=0,"⚠ 資料缺漏",IF($U44=1,"▲ 單一設備依賴","OK"))))) | W44: =IF($E44="","",IF(AND($T44="V",$U44>0),"「無使用調理設備」不可與設備欄同時勾選，請擇一修正",IF($T44="V","免調理半成品（外購/僅切配等），不列入設備風險評估",IF($U44=0,"未勾選任何設備，請補填或勾選「無使用調理設備」",IF($U44=1,"僅依賴1台設備，須確認故障/排修時之備援製程","無異常"))))) | Z44: =IF($D44="",0,IF(COUNTIF($D$5:$D44,$D44)=1,1,0)) -> 0 | AA44: =IF(Z44=1,SUM($Z$5:$Z44),"")
U45: =IF($E45="","",COUNTIF($I45:$S45,"V")) | V45: =IF($E45="","",IF(AND($T45="V",$U45>0),"⚠ 勾選矛盾",IF($T45="V","○ 免調理",IF($U45=0,"⚠ 資料缺漏",IF($U45=1,"▲ 單一設備依賴","OK"))))) | W45: =IF($E45="","",IF(AND($T45="V",$U45>0),"「無使用調理設備」不可與設備欄同時勾選，請擇一修正",IF($T45="V","免調理半成品（外購/僅切配等），不列入設備風險評估",IF($U45=0,"未勾選任何設備，請補填或勾選「無使用調理設備」",IF($U45=1,"僅依賴1台設備，須確認故障/排修時之備援製程","無異常"))))) | Z45: =IF($D45="",0,IF(COUNTIF($D$5:$D45,$D45)=1,1,0)) -> 0 | AA45: =IF(Z45=1,SUM($Z$5:$Z45),"")
... U304: =IF($E304="","",COUNTIF($I304:$S304,"V")) | V304: =IF($E304="","",IF(AND($T304="V",$U304>0),"⚠ 勾選矛盾",IF($T304="V","○ 免調理",IF($U304=0,"⚠ 資料缺漏",IF($U304=1,"▲ 單一設備依賴","OK"))))) | W304: =IF($E304="","",IF(AND($T304="V",$U304>0),"「無使用調理設備」不可與設備欄同時勾選，請擇一修正",IF($T304="V","免調理半成品（外購/僅切配等），不列入設備風險評估",IF($U304=0,"未勾選任何設備，請補填或勾選「無使用調理設備」",IF($U304=1,"僅依賴1台設備，須確認故障/排修時之備援製程","無異常"))))) | Z304: =IF($D304="",0,IF(COUNTIF($D$5:$D304,$D304)=1,1,0)) -> 0 | AA304: =IF(Z304=1,SUM($Z$5:$Z304),"")

Sheet 設備應用統計
B1: 設備應用統計與風險示警（自動跨分頁彙總，僅藍字參數可調整）
B2: 風險門檻參數
B3: 高依賴門檻（佔比 ≥） | C3: 0.3 | D3: 應用半成品數佔全部（五分頁合計）比重達此值 → 高依賴(紅)
B4: 中度關注門檻（佔比 ≥） | C4: 0.15 | D4: 達此值 → 中度關注(黃)
B5: 低使用門檻（半成品數 ≤） | C5: 0 | D5: 應用數為此值以下 → 閒置確認(灰)
B7: 各分頁半成品筆數與資料品質
B8: 分類 | C8: 18℃ | D8: 4℃飯 | E8: 4℃麵 | F8: 4℃其他 | G8: 冷凍品 | H8: 合計
B9: 半成品筆數 | C9: =COUNTA('18℃'!$D$5:$D$304) -> 0 | D9: =COUNTA('4℃飯'!$D$5:$D$304) -> 0 | E9: =COUNTA('4℃麵'!$E$5:$E$292) -> 148 | F9: =COUNTA('4℃其他'!$E$5:$E$304) -> 21 | G9: =COUNTA(冷凍品!$E$5:$E$304) -> 29 | H9: =SUM(C9:G9) -> 198
B10: 資料缺漏筆數 | C10: =COUNTIF('18℃'!$U$5:$U$304,"⚠ 資料缺漏") -> 0 | D10: =COUNTIF('4℃飯'!$U$5:$U$304,"⚠ 資料缺漏") -> 0 | E10: =COUNTIF('4℃麵'!$V$5:$V$292,"⚠ 資料缺漏") -> 0 | F10: =COUNTIF('4℃其他'!$V$5:$V$304,"⚠ 資料缺漏") -> 0 | G10: =COUNTIF(冷凍品!$V$5:$V$304,"⚠ 資料缺漏") -> 0 | H10: =SUM(C10:G10) -> 0
B11: 勾選矛盾筆數 | C11: =COUNTIF('18℃'!$U$5:$U$304,"⚠ 勾選矛盾") -> 0 | D11: =COUNTIF('4℃飯'!$U$5:$U$304,"⚠ 勾選矛盾") -> 0 | E11: =COUNTIF('4℃麵'!$V$5:$V$292,"⚠ 勾選矛盾") -> 0 | F11: =COUNTIF('4℃其他'!$V$5:$V$304,"⚠ 勾選矛盾") -> 0 | G11: =COUNTIF(冷凍品!$V$5:$V$304,"⚠ 勾選矛盾") -> 0 | H11: =SUM(C11:G11) -> 0
B12: 單一設備依賴筆數 | C12: =COUNTIF('18℃'!$U$5:$U$304,"▲ 單一設備依賴") -> 0 | D12: =COUNTIF('4℃飯'!$U$5:$U$304,"▲ 單一設備依賴") -> 0 | E12: =COUNTIF('4℃麵'!$V$5:$V$292,"▲ 單一設備依賴") -> 99 | F12: =COUNTIF('4℃其他'!$V$5:$V$304,"▲ 單一設備依賴") -> 16 | G12: =COUNTIF(冷凍品!$V$5:$V$304,"▲ 單一設備依賴") -> 26 | H12: =SUM(C12:G12) -> 141
B13: 免調理筆數 | C13: =COUNTIF('18℃'!$U$5:$U$304,"○ 免調理") -> 0 | D13: =COUNTIF('4℃飯'!$U$5:$U$304,"○ 免調理") -> 0 | E13: =COUNTIF('4℃麵'!$V$5:$V$292,"○ 免調理") -> 44 | F13: =COUNTIF('4℃其他'!$V$5:$V$304,"○ 免調理") -> 4 | G13: =COUNTIF(冷凍品!$V$5:$V$304,"○ 免調理") -> 3 | H13: =SUM(C13:G13) -> 51
B15: 設備 × 分類 應用半成品數交叉統計與風險示警
B16: 設備名稱 | C16: 18℃ | D16: 4℃飯 | E16: 4℃麵 | F16: 4℃其他 | G16: 冷凍品 | H16: 合計 | I16: 佔全部比重 | J16: 風險等級 | K16: 風險說明 / 建議行動
B17: 炊飯 | C17: =COUNTIF('18℃'!$H$5:$H$304,"V") -> 0 | D17: =COUNTIF('4℃飯'!$H$5:$H$304,"V") -> 0 | E17: =COUNTIF('4℃麵'!$I$5:$I$292,"V") -> 0 | F17: =COUNTIF('4℃其他'!$I$5:$I$304,"V") -> 0 | G17: =COUNTIF(冷凍品!$I$5:$I$304,"V") -> 0 | H17: =SUM(C17:G17) -> 0 | I17: =IF($H$9=0,0,H17/$H$9) -> 0 | J17: =IF(H17<=$C$5,"⬜ 閒置確認",IF(I17>=$C$3,"🔴 高依賴",IF(I17>=$C$4,"🟡 中度關注","🟢 正常"))) -> ⬜ 閒置確認 | K17: =IF(H17<=$C$5,"目前無半成品應用，確認設備是否閒置或盤點未涵蓋",IF(I17>=$C$3,"多數半成品集中依賴此設備，故障影響面大，建議盤點備援製程與保養頻率",IF(I17>=$C$4,"依賴度偏高，建議列入產能與排修監控","無異常"))) -> 目前無半成品應用，確認設備是否閒置或盤點未涵蓋
B18: 煮麵 | C18: =COUNTIF('18℃'!$I$5:$I$304,"V") -> 0 | D18: =COUNTIF('4℃飯'!$I$5:$I$304,"V") -> 0 | E18: =COUNTIF('4℃麵'!$J$5:$J$292,"V") -> 26 | F18: =COUNTIF('4℃其他'!$J$5:$J$304,"V") -> 4 | G18: =COUNTIF(冷凍品!$J$5:$J$304,"V") -> 9 | H18: =SUM(C18:G18) -> 39 | I18: =IF($H$9=0,0,H18/$H$9) -> 0.1969697 | J18: =IF(H18<=$C$5,"⬜ 閒置確認",IF(I18>=$C$3,"🔴 高依賴",IF(I18>=$C$4,"🟡 中度關注","🟢 正常"))) -> 🟡 中度關注 | K18: =IF(H18<=$C$5,"目前無半成品應用，確認設備是否閒置或盤點未涵蓋",IF(I18>=$C$3,"多數半成品集中依賴此設備，故障影響面大，建議盤點備援製程與保養頻率",IF(I18>=$C$4,"依賴度偏高，建議列入產能與排修監控","無異常"))) -> 依賴度偏高，建議列入產能與排修監控
B19: 烤箱 | C19: =COUNTIF('18℃'!$J$5:$J$304,"V") -> 0 | D19: =COUNTIF('4℃飯'!$J$5:$J$304,"V") -> 0 | E19: =COUNTIF('4℃麵'!$K$5:$K$292,"V") -> 12 | F19: =COUNTIF('4℃其他'!$K$5:$K$304,"V") -> 0 | G19: =COUNTIF(冷凍品!$K$5:$K$304,"V") -> 1 | H19: =SUM(C19:G19) -> 13 | I19: =IF($H$9=0,0,H19/$H$9) -> 0.065656566 | J19: =IF(H19<=$C$5,"⬜ 閒置確認",IF(I19>=$C$3,"🔴 高依賴",IF(I19>=$C$4,"🟡 中度關注","🟢 正常"))) -> 🟢 正常 | K19: =IF(H19<=$C$5,"目前無半成品應用，確認設備是否閒置或盤點未涵蓋",IF(I19>=$C$3,"多數半成品集中依賴此設備，故障影響面大，建議盤點備援製程與保養頻率",IF(I19>=$C$4,"依賴度偏高，建議列入產能與排修監控","無異常"))) -> 無異常
B20: 炙燒 | C20: =COUNTIF('18℃'!$K$5:$K$304,"V") -> 0 | D20: =COUNTIF('4℃飯'!$K$5:$K$304,"V") -> 0 | E20: =COUNTIF('4℃麵'!$L$5:$L$292,"V") -> 0 | F20: =COUNTIF('4℃其他'!$L$5:$L$304,"V") -> 0 | G20: =COUNTIF(冷凍品!$L$5:$L$304,"V") -> 0 | H20: =SUM(C20:G20) -> 0 | I20: =IF($H$9=0,0,H20/$H$9) -> 0 | J20: =IF(H20<=$C$5,"⬜ 閒置確認",IF(I20>=$C$3,"🔴 高依賴",IF(I20>=$C$4,"🟡 中度關注","🟢 正常"))) -> ⬜ 閒置確認 | K20: =IF(H20<=$C$5,"目前無半成品應用，確認設備是否閒置或盤點未涵蓋",IF(I20>=$C$3,"多數半成品集中依賴此設備，故障影響面大，建議盤點備援製程與保養頻率",IF(I20>=$C$4,"依賴度偏高，建議列入產能與排修監控","無異常"))) -> 目前無半成品應用，確認設備是否閒置或盤點未涵蓋
B21: 蒸箱 | C21: =COUNTIF('18℃'!$L$5:$L$304,"V") -> 0 | D21: =COUNTIF('4℃飯'!$L$5:$L$304,"V") -> 0 | E21: =COUNTIF('4℃麵'!$M$5:$M$292,"V") -> 7 | F21: =COUNTIF('4℃其他'!$M$5:$M$304,"V") -> 0 | G21: =COUNTIF(冷凍品!$M$5:$M$304,"V") -> 2 | H21: =SUM(C21:G21) -> 9 | I21: =IF($H$9=0,0,H21/$H$9) -> 0.045454545 | J21: =IF(H21<=$C$5,"⬜ 閒置確認",IF(I21>=$C$3,"🔴 高依賴",IF(I21>=$C$4,"🟡 中度關注","🟢 正常"))) -> 🟢 正常 | K21: =IF(H21<=$C$5,"目前無半成品應用，確認設備是否閒置或盤點未涵蓋",IF(I21>=$C$3,"多數半成品集中依賴此設備，故障影響面大，建議盤點備援製程與保養頻率",IF(I21>=$C$4,"依賴度偏高，建議列入產能與排修監控","無異常"))) -> 無異常
B22: 油炸機 | C22: =COUNTIF('18℃'!$M$5:$M$304,"V") -> 0 | D22: =COUNTIF('4℃飯'!$M$5:$M$304,"V") -> 0 | E22: =COUNTIF('4℃麵'!$N$5:$N$292,"V") -> 0 | F22: =COUNTIF('4℃其他'!$N$5:$N$304,"V") -> 0 | G22: =COUNTIF(冷凍品!$N$5:$N$304,"V") -> 0 | H22: =SUM(C22:G22) -> 0 | I22: =IF($H$9=0,0,H22/$H$9) -> 0 | J22: =IF(H22<=$C$5,"⬜ 閒置確認",IF(I22>=$C$3,"🔴 高依賴",IF(I22>=$C$4,"🟡 中度關注","🟢 正常"))) -> ⬜ 閒置確認 | K22: =IF(H22<=$C$5,"目前無半成品應用，確認設備是否閒置或盤點未涵蓋",IF(I22>=$C$3,"多數半成品集中依賴此設備，故障影響面大，建議盤點備援製程與保養頻率",IF(I22>=$C$4,"依賴度偏高，建議列入產能與排修監控","無異常"))) -> 目前無半成品應用，確認設備是否閒置或盤點未涵蓋
B23: 二重釜 | C23: =COUNTIF('18℃'!$N$5:$N$304,"V") -> 0 | D23: =COUNTIF('4℃飯'!$N$5:$N$304,"V") -> 0 | E23: =COUNTIF('4℃麵'!$O$5:$O$292,"V") -> 63 | F23: =COUNTIF('4℃其他'!$O$5:$O$304,"V") -> 14 | G23: =COUNTIF(冷凍品!$O$5:$O$304,"V") -> 14 | H23: =SUM(C23:G23) -> 91 | I23: =IF($H$9=0,0,H23/$H$9) -> 0.45959596 | J23: =IF(H23<=$C$5,"⬜ 閒置確認",IF(I23>=$C$3,"🔴 高依賴",IF(I23>=$C$4,"🟡 中度關注","🟢 正常"))) -> 🔴 高依賴 | K23: =IF(H23<=$C$5,"目前無半成品應用，確認設備是否閒置或盤點未涵蓋",IF(I23>=$C$3,"多數半成品集中依賴此設備，故障影響面大，建議盤點備援製程與保養頻率",IF(I23>=$C$4,"依賴度偏高，建議列入產能與排修監控","無異常"))) -> 多數半成品集中依賴此設備，故障影響面大，建議盤點備援製程與保養頻率
B24: 平釜(日) | C24: =COUNTIF('18℃'!$O$5:$O$304,"V") -> 0 | D24: =COUNTIF('4℃飯'!$O$5:$O$304,"V") -> 0 | E24: =COUNTIF('4℃麵'!$P$5:$P$292,"V") -> 1 | F24: =COUNTIF('4℃其他'!$P$5:$P$304,"V") -> 0 | G24: =COUNTIF(冷凍品!$P$5:$P$304,"V") -> 0 | H24: =SUM(C24:G24) -> 1 | I24: =IF($H$9=0,0,H24/$H$9) -> 0.0050505051 | J24: =IF(H24<=$C$5,"⬜ 閒置確認",IF(I24>=$C$3,"🔴 高依賴",IF(I24>=$C$4,"🟡 中度關注","🟢 正常"))) -> 🟢 正常 | K24: =IF(H24<=$C$5,"目前無半成品應用，確認設備是否閒置或盤點未涵蓋",IF(I24>=$C$3,"多數半成品集中依賴此設備，故障影響面大，建議盤點備援製程與保養頻率",IF(I24>=$C$4,"依賴度偏高，建議列入產能與排修監控","無異常"))) -> 無異常
B25: 平釜(台) | C25: =COUNTIF('18℃'!$P$5:$P$304,"V") -> 0 | D25: =COUNTIF('4℃飯'!$P$5:$P$304,"V") -> 0 | E25: =COUNTIF('4℃麵'!$Q$5:$Q$292,"V") -> 3 | F25: =COUNTIF('4℃其他'!$Q$5:$Q$304,"V") -> 0 | G25: =COUNTIF(冷凍品!$Q$5:$Q$304,"V") -> 0 | H25: =SUM(C25:G25) -> 3 | I25: =IF($H$9=0,0,H25/$H$9) -> 0.015151515 | J25: =IF(H25<=$C$5,"⬜ 閒置確認",IF(I25>=$C$3,"🔴 高依賴",IF(I25>=$C$4,"🟡 中度關注","🟢 正常"))) -> 🟢 正常 | K25: =IF(H25<=$C$5,"目前無半成品應用，確認設備是否閒置或盤點未涵蓋",IF(I25>=$C$3,"多數半成品集中依賴此設備，故障影響面大，建議盤點備援製程與保養頻率",IF(I25>=$C$4,"依賴度偏高，建議列入產能與排修監控","無異常"))) -> 無異常
B26: 蛋皮機 | C26: =COUNTIF('18℃'!$Q$5:$Q$304,"V") -> 0 | D26: =COUNTIF('4℃飯'!$Q$5:$Q$304,"V") -> 0 | E26: =COUNTIF('4℃麵'!$R$5:$R$292,"V") -> 0 | F26: =COUNTIF('4℃其他'!$R$5:$R$304,"V") -> 0 | G26: =COUNTIF(冷凍品!$R$5:$R$304,"V") -> 0 | H26: =SUM(C26:G26) -> 0 | I26: =IF($H$9=0,0,H26/$H$9) -> 0 | J26: =IF(H26<=$C$5,"⬜ 閒置確認",IF(I26>=$C$3,"🔴 高依賴",IF(I26>=$C$4,"🟡 中度關注","🟢 正常"))) -> ⬜ 閒置確認 | K26: =IF(H26<=$C$5,"目前無半成品應用，確認設備是否閒置或盤點未涵蓋",IF(I26>=$C$3,"多數半成品集中依賴此設備，故障影響面大，建議盤點備援製程與保養頻率",IF(I26>=$C$4,"依賴度偏高，建議列入產能與排修監控","無異常"))) -> 目前無半成品應用，確認設備是否閒置或盤點未涵蓋
B27: 壓力鍋 | C27: =COUNTIF('18℃'!$R$5:$R$304,"V") -> 0 | D27: =COUNTIF('4℃飯'!$R$5:$R$304,"V") -> 0 | E27: =COUNTIF('4℃麵'!$S$5:$S$292,"V") -> 0 | F27: =COUNTIF('4℃其他'!$S$5:$S$304,"V") -> 0 | G27: =COUNTIF(冷凍品!$S$5:$S$304,"V") -> 0 | H27: =SUM(C27:G27) -> 0 | I27: =IF($H$9=0,0,H27/$H$9) -> 0 | J27: =IF(H27<=$C$5,"⬜ 閒置確認",IF(I27>=$C$3,"🔴 高依賴",IF(I27>=$C$4,"🟡 中度關注","🟢 正常"))) -> ⬜ 閒置確認 | K27: =IF(H27<=$C$5,"目前無半成品應用，確認設備是否閒置或盤點未涵蓋",IF(I27>=$C$3,"多數半成品集中依賴此設備，故障影響面大，建議盤點備援製程與保養頻率",IF(I27>=$C$4,"依賴度偏高，建議列入產能與排修監控","無異常"))) -> 目前無半成品應用，確認設備是否閒置或盤點未涵蓋
B28: 無使用調理設備 | C28: =COUNTIF('18℃'!$S$5:$S$304,"V") -> 0 | D28: =COUNTIF('4℃飯'!$S$5:$S$304,"V") -> 0 | E28: =COUNTIF('4℃麵'!$T$5:$T$292,"V") -> 44 | F28: =COUNTIF('4℃其他'!$T$5:$T$304,"V") -> 4 | G28: =COUNTIF(冷凍品!$T$5:$T$304,"V") -> 3 | H28: =SUM(C28:G28) -> 51 | I28: =IF($H$9=0,0,H28/$H$9) -> 0.25757576 | J28: — | K28: 免調理半成品（外購/僅切配等），不列入設備風險評估
